episode,ticker,net_worth,growth_pct,benchmark_pct,alpha_pct,sharpe,sortino,win_rate,trades,head_grad_norm,ext_grad_norm,fus_grad_norm,is_new_best
1,AAPL,9972.69,-0.27,1.97,-2.25,-3.734,-3.263,0.5,40,0.5,0.0548,0.5,False
1,ARKK,10143.94,1.44,1.64,-0.2,3.586,5.526,0.512,41,0.5,0.0548,0.5,False
1,GLD,9989.88,-0.1,1.55,-1.65,-6.931,-5.529,0.333,39,0.5,0.0548,0.5,False
1,IWM,9948.99,-0.51,-3.77,3.26,-6.09,-4.609,0.55,40,0.5,0.0548,0.5,False
1,KRE,9978.45,-0.22,3.38,-3.59,-3.252,-2.284,0.45,40,0.5,0.0548,0.5,False
1,NFLX,10006.87,0.07,-5.61,5.68,0.644,0.615,0.59,39,0.5,0.0548,0.5,False
1,NVDA,10056.41,0.56,1.66,-1.1,3.131,3.728,0.538,39,0.5,0.0548,0.5,False
1,PYPL,9994.99,-0.05,10.05,-10.1,-1.599,-1.752,0.35,40,0.5,0.0548,0.5,False
1,QQQ,9987.01,-0.13,1.85,-1.98,-2.678,-2.447,0.4,40,0.5,0.0548,0.5,False
1,SPY,9982.5,-0.17,2.65,-2.82,-15.792,-11.871,0.375,40,0.5,0.0548,0.5,False
1,UNG,9842.43,-1.58,17.18,-18.75,-5.923,-3.668,0.442,43,0.5,0.0548,0.5,False
1,USO,10074.76,0.75,5.91,-5.16,4.519,4.946,0.718,39,0.5,0.0548,0.5,False
1,XBI,9936.9,-0.63,-5.98,5.35,-6.935,-5.147,0.381,42,0.5,0.0548,0.5,False
1,XLE,9989.84,-0.1,1.25,-1.35,-2.451,-2.441,0.513,39,0.5,0.0548,0.5,False
2,AAPL,9972.29,-0.28,12.84,-13.11,-7.292,-5.489,0.4,40,0.5,0.0988,0.5,False
2,ARKK,9951.38,-0.49,13.14,-13.63,-2.708,-2.259,0.415,41,0.5,0.0988,0.5,False
2,GLD,9973.78,-0.26,-2.05,1.79,-4.784,-5.646,0.4,40,0.5,0.0988,0.5,False
2,IWM,9981.04,-0.19,-2.64,2.45,-7.535,-5.086,0.45,40,0.5,0.0988,0.5,False
2,KRE,9975.04,-0.25,8.33,-8.58,-4.557,-3.473,0.561,41,0.5,0.0988,0.5,False
2,NFLX,9984.49,-0.16,5.19,-5.35,-2.878,-2.698,0.375,40,0.5,0.0988,0.5,False
2,NVDA,9917.44,-0.83,-2.43,1.6,-10.131,-7.677,0.395,43,0.5,0.0988,0.5,False
2,PYPL,10136.35,1.36,6.41,-5.04,6.303,7.714,0.61,41,0.5,0.0988,0.5,False
2,QQQ,9984.85,-0.15,-6.54,6.39,-4.14,-3.9,0.375,40,0.5,0.0988,0.5,False
2,SPY,9979.77,-0.2,5.2,-5.41,-3.811,-3.677,0.5,40,0.5,0.0988,0.5,False
2,UNG,9935.9,-0.64,-0.88,0.24,-3.289,-1.944,0.405,42,0.5,0.0988,0.5,False
2,USO,9949.04,-0.51,10.66,-11.17,-4.832,-3.986,0.381,42,0.5,0.0988,0.5,False
2,XBI,10182.08,1.82,4.76,-2.94,7.146,8.283,0.744,39,0.5,0.0988,0.5,False
2,XLE,9992.72,-0.07,0.01,-0.08,-0.915,-0.816,0.513,39,0.5,0.0988,0.5,False
3,AAPL,9990.61,-0.09,-5.23,5.13,-2.723,-2.324,0.4,40,0.5,0.0578,0.5,False
3,ARKK,9942.8,-0.57,12.46,-13.04,-2.74,-1.68,0.537,41,0.5,0.0578,0.5,False
3,GLD,9986.35,-0.14,1.07,-1.21,-4.891,-3.039,0.45,40,0.5,0.0578,0.5,False
3,IWM,9980.61,-0.19,3.95,-4.15,-6.24,-4.624,0.475,40,0.5,0.0578,0.5,False
3,KRE,9951.61,-0.48,2.07,-2.56,-9.984,-6.467,0.3,40,0.5,0.0578,0.5,False
3,NFLX,10011.76,0.12,-5.45,5.56,0.772,0.776,0.55,40,0.5,0.0578,0.5,False
3,NVDA,10219.2,2.19,10.83,-8.64,10.669,13.046,0.575,40,0.5,0.0578,0.5,False
3,PYPL,9989.79,-0.1,3.85,-3.95,-1.271,-1.429,0.463,41,0.5,0.0578,0.5,False
3,QQQ,9983.31,-0.17,3.4,-3.56,-5.19,-4.788,0.366,41,0.5,0.0578,0.5,False
3,SPY,9980.1,-0.2,7.08,-7.28,-5.858,-5.145,0.475,40,0.5,0.0578,0.5,False
3,UNG,9917.9,-0.82,-10.81,9.99,-7.2,-5.478,0.432,44,0.5,0.0578,0.5,False
3,USO,10025.97,0.26,-8.93,9.19,0.951,0.769,0.55,40,0.5,0.0578,0.5,False
3,XBI,9972.42,-0.28,-5.25,4.97,-3.479,-3.066,0.415,41,0.5,0.0578,0.5,False
3,XLE,9982.96,-0.17,-6.87,6.7,-2.902,-2.511,0.45,40,0.5,0.0578,0.5,False
4,AAPL,9988.09,-0.12,-0.62,0.5,-0.676,-0.634,0.585,41,0.5,0.2144,0.5,False
4,ARKK,10177.51,1.78,-11.46,13.24,5.913,5.923,0.675,40,0.5,0.2144,0.5,False
4,GLD,9978.32,-0.22,-2.4,2.18,-5.357,-4.135,0.375,40,0.5,0.2144,0.5,False
4,IWM,9986.1,-0.14,2.7,-2.84,-2.861,-2.395,0.512,41,0.5,0.2144,0.5,False
4,KRE,9962.68,-0.37,2.02,-2.39,-10.549,-7.115,0.415,41,0.5,0.2144,0.5,False
4,NFLX,9963.0,-0.37,-15.96,15.59,-2.285,-2.139,0.525,40,0.5,0.2144,0.5,False
4,NVDA,9990.48,-0.1,8.6,-8.7,-1.373,-1.02,0.475,40,0.5,0.2144,0.5,False
4,PYPL,10030.04,0.3,2.62,-2.32,2.422,2.255,0.65,40,0.5,0.2144,0.5,False
4,QQQ,9987.3,-0.13,6.46,-6.58,-1.072,-0.838,0.525,40,0.5,0.2144,0.5,False
4,SPY,9980.61,-0.19,3.79,-3.98,-2.557,-1.7,0.436,39,0.5,0.2144,0.5,False
4,UNG,9972.27,-0.28,-24.71,24.44,-2.942,-2.82,0.395,43,0.5,0.2144,0.5,False
4,USO,9883.76,-1.16,3.44,-4.6,-7.279,-5.182,0.488,43,0.5,0.2144,0.5,False
4,XBI,10002.26,0.02,4.09,-4.07,0.125,0.118,0.5,40,0.5,0.2144,0.5,False
4,XLE,9943.29,-0.57,-0.51,-0.06,-4.422,-2.58,0.45,40,0.5,0.2144,0.5,False
5,AAPL,9981.43,-0.19,-2.87,2.68,-5.978,-5.674,0.35,40,0.4994,0.1297,0.5,False
5,ARKK,9966.99,-0.33,11.97,-12.3,-7.104,-5.989,0.425,40,0.4994,0.1297,0.5,False
5,GLD,9990.91,-0.09,-0.19,0.1,-3.692,-2.389,0.5,40,0.4994,0.1297,0.5,False
5,IWM,9955.35,-0.45,-3.1,2.65,-11.148,-8.957,0.225,40,0.4994,0.1297,0.5,False
5,KRE,10086.74,0.87,-3.57,4.44,3.843,4.123,0.561,41,0.4994,0.1297,0.5,False
5,NFLX,9951.12,-0.49,13.92,-14.41,-8.787,-6.507,0.537,41,0.4994,0.1297,0.5,False
5,NVDA,9974.26,-0.26,2.43,-2.69,-4.237,-3.537,0.293,41,0.4994,0.1297,0.5,False
5,PYPL,9984.43,-0.16,6.21,-6.37,-3.995,-3.469,0.425,40,0.4994,0.1297,0.5,False
5,QQQ,9991.15,-0.09,-4.52,4.43,-0.809,-0.857,0.45,40,0.4994,0.1297,0.5,False
5,SPY,9984.84,-0.15,4.51,-4.66,-6.098,-5.357,0.308,39,0.4994,0.1297,0.5,False
5,UNG,9818.04,-1.82,-36.37,34.55,-3.941,-2.185,0.455,44,0.4994,0.1297,0.5,False
5,USO,10208.54,2.09,9.11,-7.03,9.863,13.921,0.6,40,0.4994,0.1297,0.5,False
5,XBI,9978.96,-0.21,-0.85,0.64,-6.901,-5.547,0.4,40,0.4994,0.1297,0.5,False
5,XLE,9978.24,-0.22,12.73,-12.94,-2.744,-2.11,0.463,41,0.4994,0.1297,0.5,False
6,AAPL,9978.29,-0.22,5.79,-6.0,-3.761,-3.288,0.45,40,0.5,0.0668,0.5,True
6,ARKK,9964.73,-0.35,-7.78,7.42,-5.415,-4.41,0.415,41,0.5,0.0668,0.5,True
6,GLD,9998.37,-0.02,2.7,-2.72,-0.526,-0.969,0.41,39,0.5,0.0668,0.5,True
6,IWM,9976.43,-0.24,-3.01,2.78,-3.058,-2.732,0.425,40,0.5,0.0668,0.5,True
6,KRE,9973.93,-0.26,5.57,-5.83,-7.798,-5.456,0.425,40,0.5,0.0668,0.5,True
6,NFLX,10007.63,0.08,-8.91,8.98,0.615,0.552,0.359,39,0.5,0.0668,0.5,True
6,NVDA,10025.87,0.26,23.93,-23.67,1.138,0.952,0.6,40,0.5,0.0668,0.5,True
6,PYPL,10095.77,0.96,4.44,-3.48,5.004,4.861,0.561,41,0.5,0.0668,0.5,True
6,QQQ,9948.13,-0.52,-8.93,8.41,-10.666,-6.739,0.415,41,0.5,0.0668,0.5,True
6,SPY,9973.65,-0.26,3.34,-3.6,-6.567,-4.739,0.325,40,0.5,0.0668,0.5,True
6,UNG,10171.3,1.71,-10.9,12.62,3.689,4.228,0.439,41,0.5,0.0668,0.5,True
6,USO,9953.83,-0.46,-4.05,3.59,-1.872,-1.593,0.561,41,0.5,0.0668,0.5,True
6,XBI,9980.94,-0.19,0.68,-0.88,-1.65,-1.588,0.39,41,0.5,0.0668,0.5,True
6,XLE,10027.3,0.27,6.57,-6.29,6.039,6.629,0.5,40,0.5,0.0668,0.5,True
7,AAPL,10054.38,0.54,3.69,-3.15,3.207,3.603,0.55,40,0.4771,0.1022,0.5,False
7,ARKK,9971.89,-0.28,-13.16,12.88,-3.846,-3.808,0.452,42,0.4771,0.1022,0.5,False
7,GLD,9997.04,-0.03,-4.55,4.52,-1.024,-1.258,0.513,39,0.4771,0.1022,0.5,False
7,IWM,10000.63,0.01,5.9,-5.89,0.178,0.175,0.564,39,0.4771,0.1022,0.5,False
7,KRE,9983.68,-0.16,-1.88,1.72,-2.778,-2.044,0.475,40,0.4771,0.1022,0.5,False
7,NFLX,9971.73,-0.28,-11.38,11.1,-1.818,-1.642,0.463,41,0.4771,0.1022,0.5,False
7,NVDA,9916.37,-0.84,7.7,-8.54,-4.312,-4.309,0.476,42,0.4771,0.1022,0.5,False
7,PYPL,9973.68,-0.26,8.66,-8.93,-4.226,-3.848,0.415,41,0.4771,0.1022,0.5,False
7,QQQ,9999.93,-0.0,7.56,-7.56,0.009,0.01,0.45,40,0.4771,0.1022,0.5,False
7,SPY,10003.79,0.04,-1.62,1.66,0.336,0.297,0.55,40,0.4771,0.1022,0.5,False
7,UNG,10141.7,1.42,7.79,-6.38,3.897,4.64,0.561,41,0.4771,0.1022,0.5,False
7,USO,9974.31,-0.26,1.45,-1.71,-4.442,-2.963,0.5,40,0.4771,0.1022,0.5,False
7,XBI,9959.52,-0.4,7.03,-7.43,-2.538,-1.902,0.575,40,0.4771,0.1022,0.5,False
7,XLE,9980.09,-0.2,13.52,-13.72,-4.249,-4.216,0.359,39,0.4771,0.1022,0.5,False
8,AAPL,9987.6,-0.12,0.66,-0.79,-1.098,-1.049,0.463,41,0.4957,0.1213,0.5,False
8,ARKK,9980.13,-0.2,1.43,-1.63,-0.78,-0.596,0.575,40,0.4957,0.1213,0.5,False
8,GLD,9990.71,-0.09,1.06,-1.16,-7.086,-5.309,0.333,39,0.4957,0.1213,0.5,False
8,IWM,9993.72,-0.06,-6.73,6.67,-0.674,-0.715,0.6,40,0.4957,0.1213,0.5,False
8,KRE,9960.78,-0.39,-2.29,1.89,-10.536,-7.504,0.55,40,0.4957,0.1213,0.5,False
8,NFLX,9946.65,-0.53,0.13,-0.66,-6.413,-4.568,0.512,41,0.4957,0.1213,0.5,False
8,NVDA,10083.65,0.84,15.05,-14.21,5.845,7.689,0.475,40,0.4957,0.1213,0.5,False
8,PYPL,9990.1,-0.1,-11.17,11.07,-3.081,-2.441,0.525,40,0.4957,0.1213,0.5,False
8,QQQ,9986.04,-0.14,-1.34,1.2,-2.635,-1.952,0.359,39,0.4957,0.1213,0.5,False
8,SPY,10039.36,0.39,5.84,-5.45,7.908,10.752,0.5,40,0.4957,0.1213,0.5,False
8,UNG,9951.93,-0.48,-18.46,17.98,-2.541,-1.636,0.537,41,0.4957,0.1213,0.5,False
8,USO,9954.06,-0.46,-11.71,11.25,-1.411,-1.234,0.585,41,0.4957,0.1213,0.5,False
8,XBI,9978.25,-0.22,-6.8,6.58,-2.738,-2.335,0.4,40,0.4957,0.1213,0.5,False
8,XLE,9928.08,-0.72,12.25,-12.97,-3.048,-1.915,0.513,39,0.4957,0.1213,0.5,False
9,AAPL,10022.65,0.23,-0.28,0.51,3.058,3.045,0.6,40,0.448,0.2499,0.5,False
9,ARKK,9981.87,-0.18,12.09,-12.28,-0.653,-0.553,0.475,40,0.448,0.2499,0.5,False
9,GLD,9998.71,-0.01,1.29,-1.31,-0.475,-0.649,0.425,40,0.448,0.2499,0.5,False
9,IWM,9990.95,-0.09,-0.06,-0.03,-2.35,-2.15,0.45,40,0.448,0.2499,0.5,False
9,KRE,10059.67,0.6,3.25,-2.65,3.222,2.978,0.525,40,0.448,0.2499,0.5,False
9,NFLX,9898.11,-1.02,9.95,-10.97,-5.61,-4.593,0.45,40,0.448,0.2499,0.5,False
9,NVDA,10008.77,0.09,6.29,-6.2,0.536,0.461,0.45,40,0.448,0.2499,0.5,False
9,PYPL,9979.21,-0.21,-8.59,8.38,-4.255,-3.717,0.341,41,0.448,0.2499,0.5,False
9,QQQ,9965.88,-0.34,-3.31,2.97,-11.076,-8.325,0.475,40,0.448,0.2499,0.5,False
9,SPY,9961.08,-0.39,-2.61,2.22,-7.266,-5.386,0.525,40,0.448,0.2499,0.5,False
9,UNG,9964.89,-0.35,2.36,-2.71,-7.394,-5.448,0.475,40,0.448,0.2499,0.5,False
9,USO,10126.69,1.27,1.56,-0.29,5.07,6.337,0.488,41,0.448,0.2499,0.5,False
9,XBI,9959.21,-0.41,-0.7,0.29,-4.138,-3.962,0.475,40,0.448,0.2499,0.5,False
9,XLE,9972.71,-0.27,3.62,-3.89,-6.51,-4.181,0.425,40,0.448,0.2499,0.5,False
10,AAPL,10051.46,0.51,9.29,-8.78,6.901,11.46,0.526,38,0.4724,0.0755,0.5,False
10,ARKK,9960.76,-0.39,13.73,-14.13,-5.55,-4.565,0.475,40,0.4724,0.0755,0.5,False
10,GLD,9984.81,-0.15,-0.74,0.59,-2.546,-2.647,0.4,40,0.4724,0.0755,0.5,False
10,IWM,9982.38,-0.18,1.17,-1.34,-3.905,-3.254,0.525,40,0.4724,0.0755,0.5,False
10,KRE,10038.34,0.38,2.32,-1.94,2.849,2.334,0.55,40,0.4724,0.0755,0.5,False
10,NFLX,9979.4,-0.21,5.85,-6.06,-5.797,-5.691,0.425,40,0.4724,0.0755,0.5,False
10,NVDA,9914.65,-0.85,-1.37,0.52,-6.182,-5.219,0.429,42,0.4724,0.0755,0.5,False
10,PYPL,9965.17,-0.35,-5.88,5.53,-3.928,-3.269,0.5,40,0.4724,0.0755,0.5,False
10,QQQ,9975.82,-0.24,1.32,-1.56,-6.164,-6.081,0.375,40,0.4724,0.0755,0.5,False
10,SPY,9980.86,-0.19,1.18,-1.37,-11.233,-8.436,0.436,39,0.4724,0.0755,0.5,False
10,UNG,9885.3,-1.15,-7.53,6.38,-3.868,-2.714,0.568,44,0.4724,0.0755,0.5,False
10,USO,9946.06,-0.54,6.48,-7.02,-4.221,-3.237,0.525,40,0.4724,0.0755,0.5,False
10,XBI,9891.34,-1.09,-7.55,6.46,-6.258,-5.024,0.39,41,0.4724,0.0755,0.5,False
10,XLE,9947.35,-0.53,8.93,-9.46,-6.715,-4.756,0.5,40,0.4724,0.0755,0.5,False
11,AAPL,10040.71,0.41,3.22,-2.81,2.75,2.828,0.488,41,0.3058,0.1291,0.45,False
11,ARKK,9994.0,-0.06,9.62,-9.68,-0.424,-0.424,0.487,39,0.3058,0.1291,0.45,False
11,GLD,10032.53,0.33,1.73,-1.41,5.747,8.546,0.487,39,0.3058,0.1291,0.45,False
11,IWM,9969.46,-0.31,6.89,-7.19,-3.319,-2.43,0.35,40,0.3058,0.1291,0.45,False
11,KRE,9985.26,-0.15,-3.48,3.33,-2.755,-2.192,0.55,40,0.3058,0.1291,0.45,False
11,NFLX,9883.51,-1.16,40.88,-42.05,-8.811,-5.527,0.3,40,0.3058,0.1291,0.45,False
11,NVDA,9997.71,-0.02,7.41,-7.43,-0.237,-0.323,0.512,41,0.3058,0.1291,0.45,False
11,PYPL,10150.24,1.5,-8.16,9.66,5.574,7.477,0.625,40,0.3058,0.1291,0.45,False
11,QQQ,9973.56,-0.26,-4.32,4.06,-2.03,-1.66,0.55,40,0.3058,0.1291,0.45,False
11,SPY,9980.75,-0.19,3.86,-4.06,-2.807,-2.995,0.462,39,0.3058,0.1291,0.45,False
11,UNG,10114.67,1.15,4.21,-3.06,2.82,2.348,0.488,41,0.3058,0.1291,0.45,False
11,USO,9978.32,-0.22,-6.74,6.53,-0.968,-1.179,0.463,41,0.3058,0.1291,0.45,False
11,XBI,10020.54,0.21,4.48,-4.27,1.176,1.685,0.425,40,0.3058,0.1291,0.45,False
11,XLE,9927.82,-0.72,6.98,-7.7,-6.182,-3.684,0.5,40,0.3058,0.1291,0.45,False
12,AAPL,9964.36,-0.36,-9.56,9.2,-11.132,-8.946,0.45,40,0.4796,0.0836,0.5,True
12,ARKK,9969.09,-0.31,-14.02,13.71,-2.107,-2.353,0.476,42,0.4796,0.0836,0.5,True
12,GLD,9989.57,-0.1,-1.44,1.34,-7.252,-5.891,0.3,40,0.4796,0.0836,0.5,True
12,IWM,9984.5,-0.15,-1.38,1.23,-1.67,-1.584,0.525,40,0.4796,0.0836,0.5,True
12,KRE,10110.31,1.1,-6.92,8.02,5.865,7.46,0.692,39,0.4796,0.0836,0.5,True
12,NFLX,9985.36,-0.15,9.08,-9.23,-2.722,-2.408,0.525,40,0.4796,0.0836,0.5,True
12,NVDA,10161.54,1.62,-1.12,2.73,6.76,7.314,0.575,40,0.4796,0.0836,0.5,True
12,PYPL,9957.09,-0.43,0.43,-0.86,-9.794,-7.179,0.561,41,0.4796,0.0836,0.5,True
12,QQQ,9990.84,-0.09,4.21,-4.3,-1.006,-0.819,0.488,41,0.4796,0.0836,0.5,True
12,SPY,10113.47,1.13,2.01,-0.87,13.8,19.212,0.641,39,0.4796,0.0836,0.5,True
12,UNG,9984.65,-0.15,14.14,-14.29,-0.732,-0.622,0.561,41,0.4796,0.0836,0.5,True
12,USO,10073.35,0.73,3.12,-2.38,4.885,5.295,0.525,40,0.4796,0.0836,0.5,True
12,XBI,9974.45,-0.26,-0.4,0.14,-9.767,-7.005,0.4,40,0.4796,0.0836,0.5,True
12,XLE,9950.79,-0.49,5.54,-6.04,-7.563,-4.485,0.415,41,0.4796,0.0836,0.5,True
13,AAPL,9970.8,-0.29,8.68,-8.97,-6.548,-5.238,0.439,41,0.3961,0.0209,0.5,False
13,ARKK,9991.04,-0.09,-11.21,11.12,-1.159,-1.014,0.415,41,0.3961,0.0209,0.5,False
13,GLD,9987.16,-0.13,1.04,-1.17,-5.584,-5.452,0.45,40,0.3961,0.0209,0.5,False
13,IWM,9982.21,-0.18,-7.62,7.44,-4.335,-4.115,0.512,41,0.3961,0.0209,0.5,False
13,KRE,9957.99,-0.42,9.93,-10.35,-11.105,-8.44,0.45,40,0.3961,0.0209,0.5,False
13,NFLX,9945.7,-0.54,-9.45,8.9,-3.729,-3.577,0.425,40,0.3961,0.0209,0.5,False
13,NVDA,9974.65,-0.25,-10.09,9.84,-3.589,-2.883,0.475,40,0.3961,0.0209,0.5,False
13,PYPL,10031.2,0.31,-4.57,4.88,1.992,1.415,0.575,40,0.3961,0.0209,0.5,False
13,QQQ,9985.68,-0.14,6.54,-6.68,-4.078,-4.312,0.475,40,0.3961,0.0209,0.5,False
13,SPY,9998.57,-0.01,0.7,-0.71,-1.004,-0.933,0.5,40,0.3961,0.0209,0.5,False
13,UNG,9920.21,-0.8,1.11,-1.91,-7.824,-5.41,0.405,42,0.3961,0.0209,0.5,False
13,USO,9921.08,-0.79,7.18,-7.96,-9.72,-6.077,0.35,40,0.3961,0.0209,0.5,False
13,XBI,10496.63,4.97,-4.89,9.86,17.684,20.58,0.75,40,0.3961,0.0209,0.5,False
13,XLE,9955.1,-0.45,8.59,-9.04,-4.62,-3.384,0.375,40,0.3961,0.0209,0.5,False
14,AAPL,9984.43,-0.16,10.11,-10.26,-3.568,-2.819,0.525,40,0.4171,0.0458,0.5,False
14,ARKK,9983.05,-0.17,-7.28,7.11,-0.624,-0.492,0.6,40,0.4171,0.0458,0.5,False
14,GLD,9974.71,-0.25,2.49,-2.75,-9.455,-6.198,0.35,40,0.4171,0.0458,0.5,False
14,IWM,9977.56,-0.22,3.31,-3.53,-9.668,-7.476,0.375,40,0.4171,0.0458,0.5,False
14,KRE,9980.7,-0.19,-9.94,9.74,-4.609,-3.721,0.366,41,0.4171,0.0458,0.5,False
14,NFLX,9962.55,-0.37,3.16,-3.54,-5.766,-5.086,0.4,40,0.4171,0.0458,0.5,False
14,NVDA,9905.54,-0.94,-15.22,14.27,-9.548,-7.172,0.439,41,0.4171,0.0458,0.5,False
14,PYPL,9975.04,-0.25,0.59,-0.84,-6.641,-5.023,0.439,41,0.4171,0.0458,0.5,False
14,QQQ,10072.98,0.73,-3.35,4.08,5.998,7.273,0.55,40,0.4171,0.0458,0.5,False
14,SPY,9992.07,-0.08,0.44,-0.52,-4.935,-4.176,0.308,39,0.4171,0.0458,0.5,False
14,UNG,9990.88,-0.09,12.27,-12.36,-1.503,-1.207,0.465,43,0.4171,0.0458,0.5,False
14,USO,10186.93,1.87,-1.13,3.0,7.02,11.862,0.6,40,0.4171,0.0458,0.5,False
14,XBI,9972.34,-0.28,-1.6,1.32,-2.37,-2.719,0.475,40,0.4171,0.0458,0.5,False
14,XLE,9974.9,-0.25,-3.76,3.51,-1.516,-1.133,0.561,41,0.4171,0.0458,0.5,False
15,AAPL,9990.53,-0.09,0.43,-0.52,-1.43,-1.117,0.575,40,0.3954,0.137,0.5,False
15,ARKK,9970.68,-0.29,5.77,-6.06,-2.152,-2.11,0.487,39,0.3954,0.137,0.5,False
15,GLD,9955.66,-0.44,-1.21,0.77,-8.218,-5.057,0.275,40,0.3954,0.137,0.5,False
15,IWM,10103.71,1.04,3.04,-2.01,5.415,5.875,0.585,41,0.3954,0.137,0.5,False
15,KRE,9962.62,-0.37,5.14,-5.51,-3.464,-2.578,0.475,40,0.3954,0.137,0.5,False
15,NFLX,9963.22,-0.37,-1.11,0.74,-7.921,-7.371,0.366,41,0.3954,0.137,0.5,False
15,NVDA,9949.69,-0.5,-1.46,0.96,-6.893,-5.609,0.429,42,0.3954,0.137,0.5,False
15,PYPL,9924.66,-0.75,7.55,-8.3,-3.63,-3.094,0.429,42,0.3954,0.137,0.5,False
15,QQQ,9987.76,-0.12,1.93,-2.05,-1.819,-1.444,0.475,40,0.3954,0.137,0.5,False
15,SPY,9990.73,-0.09,3.16,-3.26,-5.384,-4.746,0.325,40,0.3954,0.137,0.5,False
15,UNG,9961.56,-0.38,14.57,-14.95,-7.275,-5.38,0.405,42,0.3954,0.137,0.5,False
15,USO,9973.51,-0.26,1.18,-1.44,-0.947,-0.743,0.488,41,0.3954,0.137,0.5,False
15,XBI,9975.06,-0.25,8.23,-8.48,-1.833,-1.868,0.575,40,0.3954,0.137,0.5,False
15,XLE,9985.69,-0.14,-3.17,3.03,-3.373,-3.265,0.3,40,0.3954,0.137,0.5,False
16,AAPL,9970.69,-0.29,-2.47,2.18,-7.122,-6.066,0.415,41,0.2915,0.0323,0.4992,False
16,ARKK,9952.48,-0.48,3.03,-3.51,-8.549,-7.343,0.381,42,0.2915,0.0323,0.4992,False
16,GLD,10011.83,0.12,-1.0,1.11,1.873,1.742,0.513,39,0.2915,0.0323,0.4992,False
16,IWM,10018.03,0.18,-1.73,1.91,2.796,2.477,0.55,40,0.2915,0.0323,0.4992,False
16,KRE,9951.96,-0.48,-4.73,4.25,-8.82,-5.608,0.425,40,0.2915,0.0323,0.4992,False
16,NFLX,9991.14,-0.09,-1.81,1.72,-0.652,-0.61,0.513,39,0.2915,0.0323,0.4992,False
16,NVDA,9936.74,-0.63,-14.42,13.79,-4.117,-3.35,0.595,42,0.2915,0.0323,0.4992,False
16,PYPL,9976.72,-0.23,-0.57,0.34,-2.832,-2.393,0.4,40,0.2915,0.0323,0.4992,False
16,QQQ,9975.49,-0.25,0.48,-0.73,-4.257,-3.678,0.641,39,0.2915,0.0323,0.4992,False
16,SPY,9971.57,-0.28,1.48,-1.76,-10.19,-7.722,0.5,40,0.2915,0.0323,0.4992,False
16,UNG,9971.34,-0.29,6.4,-6.69,-3.755,-3.366,0.405,42,0.2915,0.0323,0.4992,False
16,USO,10012.59,0.13,9.79,-9.67,0.857,0.89,0.415,41,0.2915,0.0323,0.4992,False
16,XBI,10145.51,1.46,2.75,-1.3,5.748,5.927,0.525,40,0.2915,0.0323,0.4992,False
16,XLE,10009.56,0.1,-8.38,8.48,0.453,0.529,0.41,39,0.2915,0.0323,0.4992,False
17,AAPL,9991.31,-0.09,0.21,-0.3,-0.653,-0.631,0.575,40,0.3386,0.0765,0.5,False
17,ARKK,9970.07,-0.3,-8.8,8.5,-5.763,-5.102,0.488,41,0.3386,0.0765,0.5,False
17,GLD,9990.43,-0.1,0.58,-0.67,-8.182,-5.858,0.375,40,0.3386,0.0765,0.5,False
17,IWM,9994.88,-0.05,8.62,-8.68,-1.334,-0.98,0.5,40,0.3386,0.0765,0.5,False
17,KRE,9970.16,-0.3,6.01,-6.3,-7.481,-6.522,0.5,40,0.3386,0.0765,0.5,False
17,NFLX,10205.39,2.05,5.04,-2.99,6.996,7.659,0.65,40,0.3386,0.0765,0.5,False
17,NVDA,9933.78,-0.66,-9.35,8.69,-4.677,-2.952,0.537,41,0.3386,0.0765,0.5,False
17,PYPL,9965.26,-0.35,1.8,-2.15,-3.983,-3.921,0.45,40,0.3386,0.0765,0.5,False
17,QQQ,9971.46,-0.29,-9.48,9.2,-4.529,-3.894,0.439,41,0.3386,0.0765,0.5,False
17,SPY,9935.19,-0.65,2.03,-2.67,-5.457,-3.046,0.525,40,0.3386,0.0765,0.5,False
17,UNG,10367.67,3.68,2.13,1.55,6.936,5.088,0.683,41,0.3386,0.0765,0.5,False
17,USO,9961.23,-0.39,1.7,-2.08,-2.811,-2.067,0.452,42,0.3386,0.0765,0.5,False
17,XBI,9977.86,-0.22,2.36,-2.59,-1.985,-1.842,0.487,39,0.3386,0.0765,0.5,False
17,XLE,9952.54,-0.47,2.28,-2.75,-11.988,-9.713,0.5,40,0.3386,0.0765,0.5,False
18,AAPL,10189.53,1.9,-5.06,6.95,12.164,21.434,0.65,40,0.3454,0.2155,0.5,False
18,ARKK,9985.15,-0.15,-8.24,8.1,-3.066,-2.517,0.462,39,0.3454,0.2155,0.5,False
18,GLD,10020.2,0.2,-5.06,5.26,2.256,2.675,0.45,40,0.3454,0.2155,0.5,False
18,IWM,10025.37,0.25,-6.27,6.52,1.636,1.336,0.561,41,0.3454,0.2155,0.5,False
18,KRE,9989.44,-0.11,-0.33,0.23,-3.236,-2.656,0.5,40,0.3454,0.2155,0.5,False
18,NFLX,9970.9,-0.29,7.17,-7.46,-7.016,-5.783,0.45,40,0.3454,0.2155,0.5,False
18,NVDA,9944.21,-0.56,-1.41,0.85,-8.224,-6.182,0.366,41,0.3454,0.2155,0.5,False
18,PYPL,10003.3,0.03,5.63,-5.6,1.799,1.75,0.475,40,0.3454,0.2155,0.5,False
18,QQQ,9996.95,-0.03,1.98,-2.01,-0.329,-0.339,0.525,40,0.3454,0.2155,0.5,False
18,SPY,9970.1,-0.3,2.32,-2.62,-10.504,-8.354,0.325,40,0.3454,0.2155,0.5,False
18,UNG,10169.05,1.69,-5.01,6.7,4.701,5.614,0.512,41,0.3454,0.2155,0.5,False
18,USO,9951.86,-0.48,12.17,-12.65,-7.869,-5.955,0.415,41,0.3454,0.2155,0.5,False
18,XBI,9983.12,-0.17,-3.74,3.57,-1.876,-1.569,0.5,40,0.3454,0.2155,0.5,False
18,XLE,9987.62,-0.12,5.89,-6.02,-3.375,-2.613,0.5,40,0.3454,0.2155,0.5,False
19,AAPL,9990.43,-0.1,-0.39,0.29,-5.082,-4.879,0.475,40,0.303,0.0647,0.5,False
19,ARKK,9990.27,-0.1,9.37,-9.47,-0.816,-0.776,0.5,40,0.303,0.0647,0.5,False
19,GLD,9961.66,-0.38,-1.72,1.33,-5.31,-3.724,0.429,42,0.303,0.0647,0.5,False
19,IWM,9984.21,-0.16,3.33,-3.49,-1.637,-1.804,0.475,40,0.303,0.0647,0.5,False
19,KRE,10145.64,1.46,2.34,-0.89,8.364,11.405,0.615,39,0.303,0.0647,0.5,False
19,NFLX,10009.69,0.1,-3.35,3.44,0.528,0.542,0.45,40,0.303,0.0647,0.5,False
19,NVDA,9978.68,-0.21,0.64,-0.85,-4.729,-4.216,0.439,41,0.303,0.0647,0.5,False
19,PYPL,9975.53,-0.24,-1.38,1.13,-4.457,-4.355,0.488,41,0.303,0.0647,0.5,False
19,QQQ,9991.44,-0.09,-1.58,1.49,-3.96,-3.41,0.45,40,0.303,0.0647,0.5,False
19,SPY,9968.62,-0.31,0.24,-0.55,-9.791,-6.783,0.4,40,0.303,0.0647,0.5,False
19,UNG,9913.12,-0.87,18.53,-19.4,-3.882,-2.414,0.452,42,0.303,0.0647,0.5,False
19,USO,9967.03,-0.33,6.79,-7.12,-6.094,-4.982,0.537,41,0.303,0.0647,0.5,False
19,XBI,9994.96,-0.05,-4.37,4.32,-0.384,-0.35,0.45,40,0.303,0.0647,0.5,False
19,XLE,10068.58,0.69,-0.81,1.49,4.16,5.376,0.55,40,0.303,0.0647,0.5,False
20,AAPL,9962.65,-0.37,3.91,-4.29,-8.144,-5.584,0.375,40,0.3022,0.1234,0.5,False
20,ARKK,9960.5,-0.39,4.63,-5.02,-5.027,-3.296,0.488,41,0.3022,0.1234,0.5,False
20,GLD,9993.86,-0.06,-5.22,5.16,-4.189,-5.238,0.4,40,0.3022,0.1234,0.5,False
20,IWM,10034.63,0.35,0.88,-0.53,3.9,4.491,0.538,39,0.3022,0.1234,0.5,False
20,KRE,10016.78,0.17,1.4,-1.24,1.621,1.953,0.5,40,0.3022,0.1234,0.5,False
20,NFLX,9977.76,-0.22,0.66,-0.89,-2.327,-1.977,0.525,40,0.3022,0.1234,0.5,False
20,NVDA,9974.19,-0.26,13.12,-13.38,-5.434,-4.854,0.5,40,0.3022,0.1234,0.5,False
20,PYPL,9951.33,-0.49,-14.15,13.66,-7.893,-5.614,0.341,41,0.3022,0.1234,0.5,False
20,QQQ,10009.88,0.1,7.82,-7.72,1.193,1.137,0.35,40,0.3022,0.1234,0.5,False
20,SPY,9991.91,-0.08,1.24,-1.32,-6.371,-5.124,0.538,39,0.3022,0.1234,0.5,False
20,UNG,9906.28,-0.94,5.3,-6.23,-2.493,-1.805,0.429,42,0.3022,0.1234,0.5,False
20,USO,9990.94,-0.09,-0.78,0.69,-2.477,-2.519,0.341,41,0.3022,0.1234,0.5,False
20,XBI,9979.39,-0.21,-0.07,-0.14,-5.233,-4.666,0.5,40,0.3022,0.1234,0.5,False
20,XLE,9979.67,-0.2,9.64,-9.85,-5.992,-5.7,0.463,41,0.3022,0.1234,0.5,False
21,AAPL,10001.71,0.02,5.37,-5.35,0.23,0.308,0.375,40,0.249,0.0634,0.4984,False
21,ARKK,9950.96,-0.49,-2.3,1.81,-4.27,-3.502,0.488,41,0.249,0.0634,0.4984,False
21,GLD,10019.86,0.2,4.03,-3.83,2.373,2.476,0.5,40,0.249,0.0634,0.4984,False
21,IWM,9999.39,-0.01,-2.93,2.93,-0.253,-0.303,0.45,40,0.249,0.0634,0.4984,False
21,KRE,10035.31,0.35,9.14,-8.78,2.967,3.006,0.6,40,0.249,0.0634,0.4984,False
21,NFLX,9980.9,-0.19,-3.35,3.15,-2.731,-2.488,0.524,42,0.249,0.0634,0.4984,False
21,NVDA,10061.89,0.62,9.76,-9.15,5.46,5.972,0.525,40,0.249,0.0634,0.4984,False
21,PYPL,10062.35,0.62,4.63,-4.01,5.977,6.101,0.65,40,0.249,0.0634,0.4984,False
21,QQQ,10027.11,0.27,0.46,-0.19,3.653,4.471,0.487,39,0.249,0.0634,0.4984,False
21,SPY,9994.22,-0.06,3.21,-3.27,-4.572,-4.198,0.375,40,0.249,0.0634,0.4984,False
21,UNG,9924.43,-0.76,37.96,-38.71,-2.851,-1.681,0.442,43,0.249,0.0634,0.4984,False
21,USO,9977.91,-0.22,3.6,-3.82,-4.249,-3.822,0.487,39,0.249,0.0634,0.4984,False
21,XBI,9936.32,-0.64,4.83,-5.47,-7.332,-6.206,0.561,41,0.249,0.0634,0.4984,False
21,XLE,9982.22,-0.18,-2.26,2.08,-3.67,-2.875,0.4,40,0.249,0.0634,0.4984,False
22,AAPL,9950.18,-0.5,0.89,-1.39,-6.215,-4.321,0.476,42,0.4945,0.0389,0.5,False
22,ARKK,9961.13,-0.39,3.9,-4.29,-1.387,-1.274,0.452,42,0.4945,0.0389,0.5,False
22,GLD,9989.66,-0.1,-1.33,1.23,-2.356,-2.161,0.385,39,0.4945,0.0389,0.5,False
22,IWM,9986.2,-0.14,6.26,-6.4,-5.848,-5.869,0.512,41,0.4945,0.0389,0.5,False
22,KRE,9994.85,-0.05,7.51,-7.56,-0.942,-0.91,0.475,40,0.4945,0.0389,0.5,False
22,NFLX,9998.06,-0.02,-2.97,2.95,-0.449,-0.453,0.5,40,0.4945,0.0389,0.5,False
22,NVDA,9935.04,-0.65,2.46,-3.11,-3.105,-2.242,0.61,41,0.4945,0.0389,0.5,False
22,PYPL,9988.36,-0.12,-8.4,8.29,-1.635,-1.645,0.429,42,0.4945,0.0389,0.5,False
22,QQQ,9984.15,-0.16,3.08,-3.24,-5.096,-3.909,0.35,40,0.4945,0.0389,0.5,False
22,SPY,9974.93,-0.25,3.76,-4.01,-11.067,-7.589,0.425,40,0.4945,0.0389,0.5,False
22,UNG,9879.06,-1.21,-10.03,8.82,-7.6,-5.873,0.326,43,0.4945,0.0389,0.5,False
22,USO,9942.07,-0.58,1.24,-1.82,-3.633,-2.454,0.415,41,0.4945,0.0389,0.5,False
22,XBI,9974.5,-0.25,1.73,-1.99,-3.068,-2.815,0.3,40,0.4945,0.0389,0.5,False
22,XLE,9981.94,-0.18,-5.26,5.08,-1.395,-1.517,0.488,41,0.4945,0.0389,0.5,False
23,AAPL,9953.36,-0.47,-4.02,3.55,-5.243,-4.888,0.425,40,0.3446,0.113,0.5,False
23,ARKK,9979.31,-0.21,9.03,-9.24,-1.901,-1.823,0.4,40,0.3446,0.113,0.5,False
23,GLD,9989.98,-0.1,-1.41,1.31,-6.399,-5.004,0.2,40,0.3446,0.113,0.5,False
23,IWM,9989.94,-0.1,-1.33,1.23,-2.742,-2.622,0.5,40,0.3446,0.113,0.5,False
23,KRE,9985.49,-0.15,1.71,-1.86,-3.802,-3.481,0.39,41,0.3446,0.113,0.5,False
23,NFLX,10379.57,3.8,-20.65,24.44,5.837,8.918,0.429,42,0.3446,0.113,0.5,False
23,NVDA,9968.87,-0.31,4.17,-4.48,-4.826,-3.941,0.524,42,0.3446,0.113,0.5,False
23,PYPL,9943.93,-0.56,-17.72,17.16,-3.919,-4.054,0.463,41,0.3446,0.113,0.5,False
23,QQQ,9944.85,-0.55,-10.44,9.89,-6.048,-3.547,0.415,41,0.3446,0.113,0.5,False
23,SPY,9987.39,-0.13,-2.04,1.91,-9.799,-7.941,0.35,40,0.3446,0.113,0.5,False
23,UNG,9891.14,-1.09,5.67,-6.75,-4.274,-3.723,0.585,41,0.3446,0.113,0.5,False
23,USO,9921.27,-0.79,-2.11,1.33,-2.323,-1.377,0.634,41,0.3446,0.113,0.5,False
23,XBI,9955.67,-0.44,-7.0,6.56,-6.642,-5.392,0.5,42,0.3446,0.113,0.5,False
23,XLE,10019.05,0.19,11.09,-10.9,1.381,1.495,0.35,40,0.3446,0.113,0.5,False
24,AAPL,9992.78,-0.07,7.69,-7.76,-2.296,-1.775,0.475,40,0.5,0.0352,0.5,False
24,ARKK,9944.2,-0.56,-9.48,8.92,-6.054,-3.745,0.45,40,0.5,0.0352,0.5,False
24,GLD,10060.68,0.61,0.46,0.14,4.316,6.251,0.45,40,0.5,0.0352,0.5,False
24,IWM,9974.48,-0.26,-3.05,2.8,-3.043,-2.403,0.462,39,0.5,0.0352,0.5,False
24,KRE,10120.27,1.2,4.26,-3.05,8.724,11.602,0.615,39,0.5,0.0352,0.5,False
24,NFLX,10055.49,0.55,9.92,-9.36,3.578,4.284,0.564,39,0.5,0.0352,0.5,False
24,NVDA,9888.0,-1.12,-0.33,-0.79,-5.053,-4.176,0.488,41,0.5,0.0352,0.5,False
24,PYPL,9942.8,-0.57,1.17,-1.74,-10.308,-6.251,0.45,40,0.5,0.0352,0.5,False
24,QQQ,10057.25,0.57,6.42,-5.85,4.562,4.699,0.525,40,0.5,0.0352,0.5,False
24,SPY,9986.43,-0.14,4.78,-4.92,-3.621,-3.558,0.475,40,0.5,0.0352,0.5,False
24,UNG,9954.21,-0.46,-5.82,5.36,-1.808,-1.883,0.439,41,0.5,0.0352,0.5,False
24,USO,9987.71,-0.12,9.24,-9.36,-0.889,-1.01,0.55,40,0.5,0.0352,0.5,False
24,XBI,9981.4,-0.19,4.45,-4.63,-3.186,-3.38,0.5,40,0.5,0.0352,0.5,False
24,XLE,9976.29,-0.24,-1.27,1.04,-4.451,-3.468,0.4,40,0.5,0.0352,0.5,False
25,AAPL,9969.46,-0.31,-4.93,4.63,-9.585,-6.778,0.45,40,0.3873,0.0289,0.5,False
25,ARKK,9978.12,-0.22,-2.16,1.95,-5.516,-5.103,0.35,40,0.3873,0.0289,0.5,False
25,GLD,9986.3,-0.14,-6.54,6.4,-6.927,-5.445,0.462,39,0.3873,0.0289,0.5,False
25,IWM,9989.1,-0.11,-0.63,0.52,-3.467,-3.438,0.475,40,0.3873,0.0289,0.5,False
25,KRE,10085.37,0.85,-4.67,5.52,5.914,6.863,0.575,40,0.3873,0.0289,0.5,False
25,NFLX,9982.26,-0.18,-2.3,2.12,-0.862,-0.661,0.585,41,0.3873,0.0289,0.5,False
25,NVDA,10013.3,0.13,10.4,-10.27,1.143,1.308,0.525,40,0.3873,0.0289,0.5,False
25,PYPL,9978.95,-0.21,-3.97,3.76,-4.235,-3.938,0.488,41,0.3873,0.0289,0.5,False
25,QQQ,9988.54,-0.11,-4.87,4.75,-8.053,-6.492,0.35,40,0.3873,0.0289,0.5,False
25,SPY,9983.43,-0.17,3.15,-3.31,-10.938,-7.826,0.25,40,0.3873,0.0289,0.5,False
25,UNG,9943.4,-0.57,-10.47,9.9,-7.13,-5.915,0.488,41,0.3873,0.0289,0.5,False
25,USO,9960.22,-0.4,10.26,-10.65,-7.668,-5.11,0.525,40,0.3873,0.0289,0.5,False
25,XBI,9995.78,-0.04,-3.39,3.35,-0.303,-0.31,0.6,40,0.3873,0.0289,0.5,False
25,XLE,9978.96,-0.21,12.63,-12.84,-4.723,-4.322,0.375,40,0.3873,0.0289,0.5,False
1,AAPL,9966.08,-0.34,-0.8,0.46,-4.126,-2.862,0.488,41,0.3715,0.044,0.5,False
1,ARKK,9996.04,-0.04,3.76,-3.8,-0.126,-0.103,0.675,40,0.3715,0.044,0.5,False
1,GLD,9974.36,-0.26,4.38,-4.64,-4.458,-2.473,0.575,40,0.3715,0.044,0.5,False
1,IWM,10025.23,0.25,10.15,-9.89,1.745,1.86,0.525,40,0.3715,0.044,0.5,False
1,KRE,10001.82,0.02,-5.71,5.73,0.17,0.16,0.5,40,0.3715,0.044,0.5,False
1,NFLX,10033.15,0.33,10.42,-10.09,1.837,2.441,0.45,40,0.3715,0.044,0.5,False
1,NVDA,9944.99,-0.55,-0.51,-0.04,-4.155,-2.953,0.524,42,0.3715,0.044,0.5,False
1,PYPL,10014.35,0.14,-2.33,2.47,2.836,2.841,0.55,40,0.3715,0.044,0.5,False
1,QQQ,9958.31,-0.42,-9.78,9.36,-4.472,-3.669,0.475,40,0.3715,0.044,0.5,False
1,SPY,9989.32,-0.11,-1.11,1.01,-6.733,-7.405,0.439,41,0.3715,0.044,0.5,False
1,UNG,9931.83,-0.68,11.21,-11.89,-4.382,-2.527,0.439,41,0.3715,0.044,0.5,False
1,USO,10096.39,0.96,6.06,-5.1,1.959,2.057,0.524,42,0.3715,0.044,0.5,False
1,XBI,9887.31,-1.13,-5.95,4.82,-13.295,-9.948,0.405,42,0.3715,0.044,0.5,False
1,XLE,9989.67,-0.1,-1.28,1.17,-3.479,-2.993,0.487,39,0.3715,0.044,0.5,False
2,AAPL,9957.62,-0.42,4.46,-4.88,-6.408,-5.274,0.39,41,0.2802,0.04,0.5,False
2,ARKK,10001.93,0.02,-2.32,2.34,0.359,0.316,0.585,41,0.2802,0.04,0.5,False
2,GLD,9988.54,-0.11,-5.96,5.85,-2.766,-2.898,0.385,39,0.2802,0.04,0.5,False
2,IWM,9986.22,-0.14,-2.83,2.7,-3.554,-3.091,0.5,40,0.2802,0.04,0.5,False
2,KRE,9980.83,-0.19,2.14,-2.34,-4.41,-3.845,0.275,40,0.2802,0.04,0.5,False
2,NFLX,9946.42,-0.54,16.29,-16.82,-9.859,-7.746,0.317,41,0.2802,0.04,0.5,False
2,NVDA,10060.9,0.61,11.24,-10.63,4.076,4.201,0.575,40,0.2802,0.04,0.5,False
2,PYPL,9954.3,-0.46,-3.44,2.99,-12.171,-10.122,0.463,41,0.2802,0.04,0.5,False
2,QQQ,9956.71,-0.43,-6.8,6.37,-11.038,-9.589,0.39,41,0.2802,0.04,0.5,False
2,SPY,9965.09,-0.35,-4.56,4.21,-6.431,-5.153,0.537,41,0.2802,0.04,0.5,False
2,UNG,10007.44,0.07,-8.23,8.31,0.336,0.327,0.55,40,0.2802,0.04,0.5,False
2,USO,10026.08,0.26,-4.08,4.35,1.661,1.908,0.375,40,0.2802,0.04,0.5,False
2,XBI,9972.3,-0.28,1.22,-1.5,-1.748,-1.28,0.415,41,0.2802,0.04,0.5,False
2,XLE,9972.9,-0.27,-2.23,1.96,-1.529,-2.309,0.325,40,0.2802,0.04,0.5,False
3,AAPL,9939.84,-0.6,-2.82,2.22,-3.584,-4.15,0.5,40,0.1784,0.1523,0.4122,False
3,ARKK,9957.37,-0.43,7.62,-8.05,-3.628,-3.305,0.6,40,0.1784,0.1523,0.4122,False
3,GLD,10004.67,0.05,1.1,-1.05,1.432,1.348,0.425,40,0.1784,0.1523,0.4122,False
3,IWM,9985.21,-0.15,-4.84,4.69,-2.376,-2.411,0.487,39,0.1784,0.1523,0.4122,False
3,KRE,9940.72,-0.59,1.08,-1.68,-10.59,-7.25,0.317,41,0.1784,0.1523,0.4122,False
3,NFLX,9976.33,-0.24,1.4,-1.64,-6.019,-5.153,0.4,40,0.1784,0.1523,0.4122,False
3,NVDA,9975.09,-0.25,10.66,-10.91,-4.655,-3.76,0.537,41,0.1784,0.1523,0.4122,False
3,PYPL,10102.66,1.03,1.29,-0.26,4.557,5.465,0.488,41,0.1784,0.1523,0.4122,False
3,QQQ,9983.37,-0.17,2.53,-2.69,-5.894,-4.024,0.425,40,0.1784,0.1523,0.4122,False
3,SPY,9987.68,-0.12,-0.28,0.15,-4.059,-3.418,0.425,40,0.1784,0.1523,0.4122,False
3,UNG,9996.02,-0.04,20.25,-20.29,-0.354,-0.338,0.537,41,0.1784,0.1523,0.4122,False
3,USO,9934.98,-0.65,-8.17,7.52,-4.288,-2.571,0.524,42,0.1784,0.1523,0.4122,False
3,XBI,9991.3,-0.09,-6.77,6.68,-2.269,-2.045,0.512,41,0.1784,0.1523,0.4122,False
3,XLE,9984.83,-0.15,-0.16,0.01,-4.474,-3.847,0.512,41,0.1784,0.1523,0.4122,False
4,AAPL,9985.71,-0.14,1.27,-1.42,-7.24,-6.404,0.5,40,0.3307,0.0953,0.5,False
4,ARKK,10026.13,0.26,-10.8,11.06,0.92,0.792,0.525,40,0.3307,0.0953,0.5,False
4,GLD,9992.19,-0.08,3.03,-3.11,-1.571,-1.28,0.325,40,0.3307,0.0953,0.5,False
4,IWM,10096.75,0.97,-1.9,2.86,5.658,5.833,0.475,40,0.3307,0.0953,0.5,False
4,KRE,9980.2,-0.2,-8.31,8.11,-6.73,-6.307,0.475,40,0.3307,0.0953,0.5,False
4,NFLX,9946.39,-0.54,-15.79,15.26,-5.999,-4.236,0.463,41,0.3307,0.0953,0.5,False
4,NVDA,9994.4,-0.06,3.65,-3.71,-1.311,-1.281,0.525,40,0.3307,0.0953,0.5,False
4,PYPL,9900.34,-1.0,6.86,-7.85,-8.704,-5.167,0.439,41,0.3307,0.0953,0.5,False
4,QQQ,9989.54,-0.1,3.17,-3.27,-7.783,-6.277,0.375,40,0.3307,0.0953,0.5,False
4,SPY,9970.55,-0.29,6.3,-6.6,-3.0,-2.372,0.59,39,0.3307,0.0953,0.5,False
4,UNG,9941.95,-0.58,-16.8,16.22,-4.911,-3.173,0.476,42,0.3307,0.0953,0.5,False
4,USO,9902.27,-0.98,-6.92,5.94,-3.674,-2.822,0.548,42,0.3307,0.0953,0.5,False
4,XBI,9985.82,-0.14,4.32,-4.46,-2.567,-2.341,0.366,41,0.3307,0.0953,0.5,False
4,XLE,9979.91,-0.2,6.11,-6.31,-5.25,-4.657,0.3,40,0.3307,0.0953,0.5,False
5,AAPL,9970.38,-0.3,2.6,-2.9,-6.117,-5.13,0.4,40,0.2239,0.0508,0.5,False
5,ARKK,10029.64,0.3,5.85,-5.55,2.605,3.256,0.487,39,0.2239,0.0508,0.5,False
5,GLD,9983.87,-0.16,-2.79,2.63,-5.109,-3.264,0.256,39,0.2239,0.0508,0.5,False
5,IWM,9961.11,-0.39,2.42,-2.81,-9.05,-6.564,0.425,40,0.2239,0.0508,0.5,False
5,KRE,9990.97,-0.09,-3.8,3.71,-1.608,-1.588,0.538,39,0.2239,0.0508,0.5,False
5,NFLX,9983.07,-0.17,0.85,-1.02,-2.418,-1.663,0.537,41,0.2239,0.0508,0.5,False
5,NVDA,10205.04,2.05,-7.59,9.64,5.102,6.506,0.683,41,0.2239,0.0508,0.5,False
5,PYPL,9908.99,-0.91,13.34,-14.25,-5.101,-4.375,0.512,41,0.2239,0.0508,0.5,False
5,QQQ,9978.89,-0.21,1.09,-1.3,-4.511,-5.749,0.487,39,0.2239,0.0508,0.5,False
5,SPY,9992.16,-0.08,1.71,-1.78,-5.354,-4.393,0.3,40,0.2239,0.0508,0.5,False
5,UNG,9926.54,-0.73,-8.09,7.35,-3.133,-3.193,0.366,41,0.2239,0.0508,0.5,False
5,USO,9959.87,-0.4,-1.9,1.5,-1.098,-0.783,0.585,41,0.2239,0.0508,0.5,False
5,XBI,10067.4,0.67,3.74,-3.07,3.051,2.854,0.55,40,0.2239,0.0508,0.5,False
5,XLE,9975.41,-0.25,0.14,-0.38,-1.878,-1.33,0.45,40,0.2239,0.0508,0.5,False
6,AAPL,9909.55,-0.9,10.56,-11.47,-4.053,-2.602,0.488,41,0.3028,0.0936,0.5,False
6,ARKK,9938.8,-0.61,-1.7,1.09,-6.163,-5.06,0.429,42,0.3028,0.0936,0.5,False
6,GLD,9986.14,-0.14,0.91,-1.05,-4.012,-4.453,0.41,39,0.3028,0.0936,0.5,False
6,IWM,9976.16,-0.24,-2.36,2.12,-7.497,-5.727,0.375,40,0.3028,0.0936,0.5,False
6,KRE,9976.24,-0.24,-8.28,8.04,-6.128,-5.02,0.39,41,0.3028,0.0936,0.5,False
6,NFLX,9980.11,-0.2,-4.96,4.76,-1.393,-1.504,0.463,41,0.3028,0.0936,0.5,False
6,NVDA,9977.42,-0.23,-1.31,1.08,-1.123,-1.067,0.512,41,0.3028,0.0936,0.5,False
6,PYPL,10061.58,0.62,7.12,-6.5,4.591,5.614,0.525,40,0.3028,0.0936,0.5,False
6,QQQ,10017.92,0.18,-3.98,4.16,1.104,1.164,0.585,41,0.3028,0.0936,0.5,False
6,SPY,9990.82,-0.09,0.91,-1.0,-6.258,-5.494,0.5,40,0.3028,0.0936,0.5,False
6,UNG,9987.19,-0.13,-9.7,9.57,-1.554,-0.995,0.476,42,0.3028,0.0936,0.5,False
6,USO,9959.85,-0.4,6.09,-6.5,-8.689,-7.572,0.439,41,0.3028,0.0936,0.5,False
6,XBI,9976.52,-0.23,-9.2,8.96,-1.832,-1.381,0.512,41,0.3028,0.0936,0.5,False
6,XLE,9989.31,-0.11,-1.28,1.17,-0.822,-0.804,0.525,40,0.3028,0.0936,0.5,False
7,AAPL,9978.45,-0.22,-0.01,-0.21,-3.532,-2.185,0.425,40,0.2386,0.1679,0.4853,False
7,ARKK,9890.11,-1.1,11.13,-12.23,-5.725,-5.149,0.558,43,0.2386,0.1679,0.4853,False
7,GLD,9992.82,-0.07,4.73,-4.8,-1.286,-1.344,0.415,41,0.2386,0.1679,0.4853,False
7,IWM,9981.34,-0.19,-9.09,8.9,-8.686,-7.786,0.425,40,0.2386,0.1679,0.4853,False
7,KRE,9959.31,-0.41,0.67,-1.08,-5.53,-4.988,0.513,39,0.2386,0.1679,0.4853,False
7,NFLX,9989.61,-0.1,-2.1,2.0,-1.003,-0.814,0.525,40,0.2386,0.1679,0.4853,False
7,NVDA,9980.19,-0.2,-1.04,0.84,-2.086,-2.165,0.439,41,0.2386,0.1679,0.4853,False
7,PYPL,9968.16,-0.32,-15.0,14.68,-2.513,-2.478,0.415,41,0.2386,0.1679,0.4853,False
7,QQQ,10045.22,0.45,4.54,-4.09,4.523,5.451,0.59,39,0.2386,0.1679,0.4853,False
7,SPY,9997.81,-0.02,1.86,-1.88,-0.802,-0.814,0.4,40,0.2386,0.1679,0.4853,False
7,UNG,9919.18,-0.81,-5.67,4.86,-2.98,-1.705,0.558,43,0.2386,0.1679,0.4853,False
7,USO,9941.91,-0.58,4.19,-4.77,-6.843,-6.996,0.415,41,0.2386,0.1679,0.4853,False
7,XBI,9940.28,-0.6,-9.64,9.04,-9.331,-7.389,0.415,41,0.2386,0.1679,0.4853,False
7,XLE,10362.86,3.63,8.01,-4.38,15.012,33.624,0.641,39,0.2386,0.1679,0.4853,False
8,AAPL,9970.35,-0.3,4.18,-4.48,-7.712,-5.955,0.375,40,0.2943,0.0966,0.5,False
8,ARKK,9975.93,-0.24,-0.35,0.11,-0.866,-0.959,0.512,41,0.2943,0.0966,0.5,False
8,GLD,9991.73,-0.08,-3.89,3.81,-2.735,-4.379,0.275,40,0.2943,0.0966,0.5,False
8,IWM,9953.33,-0.47,-12.76,12.3,-4.807,-4.758,0.425,40,0.2943,0.0966,0.5,False
8,KRE,9958.33,-0.42,0.29,-0.71,-2.924,-2.034,0.5,40,0.2943,0.0966,0.5,False
8,NFLX,9970.99,-0.29,6.79,-7.08,-10.291,-8.082,0.35,40,0.2943,0.0966,0.5,False
8,NVDA,9894.78,-1.05,-5.39,4.34,-7.346,-5.874,0.455,44,0.2943,0.0966,0.5,False
8,PYPL,9927.02,-0.73,-15.46,14.73,-12.527,-8.73,0.4,40,0.2943,0.0966,0.5,False
8,QQQ,10148.25,1.48,-2.78,4.27,5.053,6.59,0.55,40,0.2943,0.0966,0.5,False
8,SPY,9976.04,-0.24,-1.92,1.68,-11.666,-8.382,0.325,40,0.2943,0.0966,0.5,False
8,UNG,10169.96,1.7,22.46,-20.76,9.614,11.333,0.564,39,0.2943,0.0966,0.5,False
8,USO,9947.74,-0.52,-0.89,0.37,-1.813,-1.188,0.537,41,0.2943,0.0966,0.5,False
8,XBI,10031.1,0.31,5.01,-4.7,1.639,2.01,0.439,41,0.2943,0.0966,0.5,False
8,XLE,9951.85,-0.48,-0.61,0.13,-4.526,-4.352,0.488,41,0.2943,0.0966,0.5,False
9,AAPL,9959.83,-0.4,11.09,-11.5,-5.869,-4.477,0.512,41,0.3052,0.0882,0.5,False
9,ARKK,9977.7,-0.22,-11.75,11.53,-4.929,-3.499,0.61,41,0.3052,0.0882,0.5,False
9,GLD,9994.5,-0.06,-2.69,2.64,-3.239,-3.043,0.4,40,0.3052,0.0882,0.5,False
9,IWM,10048.24,0.48,-8.95,9.44,3.861,3.9,0.575,40,0.3052,0.0882,0.5,False
9,KRE,9988.43,-0.12,2.99,-3.1,-3.656,-3.454,0.385,39,0.3052,0.0882,0.5,False
9,NFLX,9947.09,-0.53,-2.81,2.28,-8.64,-6.965,0.45,40,0.3052,0.0882,0.5,False
9,NVDA,9939.87,-0.6,22.04,-22.64,-5.48,-3.762,0.429,42,0.3052,0.0882,0.5,False
9,PYPL,9954.98,-0.45,2.97,-3.42,-6.774,-5.298,0.463,41,0.3052,0.0882,0.5,False
9,QQQ,10000.2,0.0,1.97,-1.97,0.052,0.051,0.487,39,0.3052,0.0882,0.5,False
9,SPY,9990.0,-0.1,2.28,-2.38,-2.054,-1.443,0.425,40,0.3052,0.0882,0.5,False
9,UNG,9973.77,-0.26,3.41,-3.67,-2.556,-2.256,0.375,40,0.3052,0.0882,0.5,False
9,USO,10145.02,1.45,5.95,-4.5,6.864,9.238,0.625,40,0.3052,0.0882,0.5,False
9,XBI,9977.11,-0.23,-1.52,1.29,-8.39,-6.962,0.325,40,0.3052,0.0882,0.5,False
9,XLE,9955.88,-0.44,1.66,-2.1,-9.002,-7.436,0.476,42,0.3052,0.0882,0.5,False
10,AAPL,9965.31,-0.35,9.6,-9.95,-4.495,-3.127,0.39,41,0.3292,0.0735,0.5,False
10,ARKK,9975.2,-0.25,-5.38,5.14,-2.537,-3.299,0.548,42,0.3292,0.0735,0.5,False
10,GLD,9981.79,-0.18,-4.92,4.73,-3.594,-3.907,0.39,41,0.3292,0.0735,0.5,False
10,IWM,9971.98,-0.28,0.37,-0.65,-9.075,-6.579,0.39,41,0.3292,0.0735,0.5,False
10,KRE,9973.29,-0.27,6.91,-7.17,-5.55,-4.726,0.45,40,0.3292,0.0735,0.5,False
10,NFLX,9984.41,-0.16,-5.15,4.99,-4.324,-4.119,0.366,41,0.3292,0.0735,0.5,False
10,NVDA,9932.73,-0.67,-17.83,17.15,-6.374,-5.666,0.366,41,0.3292,0.0735,0.5,False
10,PYPL,9970.72,-0.29,-7.88,7.58,-1.809,-1.576,0.317,41,0.3292,0.0735,0.5,False
10,QQQ,9988.02,-0.12,1.9,-2.02,-6.303,-5.753,0.425,40,0.3292,0.0735,0.5,False
10,SPY,9987.91,-0.12,-0.18,0.06,-6.528,-4.984,0.475,40,0.3292,0.0735,0.5,False
10,UNG,10122.01,1.22,37.16,-35.94,3.013,3.241,0.525,40,0.3292,0.0735,0.5,False
10,USO,9988.7,-0.11,15.37,-15.49,-2.058,-2.102,0.463,41,0.3292,0.0735,0.5,False
10,XBI,10184.47,1.84,-1.23,3.08,6.803,7.364,0.692,39,0.3292,0.0735,0.5,False
10,XLE,10004.85,0.05,6.99,-6.95,0.457,0.509,0.513,39,0.3292,0.0735,0.5,False
11,AAPL,9938.28,-0.62,4.0,-4.62,-5.874,-4.564,0.561,41,0.3418,0.0322,0.5,False
11,ARKK,9958.82,-0.41,-15.6,15.18,-5.647,-4.499,0.366,41,0.3418,0.0322,0.5,False
11,GLD,9992.06,-0.08,-1.84,1.76,-5.996,-5.6,0.4,40,0.3418,0.0322,0.5,False
11,IWM,9978.6,-0.21,-1.93,1.71,-10.563,-8.811,0.415,41,0.3418,0.0322,0.5,False
11,KRE,9976.31,-0.24,2.3,-2.53,-4.914,-5.623,0.325,40,0.3418,0.0322,0.5,False
11,NFLX,9989.02,-0.11,9.84,-9.95,-3.034,-2.613,0.4,40,0.3418,0.0322,0.5,False
11,NVDA,9941.88,-0.58,5.66,-6.24,-4.424,-3.876,0.561,41,0.3418,0.0322,0.5,False
11,PYPL,9994.36,-0.06,-4.39,4.33,-1.17,-1.636,0.5,40,0.3418,0.0322,0.5,False
11,QQQ,9979.41,-0.21,0.23,-0.44,-4.586,-3.993,0.35,40,0.3418,0.0322,0.5,False
11,SPY,9993.43,-0.07,2.77,-2.84,-1.398,-1.553,0.487,39,0.3418,0.0322,0.5,False
11,UNG,9949.5,-0.51,-14.11,13.61,-3.96,-2.741,0.432,44,0.3418,0.0322,0.5,False
11,USO,9986.4,-0.14,4.78,-4.92,-2.743,-2.673,0.487,39,0.3418,0.0322,0.5,False
11,XBI,9982.63,-0.17,-5.32,5.15,-3.121,-2.53,0.538,39,0.3418,0.0322,0.5,False
11,XLE,9983.62,-0.16,0.7,-0.86,-1.446,-1.506,0.537,41,0.3418,0.0322,0.5,False
12,AAPL,9978.65,-0.21,3.49,-3.7,-8.162,-6.177,0.5,40,0.4222,0.0543,0.5,False
12,ARKK,9976.67,-0.23,-16.39,16.15,-2.079,-1.39,0.475,40,0.4222,0.0543,0.5,False
12,GLD,9910.45,-0.9,-5.46,4.56,-7.397,-4.436,0.325,40,0.4222,0.0543,0.5,False
12,IWM,9970.83,-0.29,-5.95,5.66,-5.777,-3.899,0.439,41,0.4222,0.0543,0.5,False
12,KRE,9991.68,-0.08,-1.46,1.38,-1.278,-1.298,0.475,40,0.4222,0.0543,0.5,False
12,NFLX,9926.59,-0.73,-4.5,3.77,-6.179,-3.754,0.512,41,0.4222,0.0543,0.5,False
12,NVDA,10144.18,1.44,-2.31,3.75,3.114,4.403,0.525,40,0.4222,0.0543,0.5,False
12,PYPL,9986.18,-0.14,-3.81,3.68,-2.077,-1.712,0.3,40,0.4222,0.0543,0.5,False
12,QQQ,9979.49,-0.21,2.26,-2.46,-11.184,-9.576,0.385,39,0.4222,0.0543,0.5,False
12,SPY,9983.66,-0.16,-1.4,1.24,-3.754,-2.586,0.333,39,0.4222,0.0543,0.5,False
12,UNG,9964.51,-0.35,-13.12,12.76,-3.614,-3.122,0.429,42,0.4222,0.0543,0.5,False
12,USO,9944.12,-0.56,12.63,-13.19,-2.998,-2.072,0.537,41,0.4222,0.0543,0.5,False
12,XBI,9985.25,-0.15,5.6,-5.75,-2.181,-1.941,0.525,40,0.4222,0.0543,0.5,False
12,XLE,9959.54,-0.4,-4.26,3.86,-6.031,-3.645,0.35,40,0.4222,0.0543,0.5,False
13,AAPL,9949.23,-0.51,0.37,-0.88,-6.222,-3.899,0.425,40,0.467,0.1458,0.5,False
13,ARKK,9961.95,-0.38,0.44,-0.82,-6.094,-5.164,0.375,40,0.467,0.1458,0.5,False
13,GLD,9986.69,-0.13,-0.63,0.5,-4.046,-4.558,0.425,40,0.467,0.1458,0.5,False
13,IWM,10010.29,0.1,1.86,-1.76,1.453,1.518,0.487,39,0.467,0.1458,0.5,False
13,KRE,10125.47,1.25,-9.65,10.9,4.515,4.461,0.625,40,0.467,0.1458,0.5,False
13,NFLX,9933.05,-0.67,2.98,-3.64,-4.817,-3.915,0.45,40,0.467,0.1458,0.5,False
13,NVDA,9987.1,-0.13,-2.91,2.78,-0.178,-0.128,0.5,42,0.467,0.1458,0.5,False
13,PYPL,10000.39,0.0,3.11,-3.1,0.083,0.087,0.488,41,0.467,0.1458,0.5,False
13,QQQ,10036.66,0.37,5.69,-5.33,3.576,4.394,0.487,39,0.467,0.1458,0.5,False
13,SPY,9945.07,-0.55,-1.32,0.77,-12.673,-10.664,0.439,41,0.467,0.1458,0.5,False
13,UNG,9956.98,-0.43,-14.48,14.05,-3.45,-2.535,0.561,41,0.467,0.1458,0.5,False
13,USO,9979.24,-0.21,-3.59,3.38,-4.528,-3.33,0.488,41,0.467,0.1458,0.5,False
13,XBI,10001.33,0.01,1.81,-1.8,0.115,0.112,0.385,39,0.467,0.1458,0.5,False
13,XLE,9984.66,-0.15,2.98,-3.13,-3.91,-5.009,0.425,40,0.467,0.1458,0.5,False
14,AAPL,9959.51,-0.4,-1.56,1.15,-6.285,-4.065,0.439,41,0.4617,0.1303,0.5,False
14,ARKK,9987.64,-0.12,-9.28,9.16,-0.954,-0.792,0.477,44,0.4617,0.1303,0.5,False
14,GLD,9999.03,-0.01,-0.78,0.77,-0.351,-0.381,0.525,40,0.4617,0.1303,0.5,False
14,IWM,9968.46,-0.32,-6.21,5.89,-7.408,-5.733,0.45,40,0.4617,0.1303,0.5,False
14,KRE,9971.9,-0.28,-6.64,6.36,-7.986,-5.787,0.333,39,0.4617,0.1303,0.5,False
14,NFLX,9940.98,-0.59,15.02,-15.61,-10.816,-7.132,0.341,41,0.4617,0.1303,0.5,False
14,NVDA,9944.73,-0.55,10.61,-11.16,-4.71,-3.814,0.39,41,0.4617,0.1303,0.5,False
14,PYPL,9986.28,-0.14,-1.66,1.52,-2.892,-2.539,0.425,40,0.4617,0.1303,0.5,False
14,QQQ,9982.45,-0.18,-2.04,1.86,-7.962,-6.032,0.333,39,0.4617,0.1303,0.5,False
14,SPY,10006.3,0.06,-3.14,3.2,0.827,0.898,0.564,39,0.4617,0.1303,0.5,False
14,UNG,9969.4,-0.31,-6.06,5.76,-1.295,-0.978,0.463,41,0.4617,0.1303,0.5,False
14,USO,9967.31,-0.33,-5.62,5.3,-1.652,-1.32,0.452,42,0.4617,0.1303,0.5,False
14,XBI,9935.57,-0.64,-0.1,-0.55,-4.457,-3.407,0.5,42,0.4617,0.1303,0.5,False
14,XLE,9983.16,-0.17,0.02,-0.19,-4.058,-4.363,0.366,41,0.4617,0.1303,0.5,False
15,AAPL,9969.38,-0.31,5.99,-6.3,-3.53,-3.455,0.55,40,0.318,0.0422,0.5,True
15,ARKK,9973.42,-0.27,4.39,-4.66,-5.171,-4.108,0.39,41,0.318,0.0422,0.5,True
15,GLD,10004.74,0.05,2.28,-2.23,0.472,0.396,0.436,39,0.318,0.0422,0.5,True
15,IWM,10011.56,0.12,-0.83,0.95,0.76,1.184,0.475,40,0.318,0.0422,0.5,True
15,KRE,9968.15,-0.32,-8.83,8.52,-7.829,-4.775,0.325,40,0.318,0.0422,0.5,True
15,NFLX,10004.44,0.04,6.06,-6.01,0.521,0.469,0.525,40,0.318,0.0422,0.5,True
15,NVDA,9958.58,-0.41,-8.54,8.12,-3.949,-2.783,0.488,41,0.318,0.0422,0.5,True
15,PYPL,9997.77,-0.02,-1.36,1.33,-0.038,-0.038,0.512,41,0.318,0.0422,0.5,True
15,QQQ,10035.15,0.35,1.78,-1.43,2.56,2.425,0.538,39,0.318,0.0422,0.5,True
15,SPY,9991.95,-0.08,4.44,-4.52,-5.604,-4.312,0.45,40,0.318,0.0422,0.5,True
15,UNG,10624.16,6.24,8.57,-2.32,14.656,24.809,0.65,40,0.318,0.0422,0.5,True
15,USO,9967.89,-0.32,1.54,-1.86,-2.614,-1.853,0.341,41,0.318,0.0422,0.5,True
15,XBI,9949.67,-0.5,1.8,-2.31,-6.841,-5.05,0.415,41,0.318,0.0422,0.5,True
15,XLE,9973.15,-0.27,1.42,-1.69,-5.311,-3.845,0.425,40,0.318,0.0422,0.5,True
16,AAPL,9954.26,-0.46,-3.74,3.29,-7.043,-4.821,0.325,40,0.307,0.0974,0.5,False
16,ARKK,9970.21,-0.3,-2.03,1.73,-7.524,-6.473,0.415,41,0.307,0.0974,0.5,False
16,GLD,9996.22,-0.04,-1.77,1.73,-2.106,-2.011,0.4,40,0.307,0.0974,0.5,False
16,IWM,9954.79,-0.45,2.85,-3.3,-7.799,-6.011,0.333,39,0.307,0.0974,0.5,False
16,KRE,9971.01,-0.29,-6.07,5.78,-11.743,-8.593,0.439,41,0.307,0.0974,0.5,False
16,NFLX,9971.97,-0.28,-2.89,2.61,-3.172,-3.158,0.537,41,0.307,0.0974,0.5,False
16,NVDA,9969.48,-0.31,-1.68,1.37,-7.447,-5.72,0.488,41,0.307,0.0974,0.5,False
16,PYPL,10015.26,0.15,4.77,-4.62,0.689,0.714,0.5,40,0.307,0.0974,0.5,False
16,QQQ,9986.07,-0.14,4.38,-4.52,-3.856,-3.338,0.375,40,0.307,0.0974,0.5,False
16,SPY,9986.65,-0.13,1.51,-1.64,-6.255,-4.966,0.359,39,0.307,0.0974,0.5,False
16,UNG,9928.47,-0.72,14.05,-14.77,-6.593,-4.549,0.537,41,0.307,0.0974,0.5,False
16,USO,9968.57,-0.31,9.84,-10.15,-5.908,-4.528,0.475,40,0.307,0.0974,0.5,False
16,XBI,9952.6,-0.47,1.75,-2.23,-12.697,-11.119,0.35,40,0.307,0.0974,0.5,False
16,XLE,9973.5,-0.27,10.25,-10.51,-7.734,-4.965,0.375,40,0.307,0.0974,0.5,False
17,AAPL,9974.42,-0.26,2.67,-2.92,-3.495,-2.422,0.375,40,0.323,0.1251,0.5,False
17,ARKK,9957.83,-0.42,1.51,-1.93,-6.42,-5.158,0.415,41,0.323,0.1251,0.5,False
17,GLD,9982.02,-0.18,0.61,-0.79,-13.892,-10.255,0.308,39,0.323,0.1251,0.5,False
17,IWM,10050.08,0.5,4.2,-3.7,3.088,3.062,0.55,40,0.323,0.1251,0.5,False
17,KRE,10000.07,0.0,-2.62,2.62,0.02,0.02,0.475,40,0.323,0.1251,0.5,False
17,NFLX,9986.94,-0.13,3.98,-4.11,-1.441,-1.661,0.425,40,0.323,0.1251,0.5,False
17,NVDA,9938.83,-0.61,17.12,-17.74,-5.342,-3.982,0.512,41,0.323,0.1251,0.5,False
17,PYPL,9975.1,-0.25,-2.92,2.68,-4.237,-3.128,0.475,40,0.323,0.1251,0.5,False
17,QQQ,9972.54,-0.27,2.7,-2.97,-9.259,-6.095,0.375,40,0.323,0.1251,0.5,False
17,SPY,9942.4,-0.58,-4.92,4.34,-11.48,-8.479,0.425,40,0.323,0.1251,0.5,False
17,UNG,9914.63,-0.85,-20.36,19.51,-2.3,-1.994,0.409,44,0.323,0.1251,0.5,False
17,USO,9978.45,-0.22,12.84,-13.05,-1.354,-1.106,0.61,41,0.323,0.1251,0.5,False
17,XBI,9974.45,-0.26,6.13,-6.39,-2.665,-3.134,0.45,40,0.323,0.1251,0.5,False
17,XLE,9991.85,-0.08,-4.77,4.69,-1.024,-1.127,0.474,38,0.323,0.1251,0.5,False
18,AAPL,9995.0,-0.05,10.67,-10.72,-0.864,-0.838,0.625,40,0.1663,0.0202,0.4733,False
18,ARKK,9978.54,-0.21,-11.23,11.02,-0.959,-0.76,0.463,41,0.1663,0.0202,0.4733,False
18,GLD,9993.79,-0.06,-4.54,4.48,-1.476,-1.01,0.538,39,0.1663,0.0202,0.4733,False
18,IWM,9955.1,-0.45,-4.4,3.95,-4.93,-4.203,0.375,40,0.1663,0.0202,0.4733,False
18,KRE,9995.89,-0.04,5.82,-5.86,-1.319,-1.121,0.513,39,0.1663,0.0202,0.4733,False
18,NFLX,9995.54,-0.04,-5.97,5.92,-0.288,-0.359,0.6,40,0.1663,0.0202,0.4733,False
18,NVDA,9968.72,-0.31,-2.36,2.04,-8.168,-7.987,0.35,40,0.1663,0.0202,0.4733,False
18,PYPL,9993.54,-0.06,4.49,-4.55,-0.794,-0.839,0.308,39,0.1663,0.0202,0.4733,False
18,QQQ,9974.26,-0.26,8.39,-8.65,-4.003,-3.466,0.325,40,0.1663,0.0202,0.4733,False
18,SPY,9987.37,-0.13,0.68,-0.8,-4.763,-4.026,0.41,39,0.1663,0.0202,0.4733,False
18,UNG,9964.59,-0.35,-9.3,8.95,-1.433,-1.696,0.463,41,0.1663,0.0202,0.4733,False
18,USO,10132.63,1.33,-12.42,13.75,3.778,2.93,0.55,40,0.1663,0.0202,0.4733,False
18,XBI,9991.53,-0.08,0.79,-0.88,-3.311,-2.958,0.575,40,0.1663,0.0202,0.4733,False
18,XLE,9992.09,-0.08,-6.95,6.87,-1.652,-1.686,0.45,40,0.1663,0.0202,0.4733,False
19,AAPL,9995.46,-0.05,1.82,-1.86,-1.686,-1.72,0.41,39,0.4554,0.0685,0.5,False
19,ARKK,9949.92,-0.5,7.27,-7.77,-4.53,-3.719,0.475,40,0.4554,0.0685,0.5,False
19,GLD,10013.77,0.14,-2.67,2.81,2.819,2.606,0.513,39,0.4554,0.0685,0.5,False
19,IWM,10029.6,0.3,4.89,-4.59,3.516,3.594,0.55,40,0.4554,0.0685,0.5,False
19,KRE,9928.43,-0.72,2.04,-2.75,-10.636,-8.055,0.39,41,0.4554,0.0685,0.5,False
19,NFLX,9993.37,-0.07,-3.96,3.89,-2.442,-2.264,0.425,40,0.4554,0.0685,0.5,False
19,NVDA,9925.4,-0.75,-10.22,9.47,-12.596,-10.341,0.317,41,0.4554,0.0685,0.5,False
19,PYPL,9985.09,-0.15,3.97,-4.12,-6.364,-5.23,0.561,41,0.4554,0.0685,0.5,False
19,QQQ,9967.72,-0.32,-10.63,10.3,-2.405,-2.228,0.525,40,0.4554,0.0685,0.5,False
19,SPY,9980.67,-0.19,1.13,-1.32,-9.754,-6.839,0.436,39,0.4554,0.0685,0.5,False
19,UNG,10197.46,1.97,22.0,-20.03,4.555,7.765,0.571,42,0.4554,0.0685,0.5,False
19,USO,9951.89,-0.48,-9.81,9.32,-2.922,-1.977,0.425,40,0.4554,0.0685,0.5,False
19,XBI,9949.53,-0.5,1.44,-1.95,-11.624,-8.071,0.366,41,0.4554,0.0685,0.5,False
19,XLE,9974.52,-0.25,8.67,-8.92,-4.7,-3.763,0.375,40,0.4554,0.0685,0.5,False
20,AAPL,9989.57,-0.1,3.92,-4.02,-1.678,-1.692,0.41,39,0.2552,0.1157,0.5,True
20,ARKK,10209.64,2.1,-9.09,11.18,7.206,8.468,0.6,40,0.2552,0.1157,0.5,True
20,GLD,9997.46,-0.03,2.64,-2.66,-0.336,-0.328,0.436,39,0.2552,0.1157,0.5,True
20,IWM,9980.44,-0.2,1.2,-1.39,-3.557,-3.125,0.45,40,0.2552,0.1157,0.5,True
20,KRE,9985.91,-0.14,-4.32,4.18,-3.996,-4.212,0.41,39,0.2552,0.1157,0.5,True
20,NFLX,9970.43,-0.3,10.48,-10.78,-6.057,-5.072,0.463,41,0.2552,0.1157,0.5,True
20,NVDA,10248.85,2.49,-2.78,5.27,6.678,7.66,0.6,40,0.2552,0.1157,0.5,True
20,PYPL,10079.4,0.79,-19.31,20.11,2.644,4.047,0.513,39,0.2552,0.1157,0.5,True
20,QQQ,9968.62,-0.31,-4.25,3.94,-4.616,-4.438,0.55,40,0.2552,0.1157,0.5,True
20,SPY,9992.54,-0.07,-3.25,3.18,-3.02,-2.388,0.475,40,0.2552,0.1157,0.5,True
20,UNG,10021.71,0.22,1.49,-1.27,0.681,0.745,0.5,40,0.2552,0.1157,0.5,True
20,USO,9981.06,-0.19,11.32,-11.51,-6.192,-5.848,0.317,41,0.2552,0.1157,0.5,True
20,XBI,9992.96,-0.07,0.02,-0.09,-1.401,-1.379,0.5,40,0.2552,0.1157,0.5,True
20,XLE,10071.57,0.72,-4.4,5.12,3.044,4.362,0.575,40,0.2552,0.1157,0.5,True
21,AAPL,9957.45,-0.43,-3.57,3.14,-3.373,-3.199,0.475,40,0.3346,0.0772,0.5,True
21,ARKK,9977.94,-0.22,9.14,-9.36,-4.988,-4.574,0.35,40,0.3346,0.0772,0.5,True
21,GLD,9990.37,-0.1,-3.41,3.31,-4.21,-3.606,0.4,40,0.3346,0.0772,0.5,True
21,IWM,9987.67,-0.12,-3.05,2.93,-2.952,-2.057,0.487,39,0.3346,0.0772,0.5,True
21,KRE,9987.67,-0.12,-4.03,3.91,-3.199,-2.471,0.463,41,0.3346,0.0772,0.5,True
21,NFLX,9939.81,-0.6,-5.64,5.04,-7.629,-6.659,0.341,41,0.3346,0.0772,0.5,True
21,NVDA,17573.46,75.73,-75.49,151.23,5.096,201.7,0.55,40,0.3346,0.0772,0.5,True
21,PYPL,10103.37,1.03,-10.9,11.93,3.641,4.145,0.475,40,0.3346,0.0772,0.5,True
21,QQQ,9965.6,-0.34,3.73,-4.07,-4.694,-3.837,0.4,40,0.3346,0.0772,0.5,True
21,SPY,9995.23,-0.05,0.53,-0.58,-2.479,-2.404,0.487,39,0.3346,0.0772,0.5,True
21,UNG,9906.4,-0.94,-11.83,10.89,-5.719,-3.676,0.442,43,0.3346,0.0772,0.5,True
21,USO,9983.32,-0.17,3.7,-3.87,-3.43,-2.632,0.39,41,0.3346,0.0772,0.5,True
21,XBI,9961.81,-0.38,-7.71,7.33,-6.614,-5.152,0.5,40,0.3346,0.0772,0.5,True
21,XLE,9971.39,-0.29,6.53,-6.82,-3.827,-2.948,0.425,40,0.3346,0.0772,0.5,True
22,AAPL,9974.09,-0.26,-2.23,1.97,-2.51,-1.872,0.45,40,0.2742,0.1713,0.5,False
22,ARKK,10014.55,0.15,-15.36,15.51,1.29,1.269,0.65,40,0.2742,0.1713,0.5,False
22,GLD,9993.63,-0.06,-1.95,1.89,-1.558,-1.423,0.487,39,0.2742,0.1713,0.5,False
22,IWM,9984.16,-0.16,0.26,-0.42,-6.119,-4.708,0.359,39,0.2742,0.1713,0.5,False
22,KRE,9964.17,-0.36,4.55,-4.91,-3.149,-2.344,0.525,40,0.2742,0.1713,0.5,False
22,NFLX,9979.55,-0.2,-7.7,7.49,-4.471,-3.589,0.359,39,0.2742,0.1713,0.5,False
22,NVDA,9937.54,-0.62,1.49,-2.11,-6.653,-5.702,0.558,43,0.2742,0.1713,0.5,False
22,PYPL,9964.23,-0.36,-14.95,14.59,-2.318,-1.546,0.525,40,0.2742,0.1713,0.5,False
22,QQQ,10114.74,1.15,-5.57,6.72,9.385,13.735,0.615,39,0.2742,0.1713,0.5,False
22,SPY,9998.49,-0.02,1.92,-1.93,-0.99,-0.949,0.45,40,0.2742,0.1713,0.5,False
22,UNG,9889.7,-1.1,2.67,-3.78,-6.529,-4.062,0.357,42,0.2742,0.1713,0.5,False
22,USO,9983.12,-0.17,-3.38,3.21,-0.702,-0.504,0.452,42,0.2742,0.1713,0.5,False
22,XBI,9980.66,-0.19,0.37,-0.56,-1.444,-1.27,0.5,40,0.2742,0.1713,0.5,False
22,XLE,9966.61,-0.33,6.99,-7.33,-2.379,-2.301,0.375,40,0.2742,0.1713,0.5,False
23,AAPL,9984.45,-0.16,5.15,-5.31,-3.182,-2.946,0.45,40,0.254,0.0873,0.486,False
23,ARKK,9960.03,-0.4,-0.71,0.31,-5.655,-4.456,0.475,40,0.254,0.0873,0.486,False
23,GLD,10081.43,0.81,-1.92,2.73,6.89,8.838,0.579,38,0.254,0.0873,0.486,False
23,IWM,9991.58,-0.08,1.29,-1.38,-3.832,-2.858,0.6,40,0.254,0.0873,0.486,False
23,KRE,9990.06,-0.1,9.88,-9.98,-1.302,-1.243,0.55,40,0.254,0.0873,0.486,False
23,NFLX,9990.15,-0.1,-1.62,1.52,-2.639,-2.327,0.5,40,0.254,0.0873,0.486,False
23,NVDA,9951.7,-0.48,7.0,-7.49,-7.757,-6.4,0.439,41,0.254,0.0873,0.486,False
23,PYPL,9970.76,-0.29,-5.46,5.17,-5.339,-4.083,0.325,40,0.254,0.0873,0.486,False
23,QQQ,9945.15,-0.55,1.92,-2.47,-11.743,-8.999,0.325,40,0.254,0.0873,0.486,False
23,SPY,9993.11,-0.07,2.49,-2.56,-8.084,-7.456,0.256,39,0.254,0.0873,0.486,False
23,UNG,9960.29,-0.4,7.8,-8.2,-3.144,-2.549,0.548,42,0.254,0.0873,0.486,False
23,USO,9976.66,-0.23,1.21,-1.45,-6.536,-5.181,0.375,40,0.254,0.0873,0.486,False
23,XBI,9953.98,-0.46,2.06,-2.52,-6.024,-3.898,0.488,41,0.254,0.0873,0.486,False
23,XLE,9999.73,-0.0,-5.12,5.11,-0.072,-0.077,0.385,39,0.254,0.0873,0.486,False
24,AAPL,9984.75,-0.15,0.74,-0.9,-8.101,-6.43,0.4,40,0.3045,0.1011,0.5,False
24,ARKK,9935.13,-0.65,-7.43,6.78,-6.067,-5.513,0.429,42,0.3045,0.1011,0.5,False
24,GLD,9984.71,-0.15,2.48,-2.64,-7.577,-4.93,0.4,40,0.3045,0.1011,0.5,False
24,IWM,9980.74,-0.19,1.51,-1.71,-6.041,-4.614,0.35,40,0.3045,0.1011,0.5,False
24,KRE,9973.91,-0.26,7.1,-7.37,-6.157,-4.879,0.537,41,0.3045,0.1011,0.5,False
24,NFLX,9982.65,-0.17,-2.93,2.76,-4.937,-4.018,0.425,40,0.3045,0.1011,0.5,False
24,NVDA,9950.25,-0.5,-9.84,9.34,-6.18,-5.399,0.487,39,0.3045,0.1011,0.5,False
24,PYPL,9983.98,-0.16,6.84,-7.0,-3.86,-3.445,0.35,40,0.3045,0.1011,0.5,False
24,QQQ,9961.18,-0.39,1.41,-1.8,-6.422,-5.166,0.425,40,0.3045,0.1011,0.5,False
24,SPY,9982.46,-0.18,0.28,-0.46,-5.117,-4.474,0.3,40,0.3045,0.1011,0.5,False
24,UNG,9966.67,-0.33,26.6,-26.93,-1.308,-0.977,0.475,40,0.3045,0.1011,0.5,False
24,USO,9976.33,-0.24,4.53,-4.77,-3.271,-3.02,0.415,41,0.3045,0.1011,0.5,False
24,XBI,9962.96,-0.37,-0.92,0.55,-7.856,-6.14,0.45,40,0.3045,0.1011,0.5,False
24,XLE,9985.67,-0.14,0.88,-1.02,-2.151,-1.817,0.325,40,0.3045,0.1011,0.5,False
25,AAPL,10133.16,1.33,-6.05,7.38,5.427,6.038,0.55,40,0.2987,0.1141,0.5,False
25,ARKK,9984.67,-0.15,2.6,-2.75,-1.049,-0.661,0.359,39,0.2987,0.1141,0.5,False
25,GLD,9984.33,-0.16,0.61,-0.77,-6.877,-5.546,0.41,39,0.2987,0.1141,0.5,False
25,IWM,10013.33,0.13,-4.88,5.01,1.054,1.172,0.45,40,0.2987,0.1141,0.5,False
25,KRE,9995.28,-0.05,8.96,-9.0,-1.448,-1.264,0.4,40,0.2987,0.1141,0.5,False
25,NFLX,9975.89,-0.24,-1.79,1.55,-7.898,-6.835,0.308,39,0.2987,0.1141,0.5,False
25,NVDA,9897.43,-1.03,1.28,-2.31,-9.01,-7.511,0.415,41,0.2987,0.1141,0.5,False
25,PYPL,9963.52,-0.36,2.47,-2.84,-8.276,-6.874,0.415,41,0.2987,0.1141,0.5,False
25,QQQ,9974.04,-0.26,0.06,-0.32,-1.994,-1.268,0.41,39,0.2987,0.1141,0.5,False
25,SPY,9977.26,-0.23,-7.1,6.88,-7.616,-6.118,0.487,39,0.2987,0.1141,0.5,False
25,UNG,9958.56,-0.41,-0.8,0.38,-4.335,-3.087,0.452,42,0.2987,0.1141,0.5,False
25,USO,9952.89,-0.47,5.21,-5.68,-4.504,-3.144,0.475,40,0.2987,0.1141,0.5,False
25,XBI,9926.17,-0.74,-0.99,0.25,-8.943,-7.158,0.275,40,0.2987,0.1141,0.5,False
25,XLE,9954.26,-0.46,6.56,-7.02,-7.193,-5.89,0.45,40,0.2987,0.1141,0.5,False
1,AAPL,9957.91,-0.42,17.53,-17.95,-10.001,-7.374,0.325,40,0.2189,0.0727,0.5,False
1,ARKK,10113.9,1.14,-17.06,18.2,2.482,1.946,0.512,41,0.2189,0.0727,0.5,False
1,GLD,9991.73,-0.08,-3.7,3.62,-5.253,-3.659,0.41,39,0.2189,0.0727,0.5,False
1,IWM,10018.71,0.19,4.2,-4.01,1.798,1.901,0.375,40,0.2189,0.0727,0.5,False
1,KRE,9977.4,-0.23,6.87,-7.1,-1.883,-1.675,0.4,40,0.2189,0.0727,0.5,False
1,NFLX,10045.15,0.45,1.59,-1.13,5.834,5.346,0.615,39,0.2189,0.0727,0.5,False
1,NVDA,10040.37,0.4,-0.08,0.48,2.936,2.816,0.6,40,0.2189,0.0727,0.5,False
1,PYPL,10015.23,0.15,3.27,-3.12,1.029,0.931,0.55,40,0.2189,0.0727,0.5,False
1,QQQ,9983.89,-0.16,-5.17,5.01,-2.354,-1.495,0.525,40,0.2189,0.0727,0.5,False
1,SPY,9951.43,-0.49,-2.82,2.33,-8.43,-6.842,0.425,40,0.2189,0.0727,0.5,False
1,UNG,9890.15,-1.1,-12.02,10.93,-2.684,-1.605,0.605,43,0.2189,0.0727,0.5,False
1,USO,9989.2,-0.11,-2.26,2.15,-1.326,-1.234,0.59,39,0.2189,0.0727,0.5,False
1,XBI,9948.06,-0.52,-12.15,11.63,-4.77,-3.999,0.561,41,0.2189,0.0727,0.5,False
1,XLE,9971.24,-0.29,-1.64,1.35,-6.766,-5.35,0.537,41,0.2189,0.0727,0.5,False
2,AAPL,9967.39,-0.33,7.89,-8.21,-4.335,-4.216,0.45,40,0.2978,0.12,0.5,False
2,ARKK,10001.57,0.02,10.38,-10.37,0.12,0.106,0.525,40,0.2978,0.12,0.5,False
2,GLD,9985.32,-0.15,1.5,-1.64,-12.02,-9.142,0.385,39,0.2978,0.12,0.5,False
2,IWM,9952.79,-0.47,0.92,-1.39,-5.053,-4.698,0.415,41,0.2978,0.12,0.5,False
2,KRE,9972.16,-0.28,0.0,-0.28,-7.062,-5.692,0.512,41,0.2978,0.12,0.5,False
2,NFLX,9973.07,-0.27,3.55,-3.81,-4.67,-4.269,0.475,40,0.2978,0.12,0.5,False
2,NVDA,9950.33,-0.5,-4.31,3.81,-5.455,-3.908,0.488,41,0.2978,0.12,0.5,False
2,PYPL,9985.65,-0.14,1.8,-1.94,-2.934,-2.606,0.463,41,0.2978,0.12,0.5,False
2,QQQ,9942.98,-0.57,-4.36,3.79,-8.886,-7.446,0.41,39,0.2978,0.12,0.5,False
2,SPY,9992.1,-0.08,0.73,-0.81,-3.799,-3.16,0.41,39,0.2978,0.12,0.5,False
2,UNG,10302.61,3.03,23.08,-20.06,3.84,3.108,0.571,42,0.2978,0.12,0.5,False
2,USO,9999.94,-0.0,0.3,-0.3,0.015,0.014,0.585,41,0.2978,0.12,0.5,False
2,XBI,9982.96,-0.17,-1.22,1.05,-4.931,-4.868,0.333,39,0.2978,0.12,0.5,False
2,XLE,9988.96,-0.11,-3.82,3.71,-3.257,-3.077,0.487,39,0.2978,0.12,0.5,False
3,AAPL,9989.04,-0.11,-0.63,0.52,-5.483,-5.3,0.282,39,0.1791,0.1482,0.4795,False
3,ARKK,10117.44,1.17,-16.34,17.51,3.268,3.091,0.537,41,0.1791,0.1482,0.4795,False
3,GLD,9991.49,-0.09,1.12,-1.21,-6.839,-6.802,0.325,40,0.1791,0.1482,0.4795,False
3,IWM,9982.07,-0.18,0.32,-0.5,-2.564,-2.522,0.41,39,0.1791,0.1482,0.4795,False
3,KRE,9987.3,-0.13,-0.89,0.76,-1.032,-0.929,0.45,40,0.1791,0.1482,0.4795,False
3,NFLX,9981.69,-0.18,-9.26,9.08,-0.838,-0.792,0.488,41,0.1791,0.1482,0.4795,False
3,NVDA,10260.47,2.6,24.54,-21.94,7.873,7.766,0.625,40,0.1791,0.1482,0.4795,False
3,PYPL,9996.07,-0.04,-6.54,6.51,-0.258,-0.206,0.55,40,0.1791,0.1482,0.4795,False
3,QQQ,9972.41,-0.28,4.33,-4.6,-5.134,-3.973,0.4,40,0.1791,0.1482,0.4795,False
3,SPY,9980.85,-0.19,3.44,-3.63,-8.049,-6.206,0.35,40,0.1791,0.1482,0.4795,False
3,UNG,9834.13,-1.66,11.28,-12.94,-8.338,-6.385,0.409,44,0.1791,0.1482,0.4795,False
3,USO,9924.98,-0.75,13.4,-14.15,-5.252,-3.151,0.439,41,0.1791,0.1482,0.4795,False
3,XBI,9971.68,-0.28,-2.18,1.89,-3.366,-3.288,0.5,40,0.1791,0.1482,0.4795,False
3,XLE,10216.13,2.16,11.17,-9.0,7.338,10.748,0.475,40,0.1791,0.1482,0.4795,False
4,AAPL,10090.82,0.91,-4.22,5.13,5.911,5.901,0.55,40,0.314,0.1128,0.5,False
4,ARKK,9980.98,-0.19,-4.68,4.49,-0.727,-0.696,0.381,42,0.314,0.1128,0.5,False
4,GLD,9989.17,-0.11,-3.58,3.47,-1.968,-2.249,0.436,39,0.314,0.1128,0.5,False
4,IWM,9972.57,-0.27,4.37,-4.65,-5.761,-4.541,0.35,40,0.314,0.1128,0.5,False
4,KRE,9979.13,-0.21,-1.14,0.93,-7.297,-6.512,0.41,39,0.314,0.1128,0.5,False
4,NFLX,10038.41,0.38,-8.58,8.96,2.276,2.357,0.634,41,0.314,0.1128,0.5,False
4,NVDA,9987.13,-0.13,13.92,-14.05,-0.751,-0.633,0.45,40,0.314,0.1128,0.5,False
4,PYPL,10175.18,1.75,-4.3,6.06,8.247,7.696,0.659,41,0.314,0.1128,0.5,False
4,QQQ,9966.19,-0.34,5.34,-5.67,-7.15,-5.444,0.415,41,0.314,0.1128,0.5,False
4,SPY,9990.36,-0.1,1.06,-1.16,-8.093,-7.326,0.359,39,0.314,0.1128,0.5,False
4,UNG,9962.11,-0.38,11.21,-11.59,-4.198,-3.617,0.452,42,0.314,0.1128,0.5,False
4,USO,9979.73,-0.2,2.33,-2.54,-6.875,-5.243,0.366,41,0.314,0.1128,0.5,False
4,XBI,9976.16,-0.24,-0.16,-0.08,-8.839,-7.557,0.4,40,0.314,0.1128,0.5,False
4,XLE,10081.27,0.81,4.14,-3.33,5.279,5.218,0.564,39,0.314,0.1128,0.5,False
5,AAPL,9966.93,-0.33,0.87,-1.2,-2.314,-2.33,0.564,39,0.3727,0.1438,0.5,False
5,ARKK,9923.39,-0.77,7.25,-8.01,-8.195,-5.631,0.429,42,0.3727,0.1438,0.5,False
5,GLD,9988.77,-0.11,-1.5,1.38,-7.861,-5.225,0.375,40,0.3727,0.1438,0.5,False
5,IWM,9970.29,-0.3,7.27,-7.57,-4.693,-4.026,0.3,40,0.3727,0.1438,0.5,False
5,KRE,9865.85,-1.34,13.86,-15.2,-4.737,-2.781,0.439,41,0.3727,0.1438,0.5,False
5,NFLX,9932.61,-0.67,-40.86,40.19,-5.101,-4.291,0.357,42,0.3727,0.1438,0.5,False
5,NVDA,9938.9,-0.61,36.93,-37.54,-11.955,-10.57,0.341,41,0.3727,0.1438,0.5,False
5,PYPL,9972.5,-0.27,5.48,-5.75,-6.199,-4.779,0.425,40,0.3727,0.1438,0.5,False
5,QQQ,9989.53,-0.1,-7.01,6.91,-2.032,-1.996,0.359,39,0.3727,0.1438,0.5,False
5,SPY,9976.76,-0.23,1.34,-1.58,-6.578,-5.238,0.41,39,0.3727,0.1438,0.5,False
5,UNG,9961.4,-0.39,8.69,-9.08,-2.786,-2.754,0.405,42,0.3727,0.1438,0.5,False
5,USO,9976.4,-0.24,3.27,-3.51,-6.211,-4.666,0.525,40,0.3727,0.1438,0.5,False
5,XBI,9991.47,-0.09,8.2,-8.28,-2.097,-2.257,0.513,39,0.3727,0.1438,0.5,False
5,XLE,9956.16,-0.44,1.77,-2.21,-7.359,-4.716,0.4,40,0.3727,0.1438,0.5,False
6,AAPL,10142.34,1.42,2.35,-0.92,9.483,14.316,0.538,39,0.457,0.0522,0.5,False
6,ARKK,9976.17,-0.24,19.93,-20.17,-3.359,-3.059,0.439,41,0.457,0.0522,0.5,False
6,GLD,9989.04,-0.11,-0.71,0.6,-1.431,-1.589,0.513,39,0.457,0.0522,0.5,False
6,IWM,9967.62,-0.32,4.36,-4.69,-8.89,-7.35,0.55,40,0.457,0.0522,0.5,False
6,KRE,10033.23,0.33,8.7,-8.37,2.452,3.314,0.41,39,0.457,0.0522,0.5,False
6,NFLX,9989.87,-0.1,4.55,-4.66,-2.747,-2.316,0.341,41,0.457,0.0522,0.5,False
6,NVDA,9949.41,-0.51,-3.7,3.19,-13.213,-10.599,0.475,40,0.457,0.0522,0.5,False
6,PYPL,9941.92,-0.58,4.22,-4.8,-11.898,-8.063,0.462,39,0.457,0.0522,0.5,False
6,QQQ,10000.23,0.0,6.5,-6.5,0.041,0.035,0.4,40,0.457,0.0522,0.5,False
6,SPY,10037.56,0.38,6.81,-6.43,6.069,7.883,0.579,38,0.457,0.0522,0.5,False
6,UNG,9903.47,-0.97,15.15,-16.12,-4.475,-3.438,0.571,42,0.457,0.0522,0.5,False
6,USO,10046.05,0.46,-1.21,1.67,2.594,2.706,0.512,41,0.457,0.0522,0.5,False
6,XBI,9960.46,-0.4,3.21,-3.61,-9.509,-8.044,0.4,40,0.457,0.0522,0.5,False
6,XLE,10109.74,1.1,5.88,-4.78,8.925,11.462,0.538,39,0.457,0.0522,0.5,False
7,AAPL,9982.83,-0.17,-7.18,7.0,-1.227,-1.113,0.537,41,0.2817,0.1144,0.5,False
7,ARKK,9970.21,-0.3,-2.54,2.24,-3.077,-2.583,0.439,41,0.2817,0.1144,0.5,False
7,GLD,10021.4,0.21,5.74,-5.53,2.128,1.994,0.538,39,0.2817,0.1144,0.5,False
7,IWM,10002.65,0.03,-3.0,3.03,0.352,0.346,0.641,39,0.2817,0.1144,0.5,False
7,KRE,9987.29,-0.13,2.78,-2.91,-4.14,-3.144,0.41,39,0.2817,0.1144,0.5,False
7,NFLX,10014.88,0.15,-0.14,0.29,3.077,3.816,0.475,40,0.2817,0.1144,0.5,False
7,NVDA,9991.76,-0.08,15.32,-15.4,-0.74,-0.664,0.512,41,0.2817,0.1144,0.5,False
7,PYPL,10129.2,1.29,-1.48,2.77,3.456,4.845,0.5,40,0.2817,0.1144,0.5,False
7,QQQ,9988.67,-0.11,1.3,-1.41,-7.616,-6.212,0.3,40,0.2817,0.1144,0.5,False
7,SPY,9983.44,-0.17,-0.35,0.19,-9.149,-6.686,0.395,38,0.2817,0.1144,0.5,False
7,UNG,9859.14,-1.41,35.22,-36.62,-5.14,-3.018,0.5,42,0.2817,0.1144,0.5,False
7,USO,9937.81,-0.62,-6.98,6.36,-4.576,-2.802,0.5,42,0.2817,0.1144,0.5,False
7,XBI,9989.95,-0.1,-3.7,3.6,-2.774,-2.654,0.359,39,0.2817,0.1144,0.5,False
7,XLE,9986.33,-0.14,-2.18,2.04,-1.523,-1.468,0.385,39,0.2817,0.1144,0.5,False
8,AAPL,9946.74,-0.53,-5.58,5.05,-13.596,-10.566,0.22,41,0.3207,0.0881,0.5,False
8,ARKK,9975.49,-0.25,5.47,-5.72,-1.501,-1.155,0.475,40,0.3207,0.0881,0.5,False
8,GLD,9993.96,-0.06,0.06,-0.12,-2.521,-2.146,0.538,39,0.3207,0.0881,0.5,False
8,IWM,9971.23,-0.29,1.97,-2.26,-7.607,-5.838,0.525,40,0.3207,0.0881,0.5,False
8,KRE,9999.6,-0.0,-0.29,0.29,-0.03,-0.032,0.375,40,0.3207,0.0881,0.5,False
8,NFLX,9973.13,-0.27,2.07,-2.33,-7.877,-6.353,0.487,39,0.3207,0.0881,0.5,False
8,NVDA,9978.18,-0.22,16.39,-16.61,-3.257,-2.767,0.585,41,0.3207,0.0881,0.5,False
8,PYPL,9960.01,-0.4,4.38,-4.78,-7.065,-4.621,0.6,40,0.3207,0.0881,0.5,False
8,QQQ,9988.1,-0.12,-0.85,0.73,-5.266,-4.612,0.462,39,0.3207,0.0881,0.5,False
8,SPY,9972.93,-0.27,3.92,-4.19,-6.175,-4.209,0.45,40,0.3207,0.0881,0.5,False
8,UNG,9932.73,-0.67,18.04,-18.71,-9.467,-7.428,0.452,42,0.3207,0.0881,0.5,False
8,USO,9964.69,-0.35,8.3,-8.65,-9.394,-8.184,0.325,40,0.3207,0.0881,0.5,False
8,XBI,9942.19,-0.58,2.34,-2.92,-12.74,-8.818,0.425,40,0.3207,0.0881,0.5,False
8,XLE,9968.48,-0.32,-14.37,14.06,-1.846,-2.613,0.3,40,0.3207,0.0881,0.5,False
9,AAPL,9978.25,-0.22,1.66,-1.88,-2.804,-2.313,0.615,39,0.4795,0.0702,0.5,False
9,ARKK,10071.49,0.71,-2.21,2.93,3.458,4.128,0.525,40,0.4795,0.0702,0.5,False
9,GLD,9966.03,-0.34,-3.04,2.7,-10.108,-6.422,0.325,40,0.4795,0.0702,0.5,False
9,IWM,9956.47,-0.44,-0.75,0.31,-10.565,-8.209,0.55,40,0.4795,0.0702,0.5,False
9,KRE,9972.53,-0.27,3.0,-3.28,-5.15,-3.331,0.5,40,0.4795,0.0702,0.5,False
9,NFLX,9964.75,-0.35,2.52,-2.87,-4.548,-3.944,0.564,39,0.4795,0.0702,0.5,False
9,NVDA,9978.76,-0.21,-3.15,2.94,-4.306,-3.726,0.488,41,0.4795,0.0702,0.5,False
9,PYPL,9936.95,-0.63,-4.46,3.82,-3.98,-3.152,0.463,41,0.4795,0.0702,0.5,False
9,QQQ,9970.46,-0.3,1.75,-2.05,-6.611,-4.167,0.5,40,0.4795,0.0702,0.5,False
9,SPY,9939.97,-0.6,-1.21,0.61,-11.745,-8.932,0.415,41,0.4795,0.0702,0.5,False
9,UNG,9968.79,-0.31,-17.9,17.59,-2.462,-1.658,0.561,41,0.4795,0.0702,0.5,False
9,USO,9966.77,-0.33,-5.01,4.68,-1.266,-1.35,0.39,41,0.4795,0.0702,0.5,False
9,XBI,9971.27,-0.29,-6.78,6.49,-1.703,-1.423,0.488,41,0.4795,0.0702,0.5,False
9,XLE,10075.46,0.75,13.04,-12.29,5.492,5.84,0.475,40,0.4795,0.0702,0.5,False
10,AAPL,9974.85,-0.25,-0.17,-0.08,-12.693,-9.763,0.475,40,0.3683,0.1911,0.5,False
10,ARKK,9957.37,-0.43,9.88,-10.31,-3.017,-2.894,0.55,40,0.3683,0.1911,0.5,False
10,GLD,9999.54,-0.0,5.19,-5.2,-0.017,-0.011,0.59,39,0.3683,0.1911,0.5,False
10,IWM,9992.6,-0.07,-4.85,4.78,-1.557,-1.419,0.513,39,0.3683,0.1911,0.5,False
10,KRE,9958.97,-0.41,8.13,-8.55,-8.825,-6.91,0.4,40,0.3683,0.1911,0.5,False
10,NFLX,9960.44,-0.4,-16.3,15.9,-8.474,-6.745,0.425,40,0.3683,0.1911,0.5,False
10,NVDA,9965.38,-0.35,-5.45,5.1,-3.367,-3.04,0.375,40,0.3683,0.1911,0.5,False
10,PYPL,9961.05,-0.39,1.43,-1.82,-9.744,-7.034,0.425,40,0.3683,0.1911,0.5,False
10,QQQ,10014.85,0.15,-2.36,2.5,2.13,2.647,0.475,40,0.3683,0.1911,0.5,False
10,SPY,9987.3,-0.13,1.34,-1.46,-9.833,-6.728,0.35,40,0.3683,0.1911,0.5,False
10,UNG,9980.54,-0.19,4.78,-4.98,-2.533,-1.965,0.439,41,0.3683,0.1911,0.5,False
10,USO,9947.63,-0.52,2.69,-3.22,-8.265,-5.633,0.39,41,0.3683,0.1911,0.5,False
10,XBI,9964.81,-0.35,2.6,-2.95,-3.185,-2.996,0.475,40,0.3683,0.1911,0.5,False
10,XLE,9993.55,-0.06,11.36,-11.42,-1.839,-1.807,0.425,40,0.3683,0.1911,0.5,False
11,AAPL,9997.09,-0.03,8.03,-8.06,-1.239,-1.602,0.41,39,0.3041,0.0538,0.5,False
11,ARKK,10126.41,1.26,18.35,-17.08,4.27,3.85,0.55,40,0.3041,0.0538,0.5,False
11,GLD,9959.21,-0.41,5.21,-5.62,-6.542,-3.915,0.375,40,0.3041,0.0538,0.5,False
11,IWM,9934.68,-0.65,-13.34,12.68,-7.936,-4.578,0.488,41,0.3041,0.0538,0.5,False
11,KRE,9987.47,-0.13,-5.94,5.81,-4.0,-3.672,0.538,39,0.3041,0.0538,0.5,False
11,NFLX,10062.63,0.63,-4.72,5.34,4.25,5.537,0.513,39,0.3041,0.0538,0.5,False
11,NVDA,9969.03,-0.31,-3.18,2.87,-2.472,-2.364,0.39,41,0.3041,0.0538,0.5,False
11,PYPL,9980.75,-0.19,-3.43,3.24,-0.522,-0.489,0.524,42,0.3041,0.0538,0.5,False
11,QQQ,10003.47,0.03,0.63,-0.6,0.368,0.327,0.526,38,0.3041,0.0538,0.5,False
11,SPY,9986.09,-0.14,2.07,-2.21,-4.102,-2.776,0.462,39,0.3041,0.0538,0.5,False
11,UNG,10086.0,0.86,-9.04,9.9,2.174,2.153,0.512,41,0.3041,0.0538,0.5,False
11,USO,9869.32,-1.31,11.02,-12.33,-9.644,-5.645,0.439,41,0.3041,0.0538,0.5,False
11,XBI,9958.98,-0.41,-4.72,4.31,-5.482,-5.022,0.525,40,0.3041,0.0538,0.5,False
11,XLE,10062.83,0.63,0.42,0.21,5.782,5.553,0.553,38,0.3041,0.0538,0.5,False
12,AAPL,10007.45,0.07,1.03,-0.96,2.019,1.987,0.579,38,0.3602,0.1291,0.5,False
12,ARKK,9985.19,-0.15,-8.16,8.01,-1.083,-0.996,0.55,40,0.3602,0.1291,0.5,False
12,GLD,9992.57,-0.07,-3.02,2.94,-3.031,-2.824,0.41,39,0.3602,0.1291,0.5,False
12,IWM,9988.55,-0.11,2.07,-2.18,-1.977,-1.803,0.35,40,0.3602,0.1291,0.5,False
12,KRE,9980.27,-0.2,6.7,-6.89,-5.3,-4.862,0.4,40,0.3602,0.1291,0.5,False
12,NFLX,9978.53,-0.21,2.95,-3.17,-7.478,-5.919,0.41,39,0.3602,0.1291,0.5,False
12,NVDA,9951.11,-0.49,-2.12,1.63,-3.702,-3.563,0.488,41,0.3602,0.1291,0.5,False
12,PYPL,10132.82,1.33,2.21,-0.89,6.815,9.616,0.59,39,0.3602,0.1291,0.5,False
12,QQQ,9977.68,-0.22,4.16,-4.38,-5.288,-4.96,0.462,39,0.3602,0.1291,0.5,False
12,SPY,10032.64,0.33,1.79,-1.46,7.059,9.015,0.513,39,0.3602,0.1291,0.5,False
12,UNG,9867.26,-1.33,-5.88,4.55,-6.508,-4.634,0.488,41,0.3602,0.1291,0.5,False
12,USO,9990.68,-0.09,-7.07,6.98,-0.571,-0.485,0.537,41,0.3602,0.1291,0.5,False
12,XBI,9961.79,-0.38,5.83,-6.22,-4.797,-4.384,0.275,40,0.3602,0.1291,0.5,False
12,XLE,9965.01,-0.35,5.25,-5.6,-4.423,-4.032,0.375,40,0.3602,0.1291,0.5,False
13,AAPL,10051.18,0.51,-0.99,1.5,3.285,4.454,0.513,39,0.2566,0.1734,0.5,False
13,ARKK,9959.73,-0.4,10.42,-10.82,-2.629,-2.646,0.55,40,0.2566,0.1734,0.5,False
13,GLD,10012.69,0.13,-3.47,3.6,1.131,1.18,0.575,40,0.2566,0.1734,0.5,False
13,IWM,9991.86,-0.08,7.29,-7.37,-3.753,-3.476,0.45,40,0.2566,0.1734,0.5,False
13,KRE,9975.12,-0.25,0.72,-0.97,-4.178,-3.446,0.475,40,0.2566,0.1734,0.5,False
13,NFLX,9983.16,-0.17,-9.27,9.1,-1.567,-1.353,0.4,40,0.2566,0.1734,0.5,False
13,NVDA,9994.02,-0.06,0.47,-0.53,-0.784,-0.74,0.5,40,0.2566,0.1734,0.5,False
13,PYPL,9910.06,-0.9,-24.35,23.45,-3.258,-2.066,0.439,41,0.2566,0.1734,0.5,False
13,QQQ,9977.03,-0.23,-2.21,1.98,-2.704,-2.729,0.5,40,0.2566,0.1734,0.5,False
13,SPY,9994.91,-0.05,1.1,-1.15,-3.456,-4.68,0.368,38,0.2566,0.1734,0.5,False
13,UNG,10470.81,4.71,11.59,-6.88,11.666,19.81,0.7,40,0.2566,0.1734,0.5,False
13,USO,10067.47,0.67,2.74,-2.07,2.45,2.615,0.415,41,0.2566,0.1734,0.5,False
13,XBI,10009.38,0.09,3.24,-3.14,0.667,0.501,0.564,39,0.2566,0.1734,0.5,False
13,XLE,10087.53,0.88,7.93,-7.06,6.204,6.972,0.564,39,0.2566,0.1734,0.5,False
14,AAPL,9993.99,-0.06,5.61,-5.67,-0.499,-0.385,0.525,40,0.495,0.1416,0.5,False
14,ARKK,9996.33,-0.04,4.15,-4.18,-0.463,-0.441,0.45,40,0.495,0.1416,0.5,False
14,GLD,9974.95,-0.25,0.8,-1.05,-8.488,-5.565,0.359,39,0.495,0.1416,0.5,False
14,IWM,9986.37,-0.14,4.95,-5.08,-3.399,-3.13,0.439,41,0.495,0.1416,0.5,False
14,KRE,9981.54,-0.18,6.74,-6.93,-1.526,-1.552,0.55,40,0.495,0.1416,0.5,False
14,NFLX,10112.25,1.12,-8.23,9.35,4.087,7.036,0.55,40,0.495,0.1416,0.5,False
14,NVDA,9961.62,-0.38,-5.48,5.1,-3.568,-2.886,0.415,41,0.495,0.1416,0.5,False
14,PYPL,9949.33,-0.51,0.03,-0.54,-10.757,-7.929,0.375,40,0.495,0.1416,0.5,False
14,QQQ,9985.83,-0.14,3.53,-3.67,-11.676,-10.42,0.231,39,0.495,0.1416,0.5,False
14,SPY,9983.86,-0.16,6.32,-6.48,-4.542,-3.543,0.475,40,0.495,0.1416,0.5,False
14,UNG,9924.91,-0.75,5.54,-6.29,-6.327,-5.224,0.439,41,0.495,0.1416,0.5,False
14,USO,9909.99,-0.9,-5.79,4.89,-15.542,-10.933,0.381,42,0.495,0.1416,0.5,False
14,XBI,9991.89,-0.08,9.23,-9.31,-1.641,-1.467,0.512,41,0.495,0.1416,0.5,False
14,XLE,9974.65,-0.25,-6.71,6.46,-3.121,-2.739,0.4,40,0.495,0.1416,0.5,False
15,AAPL,9979.74,-0.2,-7.99,7.79,-9.599,-8.915,0.35,40,0.2461,0.0741,0.4913,False
15,ARKK,9994.33,-0.06,-2.78,2.72,-0.703,-0.661,0.45,40,0.2461,0.0741,0.4913,False
15,GLD,9966.68,-0.33,-3.19,2.85,-7.38,-5.058,0.513,39,0.2461,0.0741,0.4913,False
15,IWM,9989.43,-0.11,-3.26,3.16,-3.28,-2.746,0.488,41,0.2461,0.0741,0.4913,False
15,KRE,9963.59,-0.36,-3.17,2.8,-9.324,-7.08,0.415,41,0.2461,0.0741,0.4913,False
15,NFLX,9965.95,-0.34,5.25,-5.59,-2.756,-2.514,0.526,38,0.2461,0.0741,0.4913,False
15,NVDA,9969.29,-0.31,9.83,-10.14,-7.206,-6.376,0.341,41,0.2461,0.0741,0.4913,False
15,PYPL,9906.65,-0.93,-14.1,13.17,-9.002,-6.432,0.381,42,0.2461,0.0741,0.4913,False
15,QQQ,9986.94,-0.13,9.09,-9.22,-3.903,-3.716,0.275,40,0.2461,0.0741,0.4913,False
15,SPY,9994.27,-0.06,-1.16,1.1,-0.664,-0.584,0.579,38,0.2461,0.0741,0.4913,False
15,UNG,10098.47,0.98,25.76,-24.77,2.708,3.221,0.561,41,0.2461,0.0741,0.4913,False
15,USO,9950.8,-0.49,9.34,-9.83,-5.931,-4.726,0.39,41,0.2461,0.0741,0.4913,False
15,XBI,9989.74,-0.1,-3.5,3.39,-2.463,-2.294,0.366,41,0.2461,0.0741,0.4913,False
15,XLE,10091.55,0.92,3.9,-2.99,6.095,5.884,0.538,39,0.2461,0.0741,0.4913,False
16,AAPL,9942.94,-0.57,3.51,-4.08,-3.125,-2.366,0.488,41,0.273,0.156,0.5,False
16,ARKK,9985.32,-0.15,-11.36,11.21,-2.698,-2.852,0.4,40,0.273,0.156,0.5,False
16,GLD,9989.4,-0.11,0.25,-0.36,-2.475,-2.002,0.41,39,0.273,0.156,0.5,False
16,IWM,9953.56,-0.46,-1.47,1.0,-5.405,-4.532,0.487,39,0.273,0.156,0.5,False
16,KRE,10037.5,0.38,6.31,-5.94,2.24,3.414,0.5,40,0.273,0.156,0.5,False
16,NFLX,9939.22,-0.61,-15.03,14.42,-16.838,-13.076,0.3,40,0.273,0.156,0.5,False
16,NVDA,9961.55,-0.38,-6.05,5.67,-6.765,-5.282,0.39,41,0.273,0.156,0.5,False
16,PYPL,9974.24,-0.26,-18.02,17.77,-3.46,-2.935,0.475,40,0.273,0.156,0.5,False
16,QQQ,9963.63,-0.36,-1.44,1.08,-7.161,-4.797,0.475,40,0.273,0.156,0.5,False
16,SPY,9999.84,-0.0,4.47,-4.47,-0.005,-0.006,0.5,40,0.273,0.156,0.5,False
16,UNG,9950.42,-0.5,-0.67,0.17,-3.32,-2.005,0.535,43,0.273,0.156,0.5,False
16,USO,9982.42,-0.18,-4.54,4.37,-1.407,-1.149,0.475,40,0.273,0.156,0.5,False
16,XBI,9967.11,-0.33,7.84,-8.17,-4.988,-4.945,0.5,40,0.273,0.156,0.5,False
16,XLE,9983.96,-0.16,-11.97,11.81,-3.826,-3.284,0.537,41,0.273,0.156,0.5,False
17,AAPL,9978.54,-0.21,2.24,-2.46,-4.226,-3.131,0.488,41,0.3609,0.1269,0.5,False
17,ARKK,9985.26,-0.15,6.85,-7.0,-2.891,-2.549,0.366,41,0.3609,0.1269,0.5,False
17,GLD,9969.0,-0.31,-3.84,3.53,-9.251,-5.502,0.375,40,0.3609,0.1269,0.5,False
17,IWM,9975.46,-0.25,1.13,-1.38,-3.253,-2.651,0.475,40,0.3609,0.1269,0.5,False
17,KRE,9980.15,-0.2,-7.99,7.79,-2.033,-2.089,0.487,39,0.3609,0.1269,0.5,False
17,NFLX,10062.94,0.63,6.86,-6.23,3.075,3.508,0.625,40,0.3609,0.1269,0.5,False
17,NVDA,9947.48,-0.53,11.27,-11.8,-7.518,-5.066,0.35,40,0.3609,0.1269,0.5,False
17,PYPL,9986.12,-0.14,1.82,-1.96,-1.989,-1.854,0.538,39,0.3609,0.1269,0.5,False
17,QQQ,9963.39,-0.37,-2.25,1.89,-8.61,-6.666,0.375,40,0.3609,0.1269,0.5,False
17,SPY,9986.54,-0.13,1.44,-1.58,-12.961,-11.486,0.289,38,0.3609,0.1269,0.5,False
17,UNG,9931.02,-0.69,-2.58,1.89,-3.72,-4.707,0.364,44,0.3609,0.1269,0.5,False
17,USO,10020.1,0.2,0.11,0.09,2.565,2.481,0.45,40,0.3609,0.1269,0.5,False
17,XBI,9991.12,-0.09,-2.42,2.33,-0.333,-0.276,0.561,41,0.3609,0.1269,0.5,False
17,XLE,9970.26,-0.3,2.87,-3.16,-2.34,-1.578,0.488,41,0.3609,0.1269,0.5,False
18,AAPL,10040.26,0.4,-0.14,0.54,2.967,3.476,0.538,39,0.4147,0.1082,0.5,False
18,ARKK,9929.74,-0.7,14.24,-14.94,-4.581,-3.356,0.488,41,0.4147,0.1082,0.5,False
18,GLD,9975.24,-0.25,3.1,-3.35,-6.891,-4.857,0.385,39,0.4147,0.1082,0.5,False
18,IWM,9962.38,-0.38,-8.76,8.39,-6.531,-3.928,0.55,40,0.4147,0.1082,0.5,False
18,KRE,9970.38,-0.3,1.3,-1.6,-10.648,-9.234,0.359,39,0.4147,0.1082,0.5,False
18,NFLX,9991.76,-0.08,-10.44,10.35,-0.413,-0.395,0.45,40,0.4147,0.1082,0.5,False
18,NVDA,9944.78,-0.55,7.09,-7.64,-10.556,-8.017,0.525,40,0.4147,0.1082,0.5,False
18,PYPL,9928.88,-0.71,-9.53,8.82,-5.705,-4.703,0.429,42,0.4147,0.1082,0.5,False
18,QQQ,9977.9,-0.22,-4.19,3.97,-5.806,-5.2,0.333,39,0.4147,0.1082,0.5,False
18,SPY,9992.63,-0.07,0.66,-0.74,-8.434,-6.959,0.179,39,0.4147,0.1082,0.5,False
18,UNG,9870.78,-1.29,-16.41,15.12,-3.788,-2.188,0.476,42,0.4147,0.1082,0.5,False
18,USO,9977.38,-0.23,6.93,-7.16,-1.968,-1.852,0.488,41,0.4147,0.1082,0.5,False
18,XBI,9976.77,-0.23,-7.52,7.28,-2.457,-2.104,0.45,40,0.4147,0.1082,0.5,False
18,XLE,9988.58,-0.11,7.23,-7.34,-3.743,-3.571,0.41,39,0.4147,0.1082,0.5,False
19,AAPL,9986.8,-0.13,-3.46,3.33,-3.08,-2.865,0.366,41,0.4155,0.1126,0.5,False
19,ARKK,9920.36,-0.8,2.44,-3.23,-6.494,-4.364,0.463,41,0.4155,0.1126,0.5,False
19,GLD,9988.85,-0.11,4.0,-4.11,-7.677,-6.247,0.385,39,0.4155,0.1126,0.5,False
19,IWM,9978.38,-0.22,-2.3,2.09,-8.55,-5.927,0.4,40,0.4155,0.1126,0.5,False
19,KRE,9973.48,-0.27,5.87,-6.13,-2.791,-2.304,0.5,40,0.4155,0.1126,0.5,False
19,NFLX,9964.38,-0.36,-4.0,3.65,-9.117,-6.771,0.525,40,0.4155,0.1126,0.5,False
19,NVDA,9994.38,-0.06,-0.74,0.68,-1.082,-1.216,0.45,40,0.4155,0.1126,0.5,False
19,PYPL,9966.21,-0.34,1.32,-1.66,-7.998,-5.127,0.425,40,0.4155,0.1126,0.5,False
19,QQQ,9980.2,-0.2,8.11,-8.3,-9.584,-7.402,0.41,39,0.4155,0.1126,0.5,False
19,SPY,9998.21,-0.02,1.89,-1.91,-0.368,-0.36,0.564,39,0.4155,0.1126,0.5,False
19,UNG,10046.62,0.47,2.83,-2.37,1.872,2.092,0.634,41,0.4155,0.1126,0.5,False
19,USO,9991.77,-0.08,-13.21,13.12,-1.645,-1.506,0.425,40,0.4155,0.1126,0.5,False
19,XBI,9962.86,-0.37,-0.54,0.17,-5.885,-4.749,0.41,39,0.4155,0.1126,0.5,False
19,XLE,9980.61,-0.19,-2.5,2.31,-2.173,-2.257,0.436,39,0.4155,0.1126,0.5,False
20,AAPL,9988.03,-0.12,3.26,-3.38,-6.16,-5.9,0.282,39,0.2594,0.0498,0.5,False
20,ARKK,9984.2,-0.16,12.16,-12.32,-4.293,-3.686,0.5,40,0.2594,0.0498,0.5,False
20,GLD,9975.77,-0.24,0.52,-0.76,-12.035,-8.354,0.308,39,0.2594,0.0498,0.5,False
20,IWM,9978.27,-0.22,-0.14,-0.08,-3.349,-2.669,0.513,39,0.2594,0.0498,0.5,False
20,KRE,10000.22,0.0,1.67,-1.67,0.07,0.073,0.45,40,0.2594,0.0498,0.5,False
20,NFLX,9953.47,-0.47,10.81,-11.28,-3.294,-3.205,0.525,40,0.2594,0.0498,0.5,False
20,NVDA,9986.4,-0.14,8.68,-8.82,-0.443,-0.369,0.6,40,0.2594,0.0498,0.5,False
20,PYPL,9942.33,-0.58,0.57,-1.15,-5.426,-4.046,0.5,40,0.2594,0.0498,0.5,False
20,QQQ,9973.12,-0.27,-11.82,11.55,-3.668,-3.057,0.55,40,0.2594,0.0498,0.5,False
20,SPY,10068.91,0.69,0.66,0.03,7.728,9.404,0.59,39,0.2594,0.0498,0.5,False
20,UNG,10060.68,0.61,2.65,-2.04,2.014,2.006,0.538,39,0.2594,0.0498,0.5,False
20,USO,9987.01,-0.13,6.9,-7.03,-0.705,-0.666,0.6,40,0.2594,0.0498,0.5,False
20,XBI,9937.06,-0.63,5.88,-6.51,-3.298,-2.006,0.55,40,0.2594,0.0498,0.5,False
20,XLE,9971.19,-0.29,-4.33,4.05,-7.712,-5.966,0.475,40,0.2594,0.0498,0.5,False
21,AAPL,9979.08,-0.21,-5.73,5.53,-7.726,-5.867,0.538,39,0.2129,0.1354,0.5,False
21,ARKK,9964.94,-0.35,-6.52,6.17,-2.317,-2.522,0.475,40,0.2129,0.1354,0.5,False
21,GLD,9985.75,-0.14,4.51,-4.65,-4.717,-3.219,0.375,40,0.2129,0.1354,0.5,False
21,IWM,9998.26,-0.02,7.12,-7.14,-0.597,-0.584,0.487,39,0.2129,0.1354,0.5,False
21,KRE,9972.1,-0.28,-8.21,7.93,-7.408,-5.556,0.45,40,0.2129,0.1354,0.5,False
21,NFLX,9959.4,-0.41,-4.26,3.86,-6.502,-6.383,0.5,42,0.2129,0.1354,0.5,False
21,NVDA,9953.79,-0.46,22.92,-23.38,-5.133,-4.73,0.341,41,0.2129,0.1354,0.5,False
21,PYPL,9963.96,-0.36,-0.69,0.33,-4.538,-4.082,0.575,40,0.2129,0.1354,0.5,False
21,QQQ,9898.39,-1.02,-10.6,9.58,-5.236,-3.055,0.39,41,0.2129,0.1354,0.5,False
21,SPY,9969.7,-0.3,1.2,-1.5,-8.717,-6.188,0.45,40,0.2129,0.1354,0.5,False
21,UNG,9963.78,-0.36,-14.57,14.21,-0.786,-0.589,0.5,42,0.2129,0.1354,0.5,False
21,USO,9998.38,-0.02,-21.67,21.65,-0.287,-0.265,0.475,40,0.2129,0.1354,0.5,False
21,XBI,9985.74,-0.14,-0.6,0.45,-4.593,-3.562,0.5,40,0.2129,0.1354,0.5,False
21,XLE,9953.74,-0.46,9.4,-9.86,-5.738,-4.143,0.463,41,0.2129,0.1354,0.5,False
22,AAPL,9986.43,-0.14,0.8,-0.93,-2.122,-1.859,0.425,40,0.3518,0.0436,0.5,False
22,ARKK,9970.16,-0.3,7.82,-8.12,-2.453,-2.306,0.525,40,0.3518,0.0436,0.5,False
22,GLD,9986.35,-0.14,-2.03,1.9,-3.105,-1.981,0.436,39,0.3518,0.0436,0.5,False
22,IWM,9979.31,-0.21,1.1,-1.31,-8.243,-6.714,0.45,40,0.3518,0.0436,0.5,False
22,KRE,9988.16,-0.12,2.81,-2.93,-0.971,-0.894,0.575,40,0.3518,0.0436,0.5,False
22,NFLX,10001.63,0.02,3.39,-3.37,0.182,0.186,0.561,41,0.3518,0.0436,0.5,False
22,NVDA,9938.15,-0.62,9.8,-10.42,-2.445,-1.65,0.488,41,0.3518,0.0436,0.5,False
22,PYPL,9958.26,-0.42,3.33,-3.75,-9.868,-7.223,0.45,40,0.3518,0.0436,0.5,False
22,QQQ,9987.94,-0.12,1.65,-1.77,-5.437,-5.003,0.375,40,0.3518,0.0436,0.5,False
22,SPY,10120.51,1.21,-1.37,2.57,5.972,6.007,0.615,39,0.3518,0.0436,0.5,False
22,UNG,10099.46,0.99,17.95,-16.95,2.987,3.361,0.463,41,0.3518,0.0436,0.5,False
22,USO,9952.64,-0.47,2.18,-2.65,-3.064,-1.954,0.537,41,0.3518,0.0436,0.5,False
22,XBI,9970.86,-0.29,-2.39,2.09,-5.512,-4.483,0.45,40,0.3518,0.0436,0.5,False
22,XLE,9976.94,-0.23,-1.81,1.58,-2.251,-1.71,0.45,40,0.3518,0.0436,0.5,False
23,AAPL,9984.64,-0.15,1.09,-1.24,-6.569,-5.703,0.475,40,0.2113,0.0345,0.5,False
23,ARKK,9963.86,-0.36,1.84,-2.2,-3.146,-2.819,0.5,40,0.2113,0.0345,0.5,False
23,GLD,9974.25,-0.26,-0.07,-0.19,-6.135,-4.148,0.5,38,0.2113,0.0345,0.5,False
23,IWM,9976.02,-0.24,2.39,-2.63,-5.02,-3.244,0.45,40,0.2113,0.0345,0.5,False
23,KRE,9988.7,-0.11,-6.59,6.48,-4.576,-4.095,0.5,40,0.2113,0.0345,0.5,False
23,NFLX,9962.71,-0.37,6.13,-6.5,-9.119,-6.099,0.4,40,0.2113,0.0345,0.5,False
23,NVDA,9924.26,-0.76,-2.55,1.79,-13.916,-10.53,0.268,41,0.2113,0.0345,0.5,False
23,PYPL,9999.04,-0.01,-3.55,3.54,-0.049,-0.041,0.55,40,0.2113,0.0345,0.5,False
23,QQQ,9958.08,-0.42,6.42,-6.84,-5.468,-3.476,0.375,40,0.2113,0.0345,0.5,False
23,SPY,9958.68,-0.41,3.05,-3.47,-6.952,-4.505,0.45,40,0.2113,0.0345,0.5,False
23,UNG,9908.04,-0.92,-12.19,11.27,-5.457,-3.434,0.488,41,0.2113,0.0345,0.5,False
23,USO,10165.17,1.65,3.11,-1.46,4.894,4.949,0.561,41,0.2113,0.0345,0.5,False
23,XBI,10002.44,0.02,5.14,-5.11,0.311,0.305,0.6,40,0.2113,0.0345,0.5,False
23,XLE,10012.27,0.12,4.61,-4.49,2.473,2.512,0.462,39,0.2113,0.0345,0.5,False
24,AAPL,10014.72,0.15,-5.99,6.14,1.299,1.442,0.475,40,0.2039,0.0485,0.5,False
24,ARKK,9928.0,-0.72,-10.28,9.56,-8.003,-4.894,0.366,41,0.2039,0.0485,0.5,False
24,GLD,9989.99,-0.1,0.16,-0.26,-7.76,-6.23,0.366,41,0.2039,0.0485,0.5,False
24,IWM,9986.64,-0.13,-1.96,1.83,-1.129,-0.904,0.525,40,0.2039,0.0485,0.5,False
24,KRE,9974.84,-0.25,4.28,-4.53,-4.539,-4.07,0.415,41,0.2039,0.0485,0.5,False
24,NFLX,9968.96,-0.31,-11.81,11.5,-10.239,-7.786,0.35,40,0.2039,0.0485,0.5,False
24,NVDA,9955.95,-0.44,-0.76,0.32,-4.628,-4.166,0.6,40,0.2039,0.0485,0.5,False
24,PYPL,9976.96,-0.23,3.11,-3.34,-2.843,-2.651,0.415,41,0.2039,0.0485,0.5,False
24,QQQ,9965.24,-0.35,-10.34,9.99,-2.375,-2.287,0.487,39,0.2039,0.0485,0.5,False
24,SPY,9990.33,-0.1,-3.51,3.41,-8.176,-6.71,0.45,40,0.2039,0.0485,0.5,False
24,UNG,9921.43,-0.79,15.04,-15.82,-3.028,-2.002,0.524,42,0.2039,0.0485,0.5,False
24,USO,10007.2,0.07,-2.76,2.83,0.405,0.4,0.5,40,0.2039,0.0485,0.5,False
24,XBI,9978.3,-0.22,-3.68,3.47,-9.474,-7.341,0.462,39,0.2039,0.0485,0.5,False
24,XLE,9976.62,-0.23,-5.87,5.64,-7.814,-7.474,0.41,39,0.2039,0.0485,0.5,False
25,AAPL,9979.16,-0.21,-2.99,2.79,-4.687,-3.496,0.35,40,0.2576,0.1146,0.5,False
25,ARKK,9961.55,-0.38,-12.14,11.75,-3.334,-2.789,0.4,40,0.2576,0.1146,0.5,False
25,GLD,10008.87,0.09,-3.82,3.9,1.105,1.062,0.487,39,0.2576,0.1146,0.5,False
25,IWM,9990.12,-0.1,3.2,-3.29,-0.7,-0.627,0.537,41,0.2576,0.1146,0.5,False
25,KRE,9991.92,-0.08,1.44,-1.52,-2.179,-2.366,0.425,40,0.2576,0.1146,0.5,False
25,NFLX,9934.8,-0.65,6.96,-7.61,-3.845,-2.634,0.429,42,0.2576,0.1146,0.5,False
25,NVDA,10320.93,3.21,-1.38,4.59,11.605,14.59,0.615,39,0.2576,0.1146,0.5,False
25,PYPL,9974.61,-0.25,-4.2,3.95,-4.298,-2.853,0.462,39,0.2576,0.1146,0.5,False
25,QQQ,9936.75,-0.63,-0.18,-0.45,-7.314,-5.469,0.262,42,0.2576,0.1146,0.5,False
25,SPY,9993.3,-0.07,-1.99,1.93,-2.44,-2.258,0.462,39,0.2576,0.1146,0.5,False
25,UNG,9867.03,-1.33,-14.43,13.1,-9.802,-5.876,0.415,41,0.2576,0.1146,0.5,False
25,USO,9915.51,-0.84,-12.71,11.87,-8.749,-5.568,0.537,41,0.2576,0.1146,0.5,False
25,XBI,9954.38,-0.46,0.03,-0.48,-6.048,-5.304,0.525,40,0.2576,0.1146,0.5,False
25,XLE,9966.35,-0.34,2.1,-2.43,-4.903,-4.685,0.341,41,0.2576,0.1146,0.5,False
1,AAPL,10217.64,2.18,0.36,1.82,11.779,15.221,0.6,40,0.251,0.0745,0.5,False
1,ARKK,10194.13,1.94,-1.02,2.97,3.553,3.426,0.488,41,0.251,0.0745,0.5,False
1,GLD,9973.25,-0.27,-3.27,3.0,-3.443,-2.362,0.421,38,0.251,0.0745,0.5,False
1,IWM,9983.36,-0.17,1.4,-1.57,-6.012,-4.924,0.436,39,0.251,0.0745,0.5,False
1,KRE,9970.64,-0.29,-1.93,1.64,-3.474,-2.923,0.59,39,0.251,0.0745,0.5,False
1,NFLX,9986.53,-0.13,2.29,-2.43,-0.772,-0.652,0.512,41,0.251,0.0745,0.5,False
1,NVDA,9992.28,-0.08,1.48,-1.56,-1.006,-0.964,0.45,40,0.251,0.0745,0.5,False
1,PYPL,9991.52,-0.08,10.55,-10.64,-2.081,-2.007,0.425,40,0.251,0.0745,0.5,False
1,QQQ,9991.02,-0.09,-6.27,6.18,-1.219,-1.047,0.537,41,0.251,0.0745,0.5,False
1,SPY,9974.65,-0.25,-1.9,1.65,-6.018,-5.683,0.436,39,0.251,0.0745,0.5,False
1,UNG,10161.3,1.61,-17.27,18.88,3.314,5.376,0.476,42,0.251,0.0745,0.5,False
1,USO,9963.55,-0.36,-5.29,4.93,-3.15,-2.4,0.571,42,0.251,0.0745,0.5,False
1,XBI,9974.6,-0.25,3.89,-4.14,-6.65,-7.189,0.425,40,0.251,0.0745,0.5,False
1,XLE,9970.12,-0.3,-6.14,5.84,-4.557,-3.616,0.525,40,0.251,0.0745,0.5,False
2,AAPL,10037.31,0.37,-2.18,2.56,4.238,3.949,0.641,39,0.3548,0.1309,0.5,False
2,ARKK,9974.14,-0.26,14.53,-14.79,-4.733,-3.773,0.359,39,0.3548,0.1309,0.5,False
2,GLD,10018.0,0.18,0.9,-0.72,1.968,2.257,0.487,39,0.3548,0.1309,0.5,False
2,IWM,9985.37,-0.15,4.81,-4.96,-2.561,-2.456,0.41,39,0.3548,0.1309,0.5,False
2,KRE,9981.3,-0.19,3.99,-4.18,-1.08,-0.991,0.564,39,0.3548,0.1309,0.5,False
2,NFLX,10317.08,3.17,13.18,-10.01,8.311,14.205,0.625,40,0.3548,0.1309,0.5,False
2,NVDA,9934.59,-0.65,-4.22,3.57,-6.11,-3.844,0.5,42,0.3548,0.1309,0.5,False
2,PYPL,9967.7,-0.32,-6.45,6.13,-2.957,-2.284,0.564,39,0.3548,0.1309,0.5,False
2,QQQ,9982.89,-0.17,-0.45,0.28,-2.33,-2.781,0.475,40,0.3548,0.1309,0.5,False
2,SPY,9980.24,-0.2,0.22,-0.42,-4.604,-3.637,0.375,40,0.3548,0.1309,0.5,False
2,UNG,9911.44,-0.89,-6.47,5.58,-3.017,-1.865,0.429,42,0.3548,0.1309,0.5,False
2,USO,9904.73,-0.95,-9.05,8.1,-4.216,-2.811,0.475,40,0.3548,0.1309,0.5,False
2,XBI,10027.02,0.27,-7.4,7.67,1.365,1.266,0.512,41,0.3548,0.1309,0.5,False
2,XLE,9995.71,-0.04,15.45,-15.49,-0.211,-0.165,0.45,40,0.3548,0.1309,0.5,False
3,AAPL,9975.28,-0.25,7.35,-7.6,-7.558,-5.835,0.308,39,0.3181,0.0764,0.5,False
3,ARKK,10002.28,0.02,0.3,-0.27,0.141,0.122,0.667,39,0.3181,0.0764,0.5,False
3,GLD,10000.66,0.01,-0.47,0.48,0.094,0.087,0.538,39,0.3181,0.0764,0.5,False
3,IWM,10037.17,0.37,-0.52,0.89,4.021,5.528,0.487,39,0.3181,0.0764,0.5,False
3,KRE,9974.49,-0.26,1.13,-1.38,-6.931,-4.735,0.447,38,0.3181,0.0764,0.5,False
3,NFLX,9969.22,-0.31,-13.41,13.11,-6.447,-5.194,0.488,41,0.3181,0.0764,0.5,False
3,NVDA,10078.48,0.78,3.11,-2.33,4.543,5.786,0.5,40,0.3181,0.0764,0.5,False
3,PYPL,9919.65,-0.8,-8.5,7.7,-7.121,-4.495,0.488,41,0.3181,0.0764,0.5,False
3,QQQ,9997.13,-0.03,-4.31,4.28,-0.3,-0.348,0.575,40,0.3181,0.0764,0.5,False
3,SPY,9997.43,-0.03,1.52,-1.54,-1.705,-2.201,0.333,39,0.3181,0.0764,0.5,False
3,UNG,10042.41,0.42,24.31,-23.88,1.358,1.109,0.595,42,0.3181,0.0764,0.5,False
3,USO,9982.23,-0.18,-2.95,2.77,-0.674,-0.61,0.525,40,0.3181,0.0764,0.5,False
3,XBI,9990.92,-0.09,-0.02,-0.07,-0.584,-0.644,0.4,40,0.3181,0.0764,0.5,False
3,XLE,9985.67,-0.14,6.05,-6.19,-2.453,-1.584,0.375,40,0.3181,0.0764,0.5,False
4,AAPL,9979.35,-0.21,6.26,-6.46,-7.349,-6.227,0.325,40,0.2908,0.0715,0.5,False
4,ARKK,9969.7,-0.3,7.67,-7.97,-3.046,-2.381,0.463,41,0.2908,0.0715,0.5,False
4,GLD,9982.15,-0.18,-2.04,1.86,-2.882,-2.951,0.425,40,0.2908,0.0715,0.5,False
4,IWM,10056.59,0.57,-0.29,0.86,5.456,5.941,0.55,40,0.2908,0.0715,0.5,False
4,KRE,9961.86,-0.38,4.12,-4.5,-4.215,-2.823,0.5,40,0.2908,0.0715,0.5,False
4,NFLX,9954.61,-0.45,-42.36,41.91,-8.968,-8.122,0.429,42,0.2908,0.0715,0.5,False
4,NVDA,9978.15,-0.22,-8.91,8.7,-2.211,-1.737,0.5,42,0.2908,0.0715,0.5,False
4,PYPL,10052.0,0.52,3.84,-3.32,3.455,3.613,0.475,40,0.2908,0.0715,0.5,False
4,QQQ,9981.06,-0.19,-2.23,2.04,-3.99,-3.215,0.425,40,0.2908,0.0715,0.5,False
4,SPY,9984.4,-0.16,1.19,-1.34,-13.827,-9.344,0.342,38,0.2908,0.0715,0.5,False
4,UNG,9966.81,-0.33,-10.03,9.7,-1.651,-1.213,0.395,43,0.2908,0.0715,0.5,False
4,USO,10152.59,1.53,-0.96,2.49,5.657,8.533,0.561,41,0.2908,0.0715,0.5,False
4,XBI,9988.99,-0.11,13.49,-13.6,-0.532,-0.385,0.561,41,0.2908,0.0715,0.5,False
4,XLE,9990.25,-0.1,13.94,-14.04,-2.731,-2.467,0.375,40,0.2908,0.0715,0.5,False
5,AAPL,9963.55,-0.36,-8.07,7.71,-7.373,-4.896,0.425,40,0.3832,0.071,0.5,False
5,ARKK,10027.78,0.28,1.32,-1.04,1.08,1.09,0.575,40,0.3832,0.071,0.5,False
5,GLD,9985.85,-0.14,-1.39,1.25,-7.136,-4.934,0.487,39,0.3832,0.071,0.5,False
5,IWM,10000.2,0.0,2.21,-2.21,0.082,0.084,0.487,39,0.3832,0.071,0.5,False
5,KRE,9986.27,-0.14,-5.91,5.77,-3.879,-3.707,0.5,40,0.3832,0.071,0.5,False
5,NFLX,9994.7,-0.05,3.64,-3.69,-1.485,-1.192,0.513,39,0.3832,0.071,0.5,False
5,NVDA,9963.84,-0.36,-9.34,8.98,-7.686,-7.571,0.325,40,0.3832,0.071,0.5,False
5,PYPL,10327.22,3.27,2.55,0.72,4.829,8.948,0.575,40,0.3832,0.071,0.5,False
5,QQQ,9974.02,-0.26,5.92,-6.17,-4.166,-3.96,0.35,40,0.3832,0.071,0.5,False
5,SPY,9991.22,-0.09,-2.47,2.39,-4.067,-4.68,0.41,39,0.3832,0.071,0.5,False
5,UNG,9981.19,-0.19,17.81,-18.0,-3.877,-3.725,0.415,41,0.3832,0.071,0.5,False
5,USO,10090.86,0.91,10.53,-9.62,4.898,6.153,0.575,40,0.3832,0.071,0.5,False
5,XBI,10005.81,0.06,-0.39,0.45,0.444,0.41,0.5,40,0.3832,0.071,0.5,False
5,XLE,9991.14,-0.09,3.41,-3.5,-1.712,-1.671,0.375,40,0.3832,0.071,0.5,False
6,AAPL,9972.28,-0.28,0.52,-0.8,-6.998,-5.689,0.45,40,0.2795,0.1791,0.5,False
6,ARKK,9989.68,-0.1,-7.46,7.35,-2.001,-1.592,0.488,41,0.2795,0.1791,0.5,False
6,GLD,9992.73,-0.07,-0.46,0.39,-6.86,-5.809,0.359,39,0.2795,0.1791,0.5,False
6,IWM,10004.53,0.05,3.34,-3.29,0.684,0.72,0.436,39,0.2795,0.1791,0.5,False
6,KRE,9961.0,-0.39,21.4,-21.79,-6.098,-3.98,0.45,40,0.2795,0.1791,0.5,False
6,NFLX,10001.42,0.01,0.18,-0.17,0.15,0.177,0.5,40,0.2795,0.1791,0.5,False
6,NVDA,9933.98,-0.66,24.76,-25.42,-11.601,-8.396,0.4,40,0.2795,0.1791,0.5,False
6,PYPL,9977.83,-0.22,0.67,-0.89,-6.167,-4.856,0.415,41,0.2795,0.1791,0.5,False
6,QQQ,9992.42,-0.08,-0.44,0.37,-4.865,-3.584,0.333,39,0.2795,0.1791,0.5,False
6,SPY,9992.61,-0.07,0.93,-1.0,-6.145,-5.303,0.333,39,0.2795,0.1791,0.5,False
6,UNG,10001.32,0.01,20.97,-20.95,0.085,0.087,0.465,43,0.2795,0.1791,0.5,False
6,USO,9973.76,-0.26,-4.8,4.53,-2.447,-1.49,0.415,41,0.2795,0.1791,0.5,False
6,XBI,9962.75,-0.37,-5.24,4.86,-2.6,-2.729,0.561,41,0.2795,0.1791,0.5,False
6,XLE,9945.28,-0.55,-13.38,12.84,-3.676,-2.847,0.537,41,0.2795,0.1791,0.5,False
7,AAPL,9986.93,-0.13,-8.26,8.13,-4.268,-5.244,0.282,39,0.3362,0.0513,0.5,False
7,ARKK,9960.43,-0.4,-14.35,13.95,-4.057,-4.053,0.476,42,0.3362,0.0513,0.5,False
7,GLD,10082.53,0.83,3.03,-2.21,8.211,11.306,0.538,39,0.3362,0.0513,0.5,False
7,IWM,9981.66,-0.18,-5.87,5.69,-7.688,-6.13,0.333,39,0.3362,0.0513,0.5,False
7,KRE,9977.53,-0.22,8.36,-8.58,-4.629,-3.795,0.436,39,0.3362,0.0513,0.5,False
7,NFLX,9937.82,-0.62,7.07,-7.69,-9.596,-6.864,0.381,42,0.3362,0.0513,0.5,False
7,NVDA,9985.92,-0.14,-2.46,2.32,-3.959,-3.92,0.375,40,0.3362,0.0513,0.5,False
7,PYPL,10063.46,0.63,-5.2,5.84,2.722,3.475,0.55,40,0.3362,0.0513,0.5,False
7,QQQ,9946.42,-0.54,-2.51,1.97,-3.059,-2.754,0.525,40,0.3362,0.0513,0.5,False
7,SPY,10029.54,0.3,-2.49,2.79,4.38,4.098,0.641,39,0.3362,0.0513,0.5,False
7,UNG,9926.19,-0.74,-7.12,6.38,-6.136,-4.681,0.476,42,0.3362,0.0513,0.5,False
7,USO,10327.06,3.27,8.01,-4.74,11.796,17.624,0.65,40,0.3362,0.0513,0.5,False
7,XBI,9966.18,-0.34,2.27,-2.6,-2.041,-1.605,0.439,41,0.3362,0.0513,0.5,False
7,XLE,9983.61,-0.16,7.28,-7.44,-2.953,-2.233,0.325,40,0.3362,0.0513,0.5,False
8,AAPL,9945.43,-0.55,5.94,-6.48,-3.021,-1.922,0.537,41,0.4208,0.0711,0.5,False
8,ARKK,9920.06,-0.8,8.99,-9.79,-8.796,-7.172,0.512,41,0.4208,0.0711,0.5,False
8,GLD,9996.46,-0.04,-4.28,4.24,-1.216,-1.27,0.4,40,0.4208,0.0711,0.5,False
8,IWM,10042.8,0.43,3.25,-2.82,3.208,4.209,0.538,39,0.4208,0.0711,0.5,False
8,KRE,9959.34,-0.41,2.48,-2.88,-6.744,-4.796,0.513,39,0.4208,0.0711,0.5,False
8,NFLX,9925.7,-0.74,-13.29,12.55,-6.178,-4.441,0.524,42,0.4208,0.0711,0.5,False
8,NVDA,9961.94,-0.38,27.09,-27.47,-7.561,-6.326,0.429,42,0.4208,0.0711,0.5,False
8,PYPL,9964.04,-0.36,-7.76,7.4,-4.813,-3.634,0.415,41,0.4208,0.0711,0.5,False
8,QQQ,9973.66,-0.26,0.27,-0.53,-4.511,-4.147,0.375,40,0.4208,0.0711,0.5,False
8,SPY,9992.45,-0.08,1.06,-1.14,-3.002,-3.099,0.359,39,0.4208,0.0711,0.5,False
8,UNG,10085.33,0.85,38.83,-37.98,1.977,1.467,0.525,40,0.4208,0.0711,0.5,False
8,USO,10151.33,1.51,-0.42,1.93,6.835,8.403,0.6,40,0.4208,0.0711,0.5,False
8,XBI,9984.27,-0.16,-2.38,2.23,-3.873,-3.646,0.525,40,0.4208,0.0711,0.5,False
8,XLE,9991.01,-0.09,-3.68,3.59,-0.928,-0.935,0.375,40,0.4208,0.0711,0.5,False
9,AAPL,9944.68,-0.55,-0.44,-0.11,-5.383,-4.116,0.537,41,0.3655,0.0552,0.5,False
9,ARKK,9946.87,-0.53,-9.77,9.24,-2.468,-2.828,0.429,42,0.3655,0.0552,0.5,False
9,GLD,9991.06,-0.09,2.51,-2.6,-1.913,-1.658,0.385,39,0.3655,0.0552,0.5,False
9,IWM,9967.08,-0.33,-0.25,-0.08,-3.37,-2.275,0.538,39,0.3655,0.0552,0.5,False
9,KRE,9986.92,-0.13,-0.07,-0.06,-4.461,-3.556,0.39,41,0.3655,0.0552,0.5,False
9,NFLX,9975.86,-0.24,6.2,-6.44,-7.018,-4.755,0.375,40,0.3655,0.0552,0.5,False
9,NVDA,9911.58,-0.88,-9.43,8.54,-5.794,-5.998,0.463,41,0.3655,0.0552,0.5,False
9,PYPL,9966.68,-0.33,-18.65,18.31,-2.52,-2.058,0.571,42,0.3655,0.0552,0.5,False
9,QQQ,10183.86,1.84,2.04,-0.2,6.534,12.964,0.65,40,0.3655,0.0552,0.5,False
9,SPY,9974.85,-0.25,-2.44,2.18,-7.405,-4.872,0.462,39,0.3655,0.0552,0.5,False
9,UNG,10036.57,0.37,-10.46,10.82,1.508,1.614,0.561,41,0.3655,0.0552,0.5,False
9,USO,9929.8,-0.7,13.23,-13.93,-3.833,-3.394,0.5,40,0.3655,0.0552,0.5,False
9,XBI,10044.98,0.45,0.83,-0.38,3.242,2.591,0.615,39,0.3655,0.0552,0.5,False
9,XLE,9988.45,-0.12,-0.18,0.07,-2.797,-2.674,0.436,39,0.3655,0.0552,0.5,False
10,AAPL,9999.62,-0.0,2.22,-2.22,-0.081,-0.078,0.462,39,0.3387,0.0404,0.5,False
10,ARKK,9957.83,-0.42,23.62,-24.04,-1.542,-1.02,0.6,40,0.3387,0.0404,0.5,False
10,GLD,9992.32,-0.08,-1.12,1.04,-5.257,-4.449,0.385,39,0.3387,0.0404,0.5,False
10,IWM,9956.2,-0.44,-7.8,7.36,-4.033,-2.469,0.5,40,0.3387,0.0404,0.5,False
10,KRE,10002.42,0.02,1.15,-1.12,0.158,0.164,0.55,40,0.3387,0.0404,0.5,False
10,NFLX,9911.07,-0.89,-9.5,8.61,-8.181,-5.861,0.425,40,0.3387,0.0404,0.5,False
10,NVDA,9971.92,-0.28,9.11,-9.39,-4.377,-3.806,0.575,40,0.3387,0.0404,0.5,False
10,PYPL,9937.41,-0.63,-15.91,15.28,-3.174,-2.813,0.45,40,0.3387,0.0404,0.5,False
10,QQQ,9972.4,-0.28,2.42,-2.7,-6.851,-5.397,0.45,40,0.3387,0.0404,0.5,False
10,SPY,9991.12,-0.09,-0.52,0.44,-7.568,-6.298,0.4,40,0.3387,0.0404,0.5,False
10,UNG,9970.49,-0.3,-8.73,8.43,-3.661,-2.991,0.39,41,0.3387,0.0404,0.5,False
10,USO,9953.72,-0.46,9.85,-10.31,-4.613,-3.93,0.375,40,0.3387,0.0404,0.5,False
10,XBI,9993.16,-0.07,2.99,-3.06,-0.322,-0.382,0.452,42,0.3387,0.0404,0.5,False
10,XLE,9953.06,-0.47,-6.32,5.85,-6.389,-4.435,0.463,41,0.3387,0.0404,0.5,False
11,AAPL,10039.72,0.4,-3.54,3.93,3.822,4.728,0.513,39,0.4241,0.1106,0.5,False
11,ARKK,9948.6,-0.51,-8.41,7.9,-6.505,-4.104,0.4,40,0.4241,0.1106,0.5,False
11,GLD,9972.68,-0.27,-1.46,1.19,-4.152,-4.328,0.359,39,0.4241,0.1106,0.5,False
11,IWM,9991.69,-0.08,-6.87,6.79,-2.523,-2.106,0.425,40,0.4241,0.1106,0.5,False
11,KRE,9965.05,-0.35,7.64,-7.99,-5.731,-3.628,0.415,41,0.4241,0.1106,0.5,False
11,NFLX,9990.77,-0.09,7.68,-7.77,-0.512,-0.44,0.537,41,0.4241,0.1106,0.5,False
11,NVDA,9949.58,-0.5,-14.56,14.05,-4.033,-3.647,0.425,40,0.4241,0.1106,0.5,False
11,PYPL,9991.66,-0.08,-1.17,1.08,-1.396,-1.075,0.5,40,0.4241,0.1106,0.5,False
11,QQQ,9982.54,-0.17,3.68,-3.86,-12.511,-10.826,0.275,40,0.4241,0.1106,0.5,False
11,SPY,9943.26,-0.57,6.62,-7.19,-6.082,-3.63,0.425,40,0.4241,0.1106,0.5,False
11,UNG,9911.26,-0.89,4.42,-5.31,-2.079,-1.47,0.5,44,0.4241,0.1106,0.5,False
11,USO,9972.9,-0.27,8.11,-8.39,-4.552,-3.974,0.39,41,0.4241,0.1106,0.5,False
11,XBI,10058.32,0.58,7.58,-6.99,4.959,5.49,0.525,40,0.4241,0.1106,0.5,False
11,XLE,9992.43,-0.08,6.52,-6.6,-1.693,-1.493,0.5,40,0.4241,0.1106,0.5,False
12,AAPL,9969.98,-0.3,6.9,-7.2,-12.569,-9.676,0.325,40,0.2814,0.0838,0.5,False
12,ARKK,9951.97,-0.48,5.46,-5.94,-1.991,-1.996,0.39,41,0.2814,0.0838,0.5,False
12,GLD,10046.07,0.46,-0.01,0.48,8.372,11.61,0.605,38,0.2814,0.0838,0.5,False
12,IWM,9970.56,-0.29,-0.71,0.42,-3.914,-3.035,0.525,40,0.2814,0.0838,0.5,False
12,KRE,9977.08,-0.23,-0.31,0.08,-5.441,-4.894,0.5,40,0.2814,0.0838,0.5,False
12,NFLX,9964.17,-0.36,9.34,-9.7,-6.223,-5.143,0.415,41,0.2814,0.0838,0.5,False
12,NVDA,9941.63,-0.58,20.2,-20.78,-6.726,-4.632,0.395,43,0.2814,0.0838,0.5,False
12,PYPL,9988.3,-0.12,7.67,-7.78,-1.547,-1.665,0.462,39,0.2814,0.0838,0.5,False
12,QQQ,9990.07,-0.1,5.87,-5.97,-4.266,-2.98,0.45,40,0.2814,0.0838,0.5,False
12,SPY,9992.4,-0.08,0.68,-0.76,-2.232,-1.977,0.359,39,0.2814,0.0838,0.5,False
12,UNG,9870.08,-1.3,-15.39,14.09,-10.412,-7.036,0.419,43,0.2814,0.0838,0.5,False
12,USO,9948.77,-0.51,9.88,-10.39,-3.874,-2.273,0.585,41,0.2814,0.0838,0.5,False
12,XBI,10168.87,1.69,-3.55,5.24,7.608,11.353,0.55,40,0.2814,0.0838,0.5,False
12,XLE,9971.86,-0.28,-8.62,8.34,-1.264,-0.952,0.575,40,0.2814,0.0838,0.5,False
13,AAPL,9961.05,-0.39,-3.51,3.12,-11.015,-9.8,0.275,40,0.266,0.0261,0.4934,False
13,ARKK,9914.12,-0.86,14.13,-14.99,-5.212,-3.449,0.415,41,0.266,0.0261,0.4934,False
13,GLD,9984.89,-0.15,2.24,-2.39,-2.625,-3.314,0.41,39,0.266,0.0261,0.4934,False
13,IWM,9975.06,-0.25,-2.09,1.84,-4.92,-4.505,0.425,40,0.266,0.0261,0.4934,False
13,KRE,10029.77,0.3,0.99,-0.7,2.228,2.691,0.5,40,0.266,0.0261,0.4934,False
13,NFLX,10195.58,1.96,-4.22,6.18,8.912,10.537,0.564,39,0.266,0.0261,0.4934,False
13,NVDA,9972.99,-0.27,36.5,-36.77,-3.208,-2.918,0.452,42,0.266,0.0261,0.4934,False
13,PYPL,9985.26,-0.15,2.11,-2.26,-1.076,-0.871,0.564,39,0.266,0.0261,0.4934,False
13,QQQ,9979.93,-0.2,-4.77,4.57,-4.813,-4.03,0.486,37,0.266,0.0261,0.4934,False
13,SPY,9983.79,-0.16,-2.06,1.9,-12.573,-9.923,0.385,39,0.266,0.0261,0.4934,False
13,UNG,9925.13,-0.75,-23.2,22.45,-1.797,-1.222,0.6,40,0.266,0.0261,0.4934,False
13,USO,10158.1,1.58,-8.41,10.0,6.039,9.913,0.525,40,0.266,0.0261,0.4934,False
13,XBI,9983.71,-0.16,-5.23,5.07,-4.728,-4.291,0.3,40,0.266,0.0261,0.4934,False
13,XLE,9949.33,-0.51,-0.88,0.37,-5.072,-3.747,0.5,40,0.266,0.0261,0.4934,False
14,AAPL,9990.84,-0.09,-1.26,1.17,-3.0,-2.956,0.35,40,0.4835,0.1063,0.5,False
14,ARKK,9982.62,-0.17,-13.98,13.8,-4.006,-4.15,0.3,40,0.4835,0.1063,0.5,False
14,GLD,9991.31,-0.09,-2.36,2.27,-5.881,-5.661,0.282,39,0.4835,0.1063,0.5,False
14,IWM,10015.11,0.15,-0.2,0.35,3.156,3.513,0.5,40,0.4835,0.1063,0.5,False
14,KRE,9967.81,-0.32,0.15,-0.47,-7.594,-6.397,0.525,40,0.4835,0.1063,0.5,False
14,NFLX,10017.16,0.17,-10.67,10.84,1.227,1.279,0.39,41,0.4835,0.1063,0.5,False
14,NVDA,9841.01,-1.59,-3.34,1.75,-7.366,-4.366,0.333,42,0.4835,0.1063,0.5,False
14,PYPL,9979.04,-0.21,2.8,-3.01,-2.983,-2.698,0.5,40,0.4835,0.1063,0.5,False
14,QQQ,9990.88,-0.09,3.94,-4.04,-3.04,-2.48,0.5,38,0.4835,0.1063,0.5,False
14,SPY,9991.54,-0.08,-6.59,6.51,-5.024,-4.75,0.525,40,0.4835,0.1063,0.5,False
14,UNG,9936.93,-0.63,-16.61,15.98,-6.0,-4.815,0.452,42,0.4835,0.1063,0.5,False
14,USO,10015.64,0.16,9.34,-9.18,0.986,0.915,0.537,41,0.4835,0.1063,0.5,False
14,XBI,9968.93,-0.31,3.05,-3.36,-8.721,-7.273,0.439,41,0.4835,0.1063,0.5,False
14,XLE,9932.26,-0.68,5.87,-6.55,-5.751,-3.326,0.4,40,0.4835,0.1063,0.5,False
15,AAPL,10003.69,0.04,-4.97,5.0,0.343,0.459,0.325,40,0.4225,0.0606,0.5,False
15,ARKK,9949.89,-0.5,5.49,-5.99,-6.212,-4.602,0.463,41,0.4225,0.0606,0.5,False
15,GLD,9982.88,-0.17,0.67,-0.84,-4.956,-3.294,0.359,39,0.4225,0.0606,0.5,False
15,IWM,9948.45,-0.52,2.61,-3.13,-9.812,-6.645,0.325,40,0.4225,0.0606,0.5,False
15,KRE,9993.23,-0.07,-2.55,2.48,-1.651,-1.291,0.41,39,0.4225,0.0606,0.5,False
15,NFLX,10120.91,1.21,4.15,-2.94,4.484,4.844,0.6,40,0.4225,0.0606,0.5,False
15,NVDA,9968.95,-0.31,23.02,-23.33,-3.045,-2.274,0.55,40,0.4225,0.0606,0.5,False
15,PYPL,9963.28,-0.37,14.67,-15.04,-2.451,-2.007,0.488,41,0.4225,0.0606,0.5,False
15,QQQ,9982.04,-0.18,0.22,-0.4,-3.307,-2.404,0.462,39,0.4225,0.0606,0.5,False
15,SPY,10009.67,0.1,4.37,-4.27,3.544,3.952,0.564,39,0.4225,0.0606,0.5,False
15,UNG,9919.59,-0.8,-17.4,16.6,-1.221,-0.951,0.571,42,0.4225,0.0606,0.5,False
15,USO,9904.2,-0.96,10.36,-11.32,-6.231,-3.584,0.475,40,0.4225,0.0606,0.5,False
15,XBI,9951.17,-0.49,-0.41,-0.08,-4.133,-3.01,0.487,39,0.4225,0.0606,0.5,False
15,XLE,9962.04,-0.38,-0.41,0.03,-8.702,-7.364,0.5,40,0.4225,0.0606,0.5,False
16,AAPL,9987.99,-0.12,3.23,-3.35,-1.541,-1.03,0.55,40,0.3964,0.1522,0.5,False
16,ARKK,9976.94,-0.23,-0.93,0.7,-8.935,-7.321,0.4,40,0.3964,0.1522,0.5,False
16,GLD,10016.01,0.16,-0.43,0.59,1.493,1.135,0.692,39,0.3964,0.1522,0.5,False
16,IWM,9980.87,-0.19,5.14,-5.33,-2.864,-2.17,0.475,40,0.3964,0.1522,0.5,False
16,KRE,9982.58,-0.17,5.84,-6.01,-2.898,-2.352,0.425,40,0.3964,0.1522,0.5,False
16,NFLX,9974.24,-0.26,0.66,-0.92,-1.333,-1.397,0.5,40,0.3964,0.1522,0.5,False
16,NVDA,9980.5,-0.19,-0.22,0.02,-2.561,-3.095,0.341,41,0.3964,0.1522,0.5,False
16,PYPL,9970.52,-0.29,3.21,-3.51,-3.854,-3.525,0.5,40,0.3964,0.1522,0.5,False
16,QQQ,9959.98,-0.4,-7.83,7.43,-9.644,-8.255,0.375,40,0.3964,0.1522,0.5,False
16,SPY,9978.94,-0.21,-4.01,3.8,-3.999,-3.472,0.4,40,0.3964,0.1522,0.5,False
16,UNG,10285.7,2.86,18.14,-15.28,6.569,10.009,0.537,41,0.3964,0.1522,0.5,False
16,USO,10106.92,1.07,-0.51,1.57,3.02,2.696,0.61,41,0.3964,0.1522,0.5,False
16,XBI,9983.87,-0.16,0.71,-0.87,-3.238,-2.541,0.463,41,0.3964,0.1522,0.5,False
16,XLE,9997.65,-0.02,-2.83,2.8,-0.793,-0.798,0.4,40,0.3964,0.1522,0.5,False
17,AAPL,10232.99,2.33,5.82,-3.49,8.036,12.701,0.585,41,0.2724,0.0362,0.5,False
17,ARKK,10096.78,0.97,17.7,-16.73,3.389,3.518,0.525,40,0.2724,0.0362,0.5,False
17,GLD,9986.45,-0.14,-1.34,1.2,-7.816,-5.579,0.385,39,0.2724,0.0362,0.5,False
17,IWM,9994.5,-0.05,4.22,-4.27,-2.963,-2.788,0.5,40,0.2724,0.0362,0.5,False
17,KRE,9972.43,-0.28,1.98,-2.26,-6.754,-4.402,0.425,40,0.2724,0.0362,0.5,False
17,NFLX,9985.46,-0.15,-2.24,2.09,-0.895,-1.03,0.4,40,0.2724,0.0362,0.5,False
17,NVDA,9975.98,-0.24,-2.32,2.08,-3.694,-2.93,0.39,41,0.2724,0.0362,0.5,False
17,PYPL,9785.53,-2.14,2.85,-5.0,-6.638,-3.844,0.302,43,0.2724,0.0362,0.5,False
17,QQQ,9974.96,-0.25,0.31,-0.56,-4.643,-3.681,0.385,39,0.2724,0.0362,0.5,False
17,SPY,9987.65,-0.12,-0.3,0.18,-6.337,-5.424,0.308,39,0.2724,0.0362,0.5,False
17,UNG,9983.11,-0.17,-35.78,35.61,-1.601,-1.305,0.511,45,0.2724,0.0362,0.5,False
17,USO,9952.19,-0.48,9.61,-10.09,-6.31,-3.807,0.488,41,0.2724,0.0362,0.5,False
17,XBI,10050.42,0.5,4.33,-3.83,4.556,5.858,0.385,39,0.2724,0.0362,0.5,False
17,XLE,9976.33,-0.24,-0.47,0.23,-3.185,-2.313,0.525,40,0.2724,0.0362,0.5,False
18,AAPL,9961.12,-0.39,-5.45,5.06,-5.199,-3.114,0.4,40,0.285,0.0931,0.5,False
18,ARKK,9968.1,-0.32,-12.97,12.65,-1.06,-1.062,0.5,42,0.285,0.0931,0.5,False
18,GLD,9982.06,-0.18,-1.98,1.81,-4.446,-3.05,0.436,39,0.285,0.0931,0.5,False
18,IWM,9984.71,-0.15,-5.11,4.96,-5.397,-4.86,0.45,40,0.285,0.0931,0.5,False
18,KRE,10003.31,0.03,-2.1,2.13,0.593,0.632,0.439,41,0.285,0.0931,0.5,False
18,NFLX,9961.83,-0.38,-1.35,0.97,-6.542,-4.906,0.375,40,0.285,0.0931,0.5,False
18,NVDA,9890.29,-1.1,-17.34,16.25,-5.575,-3.31,0.4,40,0.285,0.0931,0.5,False
18,PYPL,9978.32,-0.22,-2.84,2.62,-8.357,-6.932,0.4,40,0.285,0.0931,0.5,False
18,QQQ,9974.44,-0.26,0.46,-0.72,-9.886,-7.846,0.375,40,0.285,0.0931,0.5,False
18,SPY,9990.41,-0.1,0.91,-1.01,-5.753,-4.399,0.282,39,0.285,0.0931,0.5,False
18,UNG,9922.39,-0.78,16.58,-17.36,-3.224,-2.297,0.39,41,0.285,0.0931,0.5,False
18,USO,9959.11,-0.41,3.04,-3.45,-5.066,-4.929,0.375,40,0.285,0.0931,0.5,False
18,XBI,9965.85,-0.34,5.1,-5.44,-8.402,-6.422,0.575,40,0.285,0.0931,0.5,False
18,XLE,9993.65,-0.06,-0.1,0.04,-1.274,-1.326,0.462,39,0.285,0.0931,0.5,False
19,AAPL,9967.24,-0.33,-7.45,7.12,-2.73,-2.731,0.39,41,0.2459,0.056,0.5,False
19,ARKK,9974.05,-0.26,7.92,-8.18,-2.169,-2.274,0.537,41,0.2459,0.056,0.5,False
19,GLD,9974.34,-0.26,1.94,-2.2,-9.776,-6.764,0.41,39,0.2459,0.056,0.5,False
19,IWM,9978.21,-0.22,4.05,-4.27,-6.708,-6.062,0.4,40,0.2459,0.056,0.5,False
19,KRE,9978.2,-0.22,-2.65,2.43,-4.427,-3.254,0.488,41,0.2459,0.056,0.5,False
19,NFLX,9991.1,-0.09,-0.68,0.59,-2.077,-1.938,0.615,39,0.2459,0.056,0.5,False
19,NVDA,9953.46,-0.47,7.65,-8.12,-5.425,-3.292,0.463,41,0.2459,0.056,0.5,False
19,PYPL,9941.53,-0.58,-3.28,2.7,-10.994,-7.537,0.4,40,0.2459,0.056,0.5,False
19,QQQ,9967.74,-0.32,-2.81,2.49,-9.139,-9.188,0.488,41,0.2459,0.056,0.5,False
19,SPY,10000.04,0.0,-2.68,2.68,0.015,0.016,0.425,40,0.2459,0.056,0.5,False
19,UNG,9898.82,-1.01,-15.26,14.25,-7.868,-4.947,0.476,42,0.2459,0.056,0.5,False
19,USO,10054.74,0.55,-10.66,11.21,2.937,3.666,0.487,39,0.2459,0.056,0.5,False
19,XBI,9969.64,-0.3,12.04,-12.34,-1.803,-1.694,0.488,41,0.2459,0.056,0.5,False
19,XLE,9989.02,-0.11,8.64,-8.75,-0.496,-0.5,0.561,41,0.2459,0.056,0.5,False
20,AAPL,9957.48,-0.43,1.84,-2.26,-7.255,-4.212,0.475,40,0.311,0.0522,0.5,False
20,ARKK,9981.65,-0.18,6.37,-6.55,-1.358,-1.339,0.4,40,0.311,0.0522,0.5,False
20,GLD,9976.22,-0.24,-3.1,2.87,-5.825,-3.618,0.436,39,0.311,0.0522,0.5,False
20,IWM,9982.85,-0.17,0.31,-0.49,-2.677,-2.804,0.513,39,0.311,0.0522,0.5,False
20,KRE,10052.55,0.53,1.87,-1.34,5.484,9.763,0.5,40,0.311,0.0522,0.5,False
20,NFLX,9964.66,-0.35,-5.79,5.43,-6.546,-6.183,0.475,40,0.311,0.0522,0.5,False
20,NVDA,9959.61,-0.4,8.36,-8.76,-5.632,-5.582,0.317,41,0.311,0.0522,0.5,False
20,PYPL,10010.73,0.11,2.22,-2.11,1.102,1.064,0.512,41,0.311,0.0522,0.5,False
20,QQQ,9983.48,-0.17,0.9,-1.06,-3.282,-3.668,0.513,39,0.311,0.0522,0.5,False
20,SPY,9996.96,-0.03,3.61,-3.64,-1.336,-1.441,0.263,38,0.311,0.0522,0.5,False
20,UNG,9906.97,-0.93,-8.57,7.64,-6.572,-4.223,0.465,43,0.311,0.0522,0.5,False
20,USO,10064.85,0.65,-0.96,1.61,2.533,2.602,0.512,41,0.311,0.0522,0.5,False
20,XBI,9985.57,-0.14,0.84,-0.99,-1.194,-1.541,0.4,40,0.311,0.0522,0.5,False
20,XLE,9978.03,-0.22,1.14,-1.36,-5.105,-5.487,0.375,40,0.311,0.0522,0.5,False
21,AAPL,10052.85,0.53,-0.95,1.48,4.543,5.886,0.59,39,0.2912,0.065,0.494,False
21,ARKK,9976.67,-0.23,-14.16,13.93,-2.398,-2.142,0.488,43,0.2912,0.065,0.494,False
21,GLD,9990.92,-0.09,0.51,-0.6,-0.893,-0.815,0.59,39,0.2912,0.065,0.494,False
21,IWM,9987.84,-0.12,5.16,-5.28,-3.28,-2.776,0.45,40,0.2912,0.065,0.494,False
21,KRE,9983.72,-0.16,-4.3,4.14,-3.49,-2.963,0.475,40,0.2912,0.065,0.494,False
21,NFLX,10003.91,0.04,1.72,-1.68,0.303,0.322,0.425,40,0.2912,0.065,0.494,False
21,NVDA,9992.1,-0.08,-1.12,1.04,-1.227,-1.076,0.35,40,0.2912,0.065,0.494,False
21,PYPL,9974.12,-0.26,0.86,-1.11,-8.906,-6.73,0.325,40,0.2912,0.065,0.494,False
21,QQQ,9957.32,-0.43,-0.52,0.09,-4.89,-4.727,0.513,39,0.2912,0.065,0.494,False
21,SPY,9974.64,-0.25,-3.47,3.22,-7.885,-7.062,0.436,39,0.2912,0.065,0.494,False
21,UNG,10126.41,1.26,-16.81,18.07,2.19,2.147,0.595,42,0.2912,0.065,0.494,False
21,USO,9957.78,-0.42,12.56,-12.99,-3.218,-2.086,0.452,42,0.2912,0.065,0.494,False
21,XBI,9956.45,-0.44,1.24,-1.68,-5.622,-5.389,0.39,41,0.2912,0.065,0.494,False
21,XLE,9985.1,-0.15,4.49,-4.64,-5.155,-3.825,0.462,39,0.2912,0.065,0.494,False
22,AAPL,9973.36,-0.27,4.06,-4.33,-2.647,-2.311,0.5,40,0.4712,0.0268,0.5,False
22,ARKK,9941.97,-0.58,-13.29,12.71,-6.724,-4.181,0.429,42,0.4712,0.0268,0.5,False
22,GLD,9989.35,-0.11,2.77,-2.88,-5.672,-5.741,0.35,40,0.4712,0.0268,0.5,False
22,IWM,9975.91,-0.24,2.81,-3.05,-7.067,-5.536,0.462,39,0.4712,0.0268,0.5,False
22,KRE,9986.59,-0.13,-3.25,3.12,-3.881,-3.531,0.41,39,0.4712,0.0268,0.5,False
22,NFLX,9985.99,-0.14,-1.59,1.45,-4.809,-4.07,0.421,38,0.4712,0.0268,0.5,False
22,NVDA,9968.86,-0.31,13.97,-14.28,-6.695,-4.562,0.425,40,0.4712,0.0268,0.5,False
22,PYPL,9961.41,-0.39,0.31,-0.69,-6.122,-4.26,0.429,42,0.4712,0.0268,0.5,False
22,QQQ,9942.39,-0.58,2.53,-3.11,-5.835,-4.583,0.55,40,0.4712,0.0268,0.5,False
22,SPY,9996.84,-0.03,2.21,-2.24,-3.118,-2.578,0.436,39,0.4712,0.0268,0.5,False
22,UNG,9915.31,-0.85,-42.79,41.94,-3.221,-3.9,0.465,43,0.4712,0.0268,0.5,False
22,USO,9983.82,-0.16,2.35,-2.51,-3.196,-2.363,0.39,41,0.4712,0.0268,0.5,False
22,XBI,9959.71,-0.4,-8.48,8.08,-12.077,-11.429,0.317,41,0.4712,0.0268,0.5,False
22,XLE,9964.51,-0.35,5.09,-5.44,-9.698,-6.717,0.488,41,0.4712,0.0268,0.5,False
23,AAPL,9989.51,-0.1,0.66,-0.76,-3.841,-3.194,0.425,40,0.4409,0.098,0.5,False
23,ARKK,9972.15,-0.28,7.84,-8.12,-3.549,-3.384,0.439,41,0.4409,0.098,0.5,False
23,GLD,9985.73,-0.14,-4.87,4.73,-5.789,-4.459,0.333,39,0.4409,0.098,0.5,False
23,IWM,9976.69,-0.23,-1.99,1.76,-3.787,-3.293,0.475,40,0.4409,0.098,0.5,False
23,KRE,9918.86,-0.81,-3.15,2.33,-4.106,-2.534,0.487,39,0.4409,0.098,0.5,False
23,NFLX,9931.19,-0.69,-2.85,2.16,-4.493,-4.281,0.512,41,0.4409,0.098,0.5,False
23,NVDA,9968.89,-0.31,-1.77,1.46,-6.703,-4.737,0.463,41,0.4409,0.098,0.5,False
23,PYPL,9964.57,-0.35,6.9,-7.25,-8.07,-6.123,0.375,40,0.4409,0.098,0.5,False
23,QQQ,9984.27,-0.16,6.28,-6.44,-2.699,-2.341,0.525,40,0.4409,0.098,0.5,False
23,SPY,9989.65,-0.1,-2.28,2.18,-5.995,-5.711,0.333,39,0.4409,0.098,0.5,False
23,UNG,10048.51,0.49,-10.2,10.68,1.281,1.229,0.575,40,0.4409,0.098,0.5,False
23,USO,9895.45,-1.05,13.76,-14.8,-4.439,-2.628,0.61,41,0.4409,0.098,0.5,False
23,XBI,9959.56,-0.4,-1.62,1.22,-7.198,-6.426,0.537,41,0.4409,0.098,0.5,False
23,XLE,9961.86,-0.38,7.22,-7.6,-7.795,-6.952,0.425,40,0.4409,0.098,0.5,False
24,AAPL,9976.07,-0.24,-6.02,5.78,-3.405,-2.831,0.487,39,0.4881,0.0764,0.5,False
24,ARKK,9953.23,-0.47,-5.84,5.37,-3.583,-3.056,0.537,41,0.4881,0.0764,0.5,False
24,GLD,9986.74,-0.13,-1.74,1.61,-4.033,-3.134,0.41,39,0.4881,0.0764,0.5,False
24,IWM,9986.43,-0.14,-6.53,6.4,-2.206,-1.854,0.436,39,0.4881,0.0764,0.5,False
24,KRE,10136.94,1.37,5.64,-4.27,7.692,11.767,0.512,41,0.4881,0.0764,0.5,False
24,NFLX,10039.18,0.39,-42.19,42.58,1.225,1.138,0.5,40,0.4881,0.0764,0.5,False
24,NVDA,9949.92,-0.5,12.01,-12.51,-7.143,-5.878,0.415,41,0.4881,0.0764,0.5,False
24,PYPL,9965.88,-0.34,-12.85,12.51,-1.999,-1.457,0.595,42,0.4881,0.0764,0.5,False
24,QQQ,9966.7,-0.33,3.71,-4.04,-5.3,-4.025,0.385,39,0.4881,0.0764,0.5,False
24,SPY,9950.23,-0.5,-4.46,3.96,-6.965,-6.706,0.463,41,0.4881,0.0764,0.5,False
24,UNG,9920.21,-0.8,-20.66,19.86,-7.22,-5.077,0.512,43,0.4881,0.0764,0.5,False
24,USO,9959.08,-0.41,-7.94,7.53,-1.55,-1.258,0.571,42,0.4881,0.0764,0.5,False
24,XBI,9950.96,-0.49,-5.92,5.43,-6.104,-4.844,0.475,40,0.4881,0.0764,0.5,False
24,XLE,9991.86,-0.08,-4.32,4.24,-2.287,-1.972,0.538,39,0.4881,0.0764,0.5,False
25,AAPL,9979.48,-0.21,6.9,-7.1,-1.54,-1.661,0.5,40,0.5,0.1169,0.5,False
25,ARKK,9919.32,-0.81,14.39,-15.2,-12.057,-8.704,0.4,40,0.5,0.1169,0.5,False
25,GLD,9967.69,-0.32,-1.64,1.32,-7.737,-5.124,0.462,39,0.5,0.1169,0.5,False
25,IWM,9984.42,-0.16,-2.06,1.9,-3.563,-3.212,0.525,40,0.5,0.1169,0.5,False
25,KRE,9971.08,-0.29,-0.51,0.22,-1.924,-1.948,0.425,40,0.5,0.1169,0.5,False
25,NFLX,10054.56,0.55,-10.61,11.15,2.746,3.335,0.513,39,0.5,0.1169,0.5,False
25,NVDA,9962.71,-0.37,7.78,-8.15,-7.829,-6.472,0.375,40,0.5,0.1169,0.5,False
25,PYPL,9944.68,-0.55,12.31,-12.86,-2.628,-1.542,0.525,40,0.5,0.1169,0.5,False
25,QQQ,9988.05,-0.12,4.95,-5.07,-2.219,-1.912,0.513,39,0.5,0.1169,0.5,False
25,SPY,9998.22,-0.02,-4.88,4.86,-0.511,-0.444,0.564,39,0.5,0.1169,0.5,False
25,UNG,9975.61,-0.24,18.72,-18.96,-1.742,-1.275,0.452,42,0.5,0.1169,0.5,False
25,USO,9975.56,-0.24,-8.93,8.69,-1.676,-1.836,0.55,40,0.5,0.1169,0.5,False
25,XBI,9997.58,-0.02,4.52,-4.54,-0.886,-0.763,0.375,40,0.5,0.1169,0.5,False
25,XLE,9950.01,-0.5,-0.18,-0.32,-5.955,-3.998,0.488,41,0.5,0.1169,0.5,False
1,AAPL,low,-2.5044,9974.61,-0.25,-6.51,6.26,-3.037,-3.132,40,0.3,0.54,0.0345,0.3676,False,False,0.4701,0.0514,0.5
1,ARKK,low,0.3442,9950.15,-0.5,-9.86,9.36,-6.482,-5.366,41,0.317,0.68,0.0402,0.3676,False,False,0.4701,0.0514,0.5
1,GLD,low,-1.5674,9989.92,-0.1,-2.01,1.91,-9.242,-7.636,38,0.289,0.11,0.0116,0.3676,False,False,0.4701,0.0514,0.5
1,IWM,low,-1.9751,9977.92,-0.22,-2.08,1.86,-3.662,-3.101,40,0.425,0.57,0.0219,0.3676,False,False,0.4701,0.0514,0.5
1,KRE,low,-2.0914,9987.67,-0.12,-1.76,1.63,-4.152,-3.343,39,0.538,0.2,0.0237,0.3676,False,False,0.4701,0.0514,0.5
1,NFLX,low,-1.9407,9937.29,-0.63,4.69,-5.31,-10.678,-7.161,40,0.275,0.66,0.0262,0.3676,False,False,0.4701,0.0514,0.5
1,NVDA,low,-2.0678,9978.99,-0.21,1.71,-1.92,-1.533,-1.46,40,0.4,1.02,0.0285,0.3676,False,False,0.4701,0.0514,0.5
1,PYPL,low,-1.4894,9990.79,-0.09,0.79,-0.89,-2.551,-1.943,39,0.436,0.2,0.0222,0.3676,False,False,0.4701,0.0514,0.5
1,QQQ,low,0.1451,10070.52,0.71,-0.9,1.61,5.518,6.8,40,0.625,0.46,0.0281,0.3676,False,False,0.4701,0.0514,0.5
1,SPY,low,-1.3384,10000.01,0.0,-3.18,3.18,0.008,0.007,38,0.526,0.19,0.0213,0.3676,False,False,0.4701,0.0514,0.5
1,UNG,low,-2.2147,10482.21,4.82,-19.22,24.05,7.577,13.341,42,0.595,1.55,0.0447,0.3676,False,False,0.4701,0.0514,0.5
1,USO,low,-3.4505,9988.76,-0.11,0.09,-0.2,-0.347,-0.46,40,0.4,1.82,0.0374,0.3676,False,False,0.4701,0.0514,0.5
1,XBI,low,0.2825,10021.59,0.22,5.66,-5.45,1.441,1.727,40,0.525,0.62,0.0315,0.3676,False,False,0.4701,0.0514,0.5
1,XLE,low,-0.708,10054.53,0.55,-4.28,4.82,4.244,4.421,40,0.475,0.36,0.0331,0.3676,False,False,0.4701,0.0514,0.5
2,AAPL,low,-2.5961,9980.99,-0.19,-5.07,4.88,-3.537,-2.518,40,0.45,0.33,0.0341,0.3669,False,False,0.3788,0.1391,0.5
2,ARKK,low,-1.2888,9975.07,-0.25,1.52,-1.77,-4.72,-3.13,41,0.415,0.34,0.0316,0.3669,False,False,0.3788,0.1391,0.5
2,GLD,low,-2.4466,9984.92,-0.15,-2.38,2.23,-3.832,-3.746,40,0.4,0.19,0.0144,0.3669,False,False,0.3788,0.1391,0.5
2,IWM,low,-1.9748,9985.58,-0.14,0.02,-0.16,-7.419,-6.762,39,0.333,0.17,0.0178,0.3669,False,False,0.3788,0.1391,0.5
2,KRE,low,-0.1864,9953.23,-0.47,11.76,-12.22,-5.641,-4.605,40,0.5,0.71,0.0363,0.3669,False,False,0.3788,0.1391,0.5
2,NFLX,low,0.1787,9942.92,-0.57,-9.58,9.01,-5.535,-5.082,41,0.439,0.87,0.0404,0.3669,False,False,0.3788,0.1391,0.5
2,NVDA,low,-1.2778,10004.04,0.04,0.41,-0.37,0.208,0.154,40,0.35,1.29,0.0377,0.3669,False,False,0.3788,0.1391,0.5
2,PYPL,low,-1.6058,9963.93,-0.36,0.95,-1.31,-4.397,-3.035,40,0.475,0.47,0.0302,0.3669,False,False,0.3788,0.1391,0.5
2,QQQ,low,-2.3863,9964.92,-0.35,2.32,-2.67,-10.334,-7.652,39,0.41,0.39,0.0166,0.3669,False,False,0.3788,0.1391,0.5
2,SPY,low,-2.5037,9990.7,-0.09,4.56,-4.66,-2.508,-2.084,40,0.4,0.28,0.0193,0.3669,False,False,0.3788,0.1391,0.5
2,UNG,low,-1.8655,9941.28,-0.59,0.71,-1.3,-4.708,-3.157,42,0.548,0.91,0.0421,0.3669,False,False,0.3788,0.1391,0.5
2,USO,low,-1.3257,10184.05,1.84,2.19,-0.35,4.16,5.685,41,0.561,1.16,0.0384,0.3669,False,False,0.3788,0.1391,0.5
2,XBI,low,-0.1534,10004.42,0.04,-4.27,4.31,1.217,1.281,39,0.462,0.14,0.0207,0.3669,False,False,0.3788,0.1391,0.5
2,XLE,low,-1.1084,9994.41,-0.06,2.77,-2.83,-0.368,-0.36,41,0.366,0.96,0.0332,0.3669,False,False,0.3788,0.1391,0.5
3,AAPL,low,-1.1474,9984.78,-0.15,2.26,-2.41,-5.979,-5.072,40,0.45,0.17,0.023,0.3661,False,False,0.4722,0.2965,0.5
3,ARKK,low,0.0714,10072.5,0.73,-3.34,4.06,5.257,5.352,40,0.55,0.55,0.0235,0.3661,False,False,0.4722,0.2965,0.5
3,GLD,low,-0.8602,9976.25,-0.24,-3.1,2.87,-2.174,-1.896,39,0.513,0.62,0.0169,0.3661,False,False,0.4722,0.2965,0.5
3,IWM,low,-2.4842,9988.98,-0.11,-5.92,5.81,-1.348,-1.163,40,0.575,0.56,0.0313,0.3661,False,False,0.4722,0.2965,0.5
3,KRE,low,1.8473,9995.77,-0.04,13.27,-13.32,-0.478,-0.459,40,0.425,0.67,0.0303,0.3661,False,False,0.4722,0.2965,0.5
3,NFLX,low,-4.0787,9967.87,-0.32,9.63,-9.96,-7.439,-5.981,41,0.439,0.34,0.0304,0.3661,False,False,0.4722,0.2965,0.5
3,NVDA,low,-1.2457,10061.64,0.62,-0.65,1.26,2.261,2.334,40,0.45,1.41,0.0424,0.3661,False,False,0.4722,0.2965,0.5
3,PYPL,low,-0.674,9878.28,-1.22,-9.37,8.15,-7.546,-5.661,42,0.476,1.91,0.0376,0.3661,False,False,0.4722,0.2965,0.5
3,QQQ,low,-1.524,9996.02,-0.04,1.86,-1.9,-0.903,-0.924,40,0.5,0.22,0.0115,0.3661,False,False,0.4722,0.2965,0.5
3,SPY,low,-2.6855,9985.98,-0.14,-4.71,4.57,-6.44,-6.273,40,0.475,0.22,0.0185,0.3661,False,False,0.4722,0.2965,0.5
3,UNG,low,1.6708,10139.25,1.39,2.61,-1.22,4.038,4.07,40,0.55,1.61,0.0386,0.3661,False,False,0.4722,0.2965,0.5
3,USO,low,1.7796,10154.39,1.54,-1.64,3.19,5.408,7.637,40,0.475,1.19,0.0337,0.3661,False,False,0.4722,0.2965,0.5
3,XBI,low,-3.2202,9957.14,-0.43,2.11,-2.54,-2.993,-3.068,41,0.488,0.91,0.0311,0.3661,False,False,0.4722,0.2965,0.5
3,XLE,low,-2.851,9983.81,-0.16,7.85,-8.01,-1.434,-1.295,39,0.359,0.78,0.025,0.3661,False,False,0.4722,0.2965,0.5
4,AAPL,low,-1.1134,9990.72,-0.09,4.93,-5.02,-1.862,-2.19,40,0.4,0.37,0.017,0.3654,False,False,0.4954,0.0682,0.5
4,ARKK,low,-3.7716,9958.21,-0.42,6.61,-7.03,-2.496,-3.019,42,0.5,1.27,0.0391,0.3654,False,False,0.4954,0.0682,0.5
4,GLD,low,-2.0198,9955.95,-0.44,-2.85,2.41,-7.785,-5.767,39,0.538,0.57,0.0196,0.3654,False,False,0.4954,0.0682,0.5
4,IWM,low,-3.2352,10007.14,0.07,-8.91,8.98,1.26,1.863,39,0.487,0.15,0.0235,0.3654,False,False,0.4954,0.0682,0.5
4,KRE,low,-3.3025,9961.77,-0.38,-5.5,5.12,-6.177,-4.185,39,0.385,0.5,0.0228,0.3654,False,False,0.4954,0.0682,0.5
4,NFLX,low,-2.6573,9974.89,-0.25,3.98,-4.23,-2.192,-2.083,40,0.525,0.58,0.0321,0.3654,False,False,0.4954,0.0682,0.5
4,NVDA,low,-1.7834,9952.16,-0.48,2.63,-3.11,-3.648,-2.523,41,0.439,0.92,0.0312,0.3654,False,False,0.4954,0.0682,0.5
4,PYPL,low,-1.6053,9981.66,-0.18,2.76,-2.95,-2.041,-1.745,40,0.425,0.57,0.0268,0.3654,False,False,0.4954,0.0682,0.5
4,QQQ,low,-0.941,9995.32,-0.05,0.57,-0.61,-1.151,-1.121,40,0.425,0.34,0.0209,0.3654,False,False,0.4954,0.0682,0.5
4,SPY,low,-1.1612,9992.25,-0.08,2.9,-2.98,-4.846,-4.325,40,0.425,0.15,0.0122,0.3654,False,False,0.4954,0.0682,0.5
4,UNG,low,-0.0801,9876.29,-1.24,13.96,-15.2,-3.729,-2.955,42,0.571,2.12,0.0435,0.3654,False,False,0.4954,0.0682,0.5
4,USO,low,-5.2301,9951.05,-0.49,13.85,-14.34,-1.85,-1.8,40,0.5,1.72,0.0361,0.3654,False,False,0.4954,0.0682,0.5
4,XBI,low,-4.2948,9932.38,-0.68,9.78,-10.46,-4.467,-3.425,40,0.525,0.82,0.0377,0.3654,False,False,0.4954,0.0682,0.5
4,XLE,low,-0.9537,9995.9,-0.04,-1.09,1.05,-0.475,-0.46,40,0.45,0.48,0.0231,0.3654,False,False,0.4954,0.0682,0.5
5,AAPL,low,-1.7648,9966.7,-0.33,0.04,-0.37,-6.268,-4.262,40,0.375,0.49,0.0201,0.3647,False,False,0.3511,0.082,0.5
5,ARKK,low,-2.4697,9955.2,-0.45,1.08,-1.53,-2.122,-1.927,41,0.463,1.03,0.0415,0.3647,False,False,0.3511,0.082,0.5
5,GLD,low,-3.0605,9963.93,-0.36,1.49,-1.85,-15.659,-11.356,39,0.282,0.38,0.0138,0.3647,False,False,0.3511,0.082,0.5
5,IWM,low,-0.1521,9980.25,-0.2,-9.53,9.34,-10.945,-9.132,39,0.41,0.25,0.0211,0.3647,False,False,0.3511,0.082,0.5
5,KRE,low,0.4305,10091.69,0.92,-6.41,7.33,3.714,5.96,40,0.5,1.14,0.0242,0.3647,False,False,0.3511,0.082,0.5
5,NFLX,low,-0.9563,9982.07,-0.18,-1.78,1.6,-2.366,-1.932,39,0.462,0.51,0.0194,0.3647,False,False,0.3511,0.082,0.5
5,NVDA,low,-4.7375,9893.72,-1.06,-14.07,13.01,-4.633,-2.791,41,0.463,1.45,0.0376,0.3647,False,False,0.3511,0.082,0.5
5,PYPL,low,-0.134,9999.61,-0.0,6.11,-6.11,-0.038,-0.043,40,0.5,0.33,0.0282,0.3647,False,False,0.3511,0.082,0.5
5,QQQ,low,-0.5607,10006.87,0.07,-0.51,0.58,0.772,0.97,39,0.462,0.39,0.0157,0.3647,False,False,0.3511,0.082,0.5
5,SPY,low,-2.4481,9990.59,-0.09,1.01,-1.11,-4.076,-3.913,39,0.359,0.18,0.008,0.3647,False,False,0.3511,0.082,0.5
5,UNG,low,-1.6779,9936.8,-0.63,3.1,-3.73,-4.293,-3.449,41,0.439,1.16,0.0406,0.3647,False,False,0.3511,0.082,0.5
5,USO,low,-1.6788,9922.45,-0.78,-2.55,1.77,-2.575,-2.13,42,0.5,1.36,0.0428,0.3647,False,False,0.3511,0.082,0.5
5,XBI,low,-3.9356,9967.12,-0.33,-9.18,8.86,-5.66,-4.662,40,0.475,0.65,0.0387,0.3647,False,False,0.3511,0.082,0.5
5,XLE,low,-3.3023,9966.07,-0.34,-4.24,3.9,-3.108,-3.588,40,0.4,0.65,0.0293,0.3647,False,False,0.3511,0.082,0.5
6,AAPL,low,-1.6073,9955.6,-0.44,-1.03,0.59,-3.549,-2.95,40,0.425,0.77,0.027,0.364,False,False,0.4314,0.0573,0.5
6,ARKK,low,-2.8805,9944.99,-0.55,-2.63,2.08,-4.562,-4.137,39,0.513,1.04,0.0315,0.364,False,False,0.4314,0.0573,0.5
6,GLD,low,-2.5707,9993.19,-0.07,1.53,-1.6,-0.947,-0.873,39,0.359,0.5,0.0129,0.364,False,False,0.4314,0.0573,0.5
6,IWM,low,-0.0425,9983.58,-0.16,7.53,-7.69,-3.644,-3.647,40,0.35,0.47,0.0174,0.364,False,False,0.4314,0.0573,0.5
6,KRE,low,-0.5124,9971.88,-0.28,6.72,-7.0,-3.261,-3.495,40,0.4,0.53,0.0328,0.364,False,False,0.4314,0.0573,0.5
6,NFLX,low,-3.5983,9984.39,-0.16,-10.76,10.61,-2.038,-1.62,40,0.4,0.29,0.032,0.364,False,False,0.4314,0.0573,0.5
6,NVDA,low,-4.6854,9982.91,-0.17,-14.09,13.92,-2.309,-1.868,40,0.45,0.57,0.0371,0.364,False,False,0.4314,0.0573,0.5
6,PYPL,low,0.0667,9937.63,-0.62,-10.67,10.04,-7.205,-6.436,41,0.366,0.73,0.0349,0.364,False,False,0.4314,0.0573,0.5
6,QQQ,low,-3.3413,9969.63,-0.3,-1.87,1.57,-3.089,-3.044,41,0.512,0.84,0.0298,0.364,False,False,0.4314,0.0573,0.5
6,SPY,low,-3.216,9981.67,-0.18,-3.95,3.76,-11.598,-9.397,40,0.525,0.2,0.011,0.364,False,False,0.4314,0.0573,0.5
6,UNG,low,-1.6202,10027.76,0.28,6.37,-6.1,1.412,1.257,40,0.525,0.78,0.0414,0.364,False,False,0.4314,0.0573,0.5
6,USO,low,1.5182,9978.34,-0.22,-16.33,16.11,-5.374,-3.702,41,0.463,0.25,0.0306,0.364,False,False,0.4314,0.0573,0.5
6,XBI,low,-3.3189,9922.6,-0.77,1.59,-2.36,-7.439,-6.807,40,0.5,1.13,0.0333,0.364,False,False,0.4314,0.0573,0.5
6,XLE,low,0.7587,9952.14,-0.48,17.53,-18.01,-8.504,-7.262,41,0.366,0.56,0.0319,0.364,False,False,0.4314,0.0573,0.5
7,AAPL,low,-2.0252,9985.57,-0.14,-2.78,2.63,-2.59,-2.093,39,0.462,0.42,0.0167,0.3632,False,False,0.4508,0.0576,0.5
7,ARKK,low,-3.0866,9944.07,-0.56,-6.88,6.32,-6.383,-5.687,43,0.349,0.61,0.0403,0.3632,False,False,0.4508,0.0576,0.5
7,GLD,low,-1.7495,10012.53,0.13,1.59,-1.47,2.354,3.194,39,0.462,0.2,0.0074,0.3632,False,False,0.4508,0.0576,0.5
7,IWM,low,-0.8339,9975.78,-0.24,6.89,-7.13,-10.783,-8.412,40,0.375,0.26,0.0166,0.3632,False,False,0.4508,0.0576,0.5
7,KRE,low,-1.4973,9975.71,-0.24,2.79,-3.03,-6.174,-5.196,39,0.308,0.29,0.0212,0.3632,False,False,0.4508,0.0576,0.5
7,NFLX,low,-1.452,10034.88,0.35,-2.7,3.05,1.598,1.483,41,0.561,1.2,0.0347,0.3632,False,False,0.4508,0.0576,0.5
7,NVDA,low,0.6914,9958.59,-0.41,18.31,-18.73,-6.366,-4.432,39,0.436,0.43,0.0222,0.3632,False,False,0.4508,0.0576,0.5
7,PYPL,low,-2.44,9939.47,-0.61,-1.91,1.31,-7.374,-5.542,41,0.561,0.63,0.023,0.3632,False,False,0.4508,0.0576,0.5
7,QQQ,low,-1.9321,9983.13,-0.17,0.18,-0.35,-6.197,-4.575,39,0.359,0.18,0.0079,0.3632,False,False,0.4508,0.0576,0.5
7,SPY,low,-1.94,9986.3,-0.14,2.49,-2.62,-4.859,-4.22,38,0.526,0.2,0.0033,0.3632,False,False,0.4508,0.0576,0.5
7,UNG,low,-4.2688,9903.62,-0.96,10.77,-11.74,-6.721,-5.294,44,0.432,1.76,0.0408,0.3632,False,False,0.4508,0.0576,0.5
7,USO,low,-2.6144,9950.55,-0.49,4.68,-5.17,-6.0,-3.717,40,0.525,0.56,0.0337,0.3632,False,False,0.4508,0.0576,0.5
7,XBI,low,1.8309,9983.27,-0.17,-17.04,16.87,-1.772,-1.478,40,0.65,0.46,0.035,0.3632,False,False,0.4508,0.0576,0.5
7,XLE,low,-0.0397,10069.08,0.69,3.73,-3.04,7.113,9.541,40,0.475,0.28,0.0135,0.3632,False,False,0.4508,0.0576,0.5
8,AAPL,low,-5.2896,9947.73,-0.52,12.13,-12.65,-13.734,-10.833,40,0.3,0.53,0.0155,0.3625,False,False,0.3957,0.0504,0.5
8,ARKK,low,0.5286,9968.45,-0.32,-10.71,10.39,-4.625,-3.356,41,0.39,0.39,0.0298,0.3625,False,False,0.3957,0.0504,0.5
8,GLD,low,-2.068,9985.68,-0.14,2.02,-2.16,-9.034,-7.324,39,0.385,0.16,0.0024,0.3625,False,False,0.3957,0.0504,0.5
8,IWM,low,-2.1019,9972.05,-0.28,2.25,-2.53,-11.32,-9.082,40,0.375,0.33,0.0092,0.3625,False,False,0.3957,0.0504,0.5
8,KRE,low,-1.2161,10005.2,0.05,0.3,-0.25,0.32,0.38,40,0.475,0.99,0.0214,0.3625,False,False,0.3957,0.0504,0.5
8,NFLX,low,1.4212,10025.32,0.25,-10.56,10.81,1.49,1.812,40,0.5,0.79,0.0295,0.3625,False,False,0.3957,0.0504,0.5
8,NVDA,low,-0.8582,9985.14,-0.15,4.45,-4.6,-3.313,-3.117,39,0.385,0.28,0.0241,0.3625,False,False,0.3957,0.0504,0.5
8,PYPL,low,0.0558,9915.59,-0.84,-11.96,11.11,-4.759,-3.166,41,0.512,0.96,0.0324,0.3625,False,False,0.3957,0.0504,0.5
8,QQQ,low,-1.4281,9973.36,-0.27,4.81,-5.08,-1.847,-1.978,39,0.462,1.1,0.0264,0.3625,False,False,0.3957,0.0504,0.5
8,SPY,low,-0.6908,9992.69,-0.07,-2.46,2.39,-4.24,-3.738,39,0.359,0.11,0.0043,0.3625,False,False,0.3957,0.0504,0.5
8,UNG,low,-7.9602,9904.32,-0.96,33.32,-34.27,-3.27,-1.871,43,0.488,1.63,0.0399,0.3625,False,False,0.3957,0.0504,0.5
8,USO,low,-0.19,10013.76,0.14,-2.87,3.0,1.73,1.676,39,0.436,0.38,0.0267,0.3625,False,False,0.3957,0.0504,0.5
8,XBI,low,-1.7555,9984.86,-0.15,0.88,-1.04,-5.065,-4.437,40,0.475,0.22,0.0145,0.3625,False,False,0.3957,0.0504,0.5
8,XLE,low,-0.2331,10159.97,1.6,-13.67,15.27,7.431,9.583,39,0.641,0.74,0.0258,0.3625,False,False,0.3957,0.0504,0.5
9,AAPL,low,-2.0542,9951.88,-0.48,-0.25,-0.23,-6.788,-4.828,40,0.5,0.61,0.0136,0.3618,False,False,0.4202,0.2149,0.5
9,ARKK,low,-7.0311,9888.61,-1.11,-17.73,16.62,-4.887,-3.115,41,0.537,1.81,0.0343,0.3618,False,False,0.4202,0.2149,0.5
9,GLD,low,-3.5101,9991.94,-0.08,3.84,-3.92,-1.595,-2.65,39,0.359,0.28,0.0018,0.3618,False,False,0.4202,0.2149,0.5
9,IWM,low,-1.098,10003.32,0.03,-0.79,0.82,0.46,0.572,39,0.487,0.26,0.0065,0.3618,False,False,0.4202,0.2149,0.5
9,KRE,low,-0.7759,9972.45,-0.28,6.31,-6.58,-5.172,-3.344,41,0.415,0.42,0.0185,0.3618,False,False,0.4202,0.2149,0.5
9,NFLX,low,-0.9189,9994.69,-0.05,3.59,-3.64,-0.445,-0.315,41,0.512,0.53,0.0185,0.3618,False,False,0.4202,0.2149,0.5
9,NVDA,low,-4.2926,9947.73,-0.52,9.32,-9.85,-7.004,-5.762,40,0.5,0.68,0.0159,0.3618,False,False,0.4202,0.2149,0.5
9,PYPL,low,-1.3321,9979.31,-0.21,-3.25,3.04,-6.554,-7.298,40,0.3,0.24,0.0136,0.3618,False,False,0.4202,0.2149,0.5
9,QQQ,low,-0.8865,9974.95,-0.25,6.12,-6.37,-3.761,-3.29,40,0.5,0.55,0.0131,0.3618,False,False,0.4202,0.2149,0.5
9,SPY,low,-2.1965,10007.41,0.07,4.1,-4.03,0.65,0.652,40,0.5,0.38,0.0115,0.3618,False,False,0.4202,0.2149,0.5
9,UNG,low,-5.4499,9945.92,-0.54,16.52,-17.06,-3.458,-2.988,43,0.372,1.15,0.0334,0.3618,False,False,0.4202,0.2149,0.5
9,USO,low,-0.6443,9911.15,-0.89,6.19,-7.08,-2.925,-1.835,40,0.525,2.0,0.0273,0.3618,False,False,0.4202,0.2149,0.5
9,XBI,low,-1.8244,9968.29,-0.32,-3.26,2.94,-4.543,-4.012,40,0.4,0.52,0.0278,0.3618,False,False,0.4202,0.2149,0.5
9,XLE,low,-1.2233,9975.48,-0.25,2.48,-2.72,-2.335,-2.035,40,0.475,0.51,0.0093,0.3618,False,False,0.4202,0.2149,0.5
10,AAPL,low,-2.587,9931.76,-0.68,1.27,-1.96,-9.88,-6.991,40,0.525,0.75,0.018,0.3611,False,False,0.4008,0.1938,0.5
10,ARKK,low,0.1449,9983.45,-0.17,8.84,-9.0,-1.474,-1.542,39,0.462,0.81,0.0163,0.3611,False,False,0.4008,0.1938,0.5
10,GLD,low,-2.953,9985.0,-0.15,-1.97,1.82,-7.179,-4.275,38,0.421,0.15,-0.0047,0.3611,False,False,0.4008,0.1938,0.5
10,IWM,low,-1.0711,9989.38,-0.11,-3.69,3.58,-5.97,-5.457,39,0.308,0.16,0.0031,0.3611,False,False,0.4008,0.1938,0.5
10,KRE,low,-1.3285,9973.44,-0.27,3.05,-3.31,-3.292,-2.953,40,0.5,0.6,0.0085,0.3611,False,False,0.4008,0.1938,0.5
10,NFLX,low,2.6429,10075.43,0.75,1.99,-1.23,3.869,3.241,40,0.55,0.91,0.0148,0.3611,False,False,0.4008,0.1938,0.5
10,NVDA,low,-1.3638,9966.03,-0.34,0.71,-1.05,-4.196,-3.341,41,0.537,0.8,0.0239,0.3611,False,False,0.4008,0.1938,0.5
10,PYPL,low,-2.2356,9971.53,-0.28,1.37,-1.66,-2.933,-3.114,39,0.538,0.56,0.0156,0.3611,False,False,0.4008,0.1938,0.5
10,QQQ,low,-2.4955,9985.15,-0.15,-1.11,0.96,-1.354,-1.381,40,0.425,0.47,0.0054,0.3611,False,False,0.4008,0.1938,0.5
10,SPY,low,-1.9393,9959.76,-0.4,2.91,-3.31,-9.871,-8.934,39,0.462,0.5,0.0075,0.3611,False,False,0.4008,0.1938,0.5
10,UNG,low,-4.9648,9772.67,-2.27,11.54,-13.82,-9.207,-5.465,42,0.405,2.68,0.0347,0.3611,False,False,0.4008,0.1938,0.5
10,USO,low,0.9041,9988.92,-0.11,-10.74,10.63,-1.824,-1.645,42,0.405,0.29,0.0244,0.3611,False,False,0.4008,0.1938,0.5
10,XBI,low,-1.3377,9961.51,-0.38,-4.4,4.02,-4.548,-4.572,40,0.5,0.5,0.0144,0.3611,False,False,0.4008,0.1938,0.5
10,XLE,low,-0.2574,9943.91,-0.56,14.01,-14.57,-8.719,-5.462,40,0.6,0.61,0.0104,0.3611,False,False,0.4008,0.1938,0.5
11,AAPL,low,-2.2066,9991.52,-0.08,3.26,-3.35,-3.914,-3.6,39,0.513,0.14,-0.0045,0.3603,False,False,0.3103,0.025,0.5
11,ARKK,low,-3.852,9925.68,-0.74,-7.16,6.41,-8.263,-5.743,42,0.429,0.78,0.0295,0.3603,False,False,0.3103,0.025,0.5
11,GLD,low,-2.347,9992.78,-0.07,2.04,-2.11,-4.368,-3.397,38,0.316,0.09,-0.0044,0.3603,False,False,0.3103,0.025,0.5
11,IWM,low,2.8026,10028.93,0.29,-7.47,7.76,1.356,1.141,40,0.55,0.79,0.009,0.3603,False,False,0.3103,0.025,0.5
11,KRE,low,-1.1393,9984.56,-0.15,3.62,-3.77,-1.663,-1.619,40,0.4,0.42,0.0032,0.3603,False,False,0.3103,0.025,0.5
11,NFLX,low,-4.7323,9957.76,-0.42,11.39,-11.81,-8.456,-6.356,40,0.325,0.45,0.0156,0.3603,False,False,0.3103,0.025,0.5
11,NVDA,low,-4.8835,9991.83,-0.08,20.48,-20.56,-1.692,-1.346,41,0.488,0.34,0.0155,0.3603,False,False,0.3103,0.025,0.5
11,PYPL,low,-4.2084,9946.93,-0.53,13.89,-14.42,-2.266,-1.415,41,0.61,1.39,0.0236,0.3603,False,False,0.3103,0.025,0.5
11,QQQ,low,-1.3061,9975.12,-0.25,3.64,-3.89,-2.487,-2.114,39,0.487,0.8,0.0111,0.3603,False,False,0.3103,0.025,0.5
11,SPY,low,-3.087,9985.8,-0.14,-4.69,4.55,-4.71,-3.891,39,0.436,0.25,-0.0007,0.3603,False,False,0.3103,0.025,0.5
11,UNG,low,1.7708,9957.32,-0.43,-14.27,13.84,-4.041,-2.744,42,0.571,0.81,0.0306,0.3603,False,False,0.3103,0.025,0.5
11,USO,low,0.8974,10034.34,0.34,-8.97,9.32,1.267,1.362,41,0.537,1.44,0.0202,0.3603,False,False,0.3103,0.025,0.5
11,XBI,low,-1.8745,9974.85,-0.25,0.45,-0.7,-4.581,-4.873,40,0.35,0.42,0.017,0.3603,False,False,0.3103,0.025,0.5
11,XLE,low,-0.3522,9958.4,-0.42,7.05,-7.47,-5.54,-3.637,41,0.512,0.59,0.0214,0.3603,False,False,0.3103,0.025,0.5
12,AAPL,low,-1.2566,9989.74,-0.1,0.92,-1.02,-3.372,-2.662,39,0.385,0.18,-0.003,0.3596,False,False,0.3378,0.041,0.5
12,ARKK,low,2.0964,10069.74,0.7,-12.93,13.62,3.779,4.365,41,0.537,0.45,0.0212,0.3596,False,False,0.3378,0.041,0.5
12,GLD,low,-2.417,9991.76,-0.08,-2.97,2.88,-6.217,-5.494,40,0.475,0.11,-0.0047,0.3596,False,False,0.3378,0.041,0.5
12,IWM,low,-3.2961,9972.21,-0.28,7.31,-7.59,-4.986,-4.447,41,0.39,0.37,0.0106,0.3596,False,False,0.3378,0.041,0.5
12,KRE,low,-2.9712,9986.34,-0.14,6.71,-6.84,-1.966,-1.802,39,0.487,0.34,0.0084,0.3596,False,False,0.3378,0.041,0.5
12,NFLX,low,-1.671,9989.17,-0.11,-3.2,3.09,-2.128,-1.906,40,0.45,0.24,0.0234,0.3596,False,False,0.3378,0.041,0.5
12,NVDA,low,-3.7208,9960.33,-0.4,-9.7,9.3,-3.024,-2.816,41,0.341,0.75,0.0265,0.3596,False,False,0.3378,0.041,0.5
12,PYPL,low,0.5487,9991.45,-0.09,5.7,-5.79,-1.656,-1.176,40,0.525,0.33,0.0148,0.3596,False,False,0.3378,0.041,0.5
12,QQQ,low,-1.5178,9920.55,-0.79,4.12,-4.91,-6.974,-4.038,40,0.425,0.85,0.0102,0.3596,False,False,0.3378,0.041,0.5
12,SPY,low,-2.7911,9982.34,-0.18,3.25,-3.43,-7.218,-4.884,40,0.4,0.19,-0.0077,0.3596,False,False,0.3378,0.041,0.5
12,UNG,low,-1.8157,9852.86,-1.47,-0.7,-0.77,-2.637,-1.939,42,0.571,3.57,0.0343,0.3596,False,False,0.3378,0.041,0.5
12,USO,low,-0.4708,9983.73,-0.16,-2.28,2.12,-0.698,-0.54,41,0.634,0.82,0.0197,0.3596,False,False,0.3378,0.041,0.5
12,XBI,low,-0.6649,9960.13,-0.4,5.72,-6.12,-5.87,-4.011,41,0.463,0.47,0.0218,0.3596,False,False,0.3378,0.041,0.5
12,XLE,low,-3.7692,9970.69,-0.29,5.82,-6.11,-8.083,-5.573,40,0.375,0.3,0.0027,0.3596,False,False,0.3378,0.041,0.5
13,AAPL,low,-1.422,9979.7,-0.2,0.4,-0.61,-3.926,-3.226,39,0.436,0.27,0.0061,0.3589,False,False,0.3885,0.1093,0.5
13,ARKK,low,-2.6894,9941.19,-0.59,1.64,-2.23,-4.967,-4.479,40,0.55,0.87,0.0207,0.3589,False,False,0.3885,0.1093,0.5
13,GLD,low,-2.4358,9979.65,-0.2,1.85,-2.06,-3.639,-2.959,39,0.487,0.3,-0.0035,0.3589,False,False,0.3885,0.1093,0.5
13,IWM,low,-1.0097,9951.7,-0.48,6.75,-7.23,-9.549,-5.847,40,0.275,0.52,0.0073,0.3589,False,False,0.3885,0.1093,0.5
13,KRE,low,-0.1617,9968.97,-0.31,9.45,-9.76,-3.586,-3.077,41,0.415,0.64,0.0153,0.3589,False,False,0.3885,0.1093,0.5
13,NFLX,low,-1.6471,10104.24,1.04,13.52,-12.48,3.234,3.436,41,0.61,1.26,0.0277,0.3589,False,False,0.3885,0.1093,0.5
13,NVDA,low,-2.9003,9974.23,-0.26,-5.43,5.18,-4.898,-4.318,41,0.488,0.56,0.0288,0.3589,False,False,0.3885,0.1093,0.5
13,PYPL,low,-1.0083,9967.13,-0.33,5.71,-6.04,-8.138,-5.417,40,0.35,0.35,0.0102,0.3589,False,False,0.3885,0.1093,0.5
13,QQQ,low,-1.4934,10000.51,0.01,1.45,-1.44,0.195,0.209,39,0.333,0.13,-0.0011,0.3589,False,False,0.3885,0.1093,0.5
13,SPY,low,-1.2967,9980.67,-0.19,-2.48,2.28,-2.172,-2.029,40,0.4,0.79,0.0046,0.3589,False,False,0.3885,0.1093,0.5
13,UNG,low,0.1433,10283.59,2.84,19.82,-16.99,7.848,6.262,41,0.61,1.35,0.0249,0.3589,False,False,0.3885,0.1093,0.5
13,USO,low,2.613,9967.62,-0.32,16.04,-16.37,-0.892,-0.614,40,0.525,1.68,0.0241,0.3589,False,False,0.3885,0.1093,0.5
13,XBI,low,0.7543,10011.72,0.12,7.93,-7.81,0.611,0.716,40,0.55,1.13,0.0102,0.3589,False,False,0.3885,0.1093,0.5
13,XLE,low,0.4156,10034.19,0.34,-0.23,0.57,3.97,5.042,39,0.615,0.35,0.0002,0.3589,False,False,0.3885,0.1093,0.5
14,AAPL,low,4.366,10137.63,1.38,-4.93,6.31,8.091,9.563,40,0.5,0.56,0.0109,0.3582,False,False,0.3736,0.0219,0.5
14,ARKK,low,0.5368,10058.87,0.59,6.59,-6.0,3.134,3.962,40,0.475,1.44,0.0174,0.3582,False,False,0.3736,0.0219,0.5
14,GLD,low,-1.5288,9989.7,-0.1,0.35,-0.45,-2.742,-2.287,39,0.436,0.27,-0.0028,0.3582,False,False,0.3736,0.0219,0.5
14,IWM,low,-2.2423,10015.58,0.16,-4.24,4.4,1.31,1.331,40,0.575,0.63,0.0147,0.3582,False,False,0.3736,0.0219,0.5
14,KRE,low,-2.715,9950.81,-0.49,2.47,-2.96,-8.223,-6.052,40,0.475,0.54,0.0171,0.3582,False,False,0.3736,0.0219,0.5
14,NFLX,low,-1.9645,9982.91,-0.17,-0.99,0.82,-5.502,-3.834,40,0.5,0.21,0.0069,0.3582,False,False,0.3736,0.0219,0.5
14,NVDA,low,-2.0782,9950.01,-0.5,1.02,-1.52,-9.502,-7.83,40,0.375,0.6,0.0157,0.3582,False,False,0.3736,0.0219,0.5
14,PYPL,low,-3.841,9967.07,-0.33,11.8,-12.13,-3.486,-2.357,40,0.575,0.56,0.021,0.3582,False,False,0.3736,0.0219,0.5
14,QQQ,low,-2.0464,9977.75,-0.22,-0.67,0.44,-5.486,-4.278,39,0.513,0.36,0.0025,0.3582,False,False,0.3736,0.0219,0.5
14,SPY,low,-2.3151,9983.73,-0.16,1.77,-1.93,-6.306,-3.929,39,0.385,0.19,0.0011,0.3582,False,False,0.3736,0.0219,0.5
14,UNG,low,-4.6365,9888.96,-1.11,-10.04,8.93,-8.928,-6.779,40,0.425,1.5,0.0283,0.3582,False,False,0.3736,0.0219,0.5
14,USO,low,-2.8443,9954.03,-0.46,2.33,-2.79,-6.922,-5.814,42,0.476,0.56,0.026,0.3582,False,False,0.3736,0.0219,0.5
14,XBI,low,-2.5283,9926.52,-0.73,0.94,-1.67,-9.203,-7.21,41,0.317,0.77,0.0265,0.3582,False,False,0.3736,0.0219,0.5
14,XLE,low,-1.5994,9987.11,-0.13,-2.08,1.95,-1.741,-1.447,41,0.463,0.42,0.0179,0.3582,False,False,0.3736,0.0219,0.5
15,AAPL,low,-4.1248,9956.23,-0.44,10.68,-11.11,-9.178,-7.628,40,0.375,0.47,0.0206,0.3575,False,False,0.398,0.1034,0.5
15,ARKK,low,-2.925,9955.05,-0.45,-6.79,6.34,-3.475,-3.276,44,0.455,1.06,0.0323,0.3575,False,False,0.398,0.1034,0.5
15,GLD,low,-2.6966,9989.26,-0.11,2.86,-2.97,-3.774,-3.293,39,0.359,0.21,-0.0011,0.3575,False,False,0.398,0.1034,0.5
15,IWM,low,-1.9106,9981.99,-0.18,0.71,-0.89,-4.326,-3.468,40,0.35,0.31,0.0058,0.3575,False,False,0.398,0.1034,0.5
15,KRE,low,-1.3166,9975.44,-0.25,1.43,-1.68,-3.442,-2.763,40,0.55,0.49,0.0191,0.3575,False,False,0.398,0.1034,0.5
15,NFLX,low,0.3944,10091.83,0.92,-3.61,4.53,3.398,3.482,41,0.659,1.07,0.0258,0.3575,False,False,0.398,0.1034,0.5
15,NVDA,low,3.1391,10120.64,1.21,-0.23,1.43,5.117,5.268,40,0.625,0.8,0.0177,0.3575,False,False,0.398,0.1034,0.5
15,PYPL,low,-5.6555,9937.88,-0.62,18.94,-19.56,-4.797,-3.972,40,0.4,0.83,0.0274,0.3575,False,False,0.398,0.1034,0.5
15,QQQ,low,-3.5988,9980.29,-0.2,-8.63,8.43,-2.934,-2.347,41,0.488,0.33,0.0238,0.3575,False,False,0.398,0.1034,0.5
15,SPY,low,0.1914,9987.4,-0.13,-9.46,9.34,-6.798,-6.671,40,0.45,0.18,0.0084,0.3575,False,False,0.398,0.1034,0.5
15,UNG,low,2.2789,9872.79,-1.27,25.14,-26.42,-6.982,-4.279,45,0.422,1.5,0.0367,0.3575,False,False,0.398,0.1034,0.5
15,USO,low,-4.4772,9960.55,-0.39,11.87,-12.27,-4.856,-2.815,41,0.463,0.54,0.0136,0.3575,False,False,0.398,0.1034,0.5
15,XBI,low,0.0343,10009.86,0.1,-2.62,2.71,0.762,0.994,40,0.525,0.68,0.0114,0.3575,False,False,0.398,0.1034,0.5
15,XLE,low,2.466,10077.78,0.78,-5.12,5.9,4.212,5.412,39,0.564,0.93,0.015,0.3575,False,False,0.398,0.1034,0.5
16,AAPL,low,-3.311,9980.29,-0.2,5.66,-5.86,-5.244,-4.48,40,0.35,0.25,0.0068,0.3567,False,False,0.39,0.1286,0.5
16,ARKK,low,-0.5684,10058.98,0.59,-0.95,1.54,2.167,2.18,39,0.513,0.98,0.0255,0.3567,False,False,0.39,0.1286,0.5
16,GLD,low,-2.7009,9992.39,-0.08,-1.39,1.31,-2.985,-2.224,39,0.436,0.23,0.0028,0.3567,False,False,0.39,0.1286,0.5
16,IWM,low,1.423,9992.71,-0.07,-2.89,2.82,-0.563,-0.37,40,0.475,0.71,0.014,0.3567,False,False,0.39,0.1286,0.5
16,KRE,low,-2.0051,9983.36,-0.17,-2.04,1.88,-3.217,-2.978,39,0.41,0.47,0.0167,0.3567,False,False,0.39,0.1286,0.5
16,NFLX,low,0.3485,10007.31,0.07,1.12,-1.05,0.773,0.698,39,0.538,0.52,0.0097,0.3567,False,False,0.39,0.1286,0.5
16,NVDA,low,-1.3539,9953.36,-0.47,-2.67,2.21,-5.546,-5.223,40,0.5,0.61,0.0182,0.3567,False,False,0.39,0.1286,0.5
16,PYPL,low,2.6269,10167.03,1.67,-1.48,3.15,5.028,6.968,40,0.525,0.76,0.0195,0.3567,False,False,0.39,0.1286,0.5
16,QQQ,low,-0.6462,10001.86,0.02,-1.68,1.7,0.3,0.341,40,0.475,0.37,-0.0001,0.3567,False,False,0.39,0.1286,0.5
16,SPY,low,-1.4593,9991.03,-0.09,0.25,-0.34,-4.979,-4.246,39,0.462,0.16,0.0039,0.3567,False,False,0.39,0.1286,0.5
16,UNG,low,2.4113,9870.37,-1.3,30.86,-32.15,-6.921,-5.64,42,0.5,1.73,0.0374,0.3567,False,False,0.39,0.1286,0.5
16,USO,low,-0.3963,10013.35,0.13,-6.4,6.53,1.539,1.489,42,0.548,0.32,0.03,0.3567,False,False,0.39,0.1286,0.5
16,XBI,low,-1.4652,9993.19,-0.07,-1.26,1.19,-2.721,-2.625,41,0.512,0.2,0.0098,0.3567,False,False,0.39,0.1286,0.5
16,XLE,low,-0.9187,9989.79,-0.1,2.92,-3.03,-4.075,-3.888,40,0.575,0.16,0.0063,0.3567,False,False,0.39,0.1286,0.5
17,AAPL,low,-1.3095,9996.16,-0.04,1.59,-1.63,-0.625,-0.546,40,0.5,0.27,0.0081,0.356,False,False,0.4351,0.1328,0.5
17,ARKK,low,0.8303,9955.06,-0.45,16.33,-16.78,-5.571,-4.801,41,0.39,0.65,0.0293,0.356,False,False,0.4351,0.1328,0.5
17,GLD,low,-2.4433,9985.36,-0.15,-1.69,1.54,-7.688,-5.988,40,0.4,0.2,0.0039,0.356,False,False,0.4351,0.1328,0.5
17,IWM,low,-0.4354,9990.15,-0.1,-6.32,6.22,-3.651,-3.208,40,0.45,0.17,0.007,0.356,False,False,0.4351,0.1328,0.5
17,KRE,low,-2.0845,9976.92,-0.23,0.3,-0.54,-5.372,-5.183,40,0.5,0.25,0.0165,0.356,False,False,0.4351,0.1328,0.5
17,NFLX,low,-2.1508,9987.06,-0.13,6.74,-6.87,-1.683,-1.548,40,0.475,0.63,0.0157,0.356,False,False,0.4351,0.1328,0.5
17,NVDA,low,-3.4449,9970.64,-0.29,-6.92,6.63,-2.463,-2.206,40,0.575,0.87,0.023,0.356,False,False,0.4351,0.1328,0.5
17,PYPL,low,0.2563,10137.68,1.38,-1.15,2.53,5.034,6.198,40,0.575,1.42,0.0257,0.356,False,False,0.4351,0.1328,0.5
17,QQQ,low,-1.6005,10009.88,0.1,-0.11,0.21,0.636,0.741,39,0.513,0.8,0.0178,0.356,False,False,0.4351,0.1328,0.5
17,SPY,low,-2.3301,9993.72,-0.06,-0.0,-0.06,-4.114,-3.84,39,0.513,0.11,-0.0012,0.356,False,False,0.4351,0.1328,0.5
17,UNG,low,-0.9149,9957.12,-0.43,-1.74,1.31,-2.441,-1.964,42,0.476,1.35,0.0362,0.356,False,False,0.4351,0.1328,0.5
17,USO,low,-2.5844,9972.12,-0.28,-4.71,4.43,-0.928,-0.702,41,0.537,1.28,0.0268,0.356,False,False,0.4351,0.1328,0.5
17,XBI,low,0.1353,9989.8,-0.1,6.83,-6.93,-1.798,-1.655,40,0.475,0.25,0.0219,0.356,False,False,0.4351,0.1328,0.5
17,XLE,low,-3.843,9938.94,-0.61,3.52,-4.13,-4.794,-4.739,40,0.45,0.61,0.0246,0.356,False,False,0.4351,0.1328,0.5
18,AAPL,low,-2.4984,10050.79,0.51,10.03,-9.52,3.922,7.482,40,0.475,0.41,0.0068,0.3553,False,False,0.4417,0.107,0.5
18,ARKK,low,-2.5168,9936.18,-0.64,-5.24,4.6,-2.643,-2.087,40,0.55,1.4,0.0332,0.3553,False,False,0.4417,0.107,0.5
18,GLD,low,-0.51,9989.32,-0.11,-4.81,4.7,-6.135,-6.081,38,0.368,0.17,0.0033,0.3553,False,False,0.4417,0.107,0.5
18,IWM,low,-1.9585,9954.04,-0.46,-2.62,2.16,-10.509,-8.797,41,0.341,0.46,0.0258,0.3553,False,False,0.4417,0.107,0.5
18,KRE,low,-1.8517,9981.07,-0.19,1.2,-1.39,-4.685,-4.094,40,0.4,0.24,0.0176,0.3553,False,False,0.4417,0.107,0.5
18,NFLX,low,-3.4117,9955.87,-0.44,8.69,-9.13,-5.639,-4.071,41,0.512,0.51,0.0199,0.3553,False,False,0.4417,0.107,0.5
18,NVDA,low,-1.7434,9964.16,-0.36,-1.06,0.71,-4.012,-3.406,40,0.4,0.65,0.0313,0.3553,False,False,0.4417,0.107,0.5
18,PYPL,low,-7.1024,9804.93,-1.95,-19.68,17.73,-4.58,-2.663,39,0.436,2.24,0.0249,0.3553,False,False,0.4417,0.107,0.5
18,QQQ,low,-0.8302,9989.8,-0.1,-5.15,5.05,-6.094,-6.094,39,0.308,0.2,0.0015,0.3553,False,False,0.4417,0.107,0.5
18,SPY,low,-3.5513,9984.33,-0.16,4.25,-4.41,-10.415,-8.963,40,0.25,0.19,-0.0056,0.3553,False,False,0.4417,0.107,0.5
18,UNG,low,-3.2814,9913.59,-0.86,8.91,-9.77,-4.497,-2.718,41,0.537,1.67,0.033,0.3553,False,False,0.4417,0.107,0.5
18,USO,low,-3.4567,9941.93,-0.58,7.92,-8.5,-7.233,-4.419,40,0.375,0.64,0.0248,0.3553,False,False,0.4417,0.107,0.5
18,XBI,low,-2.3775,9978.11,-0.22,-2.14,1.92,-5.309,-4.472,40,0.4,0.3,0.0192,0.3553,False,False,0.4417,0.107,0.5
18,XLE,low,-1.8867,9978.31,-0.22,1.2,-1.42,-4.28,-4.029,40,0.45,0.36,0.0291,0.3553,False,False,0.4417,0.107,0.5
19,AAPL,low,-2.5315,10016.58,0.17,-6.42,6.58,2.017,1.874,39,0.487,0.27,0.0166,0.3546,False,False,0.2953,0.0774,0.5
19,ARKK,low,-1.5403,9979.42,-0.21,-0.54,0.33,-6.286,-5.885,41,0.439,0.3,0.0253,0.3546,False,False,0.2953,0.0774,0.5
19,GLD,low,-2.6305,9951.48,-0.49,-3.21,2.72,-11.914,-7.708,40,0.4,0.54,0.012,0.3546,False,False,0.2953,0.0774,0.5
19,IWM,low,-1.5681,9978.25,-0.22,2.35,-2.57,-5.145,-4.107,40,0.4,0.35,0.0184,0.3546,False,False,0.2953,0.0774,0.5
19,KRE,low,-9.2857,9613.48,-3.87,-24.64,20.77,-7.055,-4.331,43,0.581,4.2,0.0314,0.3546,False,False,0.2953,0.0774,0.5
19,NFLX,low,-2.0633,9988.56,-0.11,3.25,-3.36,-3.311,-2.777,40,0.425,0.2,0.0197,0.3546,False,False,0.2953,0.0774,0.5
19,NVDA,low,-2.2658,9970.03,-0.3,1.6,-1.9,-1.566,-1.493,41,0.463,1.34,0.0316,0.3546,False,False,0.2953,0.0774,0.5
19,PYPL,low,-0.682,9951.86,-0.48,8.8,-9.28,-6.688,-6.071,40,0.35,0.59,0.0311,0.3546,False,False,0.2953,0.0774,0.5
19,QQQ,low,-1.9836,9993.32,-0.07,-2.21,2.15,-2.587,-2.695,39,0.462,0.17,0.0103,0.3546,False,False,0.2953,0.0774,0.5
19,SPY,low,-3.3023,9966.82,-0.33,-4.76,4.43,-7.693,-6.363,40,0.475,0.4,0.0159,0.3546,False,False,0.2953,0.0774,0.5
19,UNG,low,-3.6439,10192.37,1.92,-18.34,20.26,2.773,2.403,41,0.561,4.93,0.0426,0.3546,False,False,0.2953,0.0774,0.5
19,USO,low,-2.1591,10034.49,0.34,6.66,-6.32,2.757,3.16,40,0.425,0.68,0.0252,0.3546,False,False,0.2953,0.0774,0.5
19,XBI,low,-5.4562,9938.96,-0.61,12.81,-13.42,-8.148,-7.326,40,0.5,0.86,0.0269,0.3546,False,False,0.2953,0.0774,0.5
19,XLE,low,-1.505,9968.48,-0.32,1.53,-1.85,-2.458,-1.822,40,0.525,0.78,0.0121,0.3546,False,False,0.2953,0.0774,0.5
20,AAPL,low,-1.0168,9960.2,-0.4,3.11,-3.51,-5.565,-3.608,40,0.325,0.53,0.0196,0.3539,False,False,0.3911,0.0454,0.5
20,ARKK,low,-5.8504,9955.33,-0.45,17.55,-18.0,-5.801,-5.724,40,0.475,0.64,0.0258,0.3539,False,False,0.3911,0.0454,0.5
20,GLD,low,-1.7267,9992.47,-0.08,3.08,-3.16,-1.904,-1.676,39,0.308,0.22,0.0013,0.3539,False,False,0.3911,0.0454,0.5
20,IWM,low,-0.8737,10004.24,0.04,-2.09,2.13,0.764,0.797,41,0.537,0.28,0.0082,0.3539,False,False,0.3911,0.0454,0.5
20,KRE,low,-1.9094,9976.68,-0.23,0.57,-0.8,-2.201,-1.672,40,0.525,0.82,0.0187,0.3539,False,False,0.3911,0.0454,0.5
20,NFLX,low,5.4164,10095.82,0.96,29.24,-28.28,3.521,4.353,41,0.561,1.32,0.0331,0.3539,False,False,0.3911,0.0454,0.5
20,NVDA,low,7.6403,9961.6,-0.38,-75.71,75.32,-3.89,-3.624,40,0.4,0.95,0.0229,0.3539,False,False,0.3911,0.0454,0.5
20,PYPL,low,-3.7957,9849.46,-1.51,2.63,-4.14,-10.53,-6.585,41,0.317,1.59,0.029,0.3539,False,False,0.3911,0.0454,0.5
20,QQQ,low,0.5053,10004.39,0.04,-6.04,6.08,0.299,0.327,40,0.5,0.61,0.0231,0.3539,False,False,0.3911,0.0454,0.5
20,SPY,low,-2.6896,9989.02,-0.11,-4.98,4.87,-5.48,-5.225,40,0.4,0.15,0.0096,0.3539,False,False,0.3911,0.0454,0.5
20,UNG,low,-1.2568,9883.52,-1.16,5.4,-6.57,-4.822,-2.964,40,0.525,1.2,0.0388,0.3539,False,False,0.3911,0.0454,0.5
20,USO,low,-4.1814,9987.92,-0.12,-10.15,10.03,-1.574,-1.279,42,0.548,0.33,0.0314,0.3539,False,False,0.3911,0.0454,0.5
20,XBI,low,3.7949,10144.17,1.44,-11.45,12.89,5.776,6.819,40,0.6,0.91,0.0295,0.3539,False,False,0.3911,0.0454,0.5
20,XLE,low,-0.6742,9981.37,-0.19,3.24,-3.43,-3.473,-2.777,40,0.6,0.31,0.0161,0.3539,False,False,0.3911,0.0454,0.5
21,AAPL,low,-3.2407,9988.95,-0.11,8.17,-8.28,-1.79,-1.44,41,0.585,0.27,0.023,0.3532,False,False,0.3338,0.0551,0.5
21,ARKK,low,-1.8937,9944.52,-0.55,-2.48,1.93,-2.999,-2.756,40,0.575,1.1,0.032,0.3532,False,False,0.3338,0.0551,0.5
21,GLD,low,-2.675,9970.45,-0.3,2.01,-2.3,-9.525,-5.923,39,0.308,0.31,0.0031,0.3532,False,False,0.3338,0.0551,0.5
21,IWM,low,-0.7192,9979.22,-0.21,-5.91,5.71,-8.178,-6.505,39,0.308,0.22,0.0105,0.3532,False,False,0.3338,0.0551,0.5
21,KRE,low,-2.336,9981.89,-0.18,-5.6,5.42,-3.148,-2.78,41,0.512,0.41,0.023,0.3532,False,False,0.3338,0.0551,0.5
21,NFLX,low,-0.5897,9991.03,-0.09,1.5,-1.59,-0.771,-0.881,39,0.487,0.68,0.0196,0.3532,False,False,0.3338,0.0551,0.5
21,NVDA,low,-4.4604,9954.6,-0.45,11.86,-12.31,-4.014,-2.956,41,0.488,1.26,0.0335,0.3532,False,False,0.3338,0.0551,0.5
21,PYPL,low,-1.5997,9961.24,-0.39,3.15,-3.54,-3.199,-2.906,40,0.45,0.97,0.0291,0.3532,False,False,0.3338,0.0551,0.5
21,QQQ,low,-1.6786,9970.05,-0.3,3.62,-3.92,-7.247,-4.71,40,0.375,0.35,0.0111,0.3532,False,False,0.3338,0.0551,0.5
21,SPY,low,-3.3779,9986.48,-0.14,3.64,-3.78,-2.954,-2.864,39,0.487,0.26,0.0007,0.3532,False,False,0.3338,0.0551,0.5
21,UNG,low,2.3409,9900.58,-0.99,-18.91,17.91,-3.76,-2.248,44,0.409,1.53,0.0395,0.3532,False,False,0.3338,0.0551,0.5
21,USO,low,-1.9471,10048.1,0.48,-6.16,6.64,1.432,1.539,41,0.537,1.48,0.0297,0.3532,False,False,0.3338,0.0551,0.5
21,XBI,low,0.2207,9997.52,-0.02,-6.5,6.48,-0.172,-0.151,40,0.475,0.5,0.0208,0.3532,False,False,0.3338,0.0551,0.5
21,XLE,low,-2.0446,9949.39,-0.51,2.92,-3.42,-3.88,-2.786,40,0.5,0.73,0.0258,0.3532,False,False,0.3338,0.0551,0.5
22,AAPL,low,-2.2268,9971.83,-0.28,5.69,-5.97,-2.096,-2.253,41,0.488,1.11,0.0293,0.3525,False,False,0.3117,0.0593,0.5
22,ARKK,low,-1.7351,9946.56,-0.53,2.02,-2.55,-2.151,-1.628,41,0.537,1.73,0.0328,0.3525,False,False,0.3117,0.0593,0.5
22,GLD,low,-2.1701,9985.98,-0.14,1.2,-1.34,-12.024,-10.056,39,0.385,0.18,0.0023,0.3525,False,False,0.3117,0.0593,0.5
22,IWM,low,-0.44,9984.37,-0.16,-1.56,1.4,-0.893,-0.753,40,0.6,0.8,0.0193,0.3525,False,False,0.3117,0.0593,0.5
22,KRE,low,-0.473,9932.68,-0.67,-7.47,6.8,-5.876,-3.539,41,0.366,0.82,0.0262,0.3525,False,False,0.3117,0.0593,0.5
22,NFLX,low,-3.2253,9986.26,-0.14,11.05,-11.19,-1.816,-1.341,40,0.55,0.37,0.0224,0.3525,False,False,0.3117,0.0593,0.5
22,NVDA,low,-2.2365,9974.27,-0.26,-5.76,5.51,-3.043,-2.733,42,0.381,0.4,0.0361,0.3525,False,False,0.3117,0.0593,0.5
22,PYPL,low,1.6296,10098.89,0.99,-5.27,6.26,7.223,7.893,38,0.605,0.39,0.0215,0.3525,False,False,0.3117,0.0593,0.5
22,QQQ,low,-0.7487,9975.03,-0.25,-5.12,4.87,-2.025,-1.95,40,0.4,0.97,0.0313,0.3525,False,False,0.3117,0.0593,0.5
22,SPY,low,-2.4642,9990.77,-0.09,0.9,-1.0,-4.932,-4.767,40,0.375,0.11,-0.004,0.3525,False,False,0.3117,0.0593,0.5
22,UNG,low,-5.3717,9951.03,-0.49,21.66,-22.15,-4.01,-2.517,40,0.55,0.93,0.0365,0.3525,False,False,0.3117,0.0593,0.5
22,USO,low,-2.6579,10084.94,0.85,-12.47,13.32,2.671,2.976,40,0.475,1.31,0.0334,0.3525,False,False,0.3117,0.0593,0.5
22,XBI,low,-3.1165,9961.7,-0.38,5.15,-5.54,-6.142,-4.855,40,0.475,0.43,0.0287,0.3525,False,False,0.3117,0.0593,0.5
22,XLE,low,-1.8292,9969.69,-0.3,-5.28,4.98,-2.891,-3.149,40,0.425,0.57,0.0235,0.3525,False,False,0.3117,0.0593,0.5
23,AAPL,low,-3.5658,9993.44,-0.07,6.92,-6.98,-0.979,-1.092,39,0.436,0.31,0.003,0.3518,False,False,0.263,0.046,0.4809
23,ARKK,low,-4.9075,9874.14,-1.26,-8.36,7.1,-9.373,-7.478,42,0.333,1.31,0.0327,0.3518,False,False,0.263,0.046,0.4809
23,GLD,low,-2.265,9989.57,-0.1,0.43,-0.53,-8.075,-7.381,39,0.385,0.13,-0.0048,0.3518,False,False,0.263,0.046,0.4809
23,IWM,low,0.9417,9969.42,-0.31,15.94,-16.25,-5.473,-3.464,41,0.293,0.38,0.0112,0.3518,False,False,0.263,0.046,0.4809
23,KRE,low,-1.613,9976.88,-0.23,-3.12,2.88,-4.295,-4.905,40,0.375,0.53,0.0212,0.3518,False,False,0.263,0.046,0.4809
23,NFLX,low,-1.817,9960.98,-0.39,0.83,-1.22,-10.13,-6.802,39,0.436,0.44,0.0101,0.3518,False,False,0.263,0.046,0.4809
23,NVDA,low,-1.4177,9980.14,-0.2,-0.25,0.05,-7.005,-6.138,40,0.475,0.27,0.0182,0.3518,False,False,0.263,0.046,0.4809
23,PYPL,low,-5.6681,9952.31,-0.48,-16.87,16.39,-8.247,-5.173,40,0.625,0.62,0.0198,0.3518,False,False,0.263,0.046,0.4809
23,QQQ,low,-2.5072,9995.97,-0.04,-7.02,6.98,-1.06,-1.155,40,0.5,0.32,0.0195,0.3518,False,False,0.263,0.046,0.4809
23,SPY,low,-2.261,9983.16,-0.17,1.85,-2.02,-3.615,-2.747,39,0.41,0.24,0.005,0.3518,False,False,0.263,0.046,0.4809
23,UNG,low,-1.2732,9994.15,-0.06,3.26,-3.32,-0.198,-0.22,40,0.575,1.5,0.0318,0.3518,False,False,0.263,0.046,0.4809
23,USO,low,-5.7379,9940.46,-0.6,17.51,-18.11,-8.06,-6.669,41,0.244,0.63,0.0238,0.3518,False,False,0.263,0.046,0.4809
23,XBI,low,-1.8305,9979.77,-0.2,-0.34,0.14,-8.292,-7.055,41,0.415,0.29,0.0099,0.3518,False,False,0.263,0.046,0.4809
23,XLE,low,2.2624,10119.94,1.2,1.09,0.11,5.576,4.527,40,0.6,0.77,0.016,0.3518,False,False,0.263,0.046,0.4809
24,AAPL,low,-2.2413,9983.45,-0.17,-4.76,4.59,-4.845,-4.259,40,0.45,0.28,0.0229,0.3511,False,False,0.3508,0.0472,0.4974
24,ARKK,low,3.3788,10157.14,1.57,11.36,-9.79,3.98,4.2,40,0.5,1.46,0.0335,0.3511,False,False,0.3508,0.0472,0.4974
24,GLD,low,-1.0717,9993.45,-0.07,4.03,-4.1,-4.773,-4.899,40,0.375,0.09,-0.0038,0.3511,False,False,0.3508,0.0472,0.4974
24,IWM,low,-0.4941,9981.12,-0.19,-8.61,8.42,-5.21,-4.658,39,0.538,0.28,0.0085,0.3511,False,False,0.3508,0.0472,0.4974
24,KRE,low,-0.6549,10414.29,4.14,12.87,-8.73,7.082,19.208,39,0.538,1.0,0.0225,0.3511,False,False,0.3508,0.0472,0.4974
24,NFLX,low,3.203,10285.98,2.86,4.98,-2.12,12.141,16.183,39,0.59,0.81,0.0185,0.3511,False,False,0.3508,0.0472,0.4974
24,NVDA,low,-2.956,9948.69,-0.51,6.23,-6.74,-4.814,-3.106,42,0.429,0.6,0.0292,0.3511,False,False,0.3508,0.0472,0.4974
24,PYPL,low,1.5826,9876.82,-1.23,-21.61,20.37,-7.709,-6.8,43,0.372,1.58,0.0316,0.3511,False,False,0.3508,0.0472,0.4974
24,QQQ,low,-2.8229,9975.09,-0.25,-1.24,0.99,-8.408,-6.942,40,0.5,0.33,0.0053,0.3511,False,False,0.3508,0.0472,0.4974
24,SPY,low,-2.0479,9995.22,-0.05,2.91,-2.96,-3.934,-4.267,38,0.289,0.09,-0.0044,0.3511,False,False,0.3508,0.0472,0.4974
24,UNG,low,0.0873,9893.08,-1.07,11.72,-12.79,-3.428,-2.086,42,0.429,1.82,0.0312,0.3511,False,False,0.3508,0.0472,0.4974
24,USO,low,2.1124,9940.7,-0.59,-15.89,15.3,-6.373,-5.304,43,0.465,1.14,0.0347,0.3511,False,False,0.3508,0.0472,0.4974
24,XBI,low,-3.6121,9977.92,-0.22,-9.37,9.15,-3.884,-3.978,41,0.366,0.31,0.0297,0.3511,False,False,0.3508,0.0472,0.4974
24,XLE,low,0.1051,10013.08,0.13,-2.51,2.64,1.061,0.988,39,0.41,0.45,0.0113,0.3511,False,False,0.3508,0.0472,0.4974
25,AAPL,low,-2.5146,9984.69,-0.15,-6.16,6.01,-1.391,-1.324,40,0.5,0.78,0.0343,0.3504,False,False,0.4431,0.0781,0.5
25,ARKK,low,-0.7803,9845.36,-1.55,11.65,-13.2,-6.281,-5.128,42,0.571,2.35,0.0396,0.3504,False,False,0.4431,0.0781,0.5
25,GLD,low,-1.9337,9989.01,-0.11,0.39,-0.5,-7.358,-6.482,39,0.385,0.13,0.0006,0.3504,False,False,0.4431,0.0781,0.5
25,IWM,low,-0.2321,9999.34,-0.01,5.5,-5.51,-0.093,-0.09,39,0.564,0.33,0.0203,0.3504,False,False,0.4431,0.0781,0.5
25,KRE,low,-0.5782,9970.16,-0.3,4.9,-5.2,-6.22,-4.786,40,0.45,0.39,0.0277,0.3504,False,False,0.4431,0.0781,0.5
25,NFLX,low,-2.8152,10021.95,0.22,8.78,-8.56,1.04,1.063,40,0.575,1.07,0.0286,0.3504,False,False,0.4431,0.0781,0.5
25,NVDA,low,0.3428,10000.46,0.0,8.33,-8.32,0.049,0.049,40,0.5,1.07,0.0208,0.3504,False,False,0.4431,0.0781,0.5
25,PYPL,low,-5.4593,9957.18,-0.43,-16.35,15.92,-6.118,-5.007,40,0.375,0.74,0.0353,0.3504,False,False,0.4431,0.0781,0.5
25,QQQ,low,-0.3947,9982.19,-0.18,-6.09,5.91,-3.274,-2.835,39,0.538,0.28,0.0137,0.3504,False,False,0.4431,0.0781,0.5
25,SPY,low,-0.7609,9984.17,-0.16,-3.21,3.05,-2.886,-2.414,39,0.564,0.35,0.003,0.3504,False,False,0.4431,0.0781,0.5
25,UNG,low,6.2698,10119.63,1.2,35.88,-34.68,2.31,2.117,41,0.537,2.51,0.0392,0.3504,False,False,0.4431,0.0781,0.5
25,USO,low,3.8044,10250.16,2.5,-6.7,9.2,7.298,6.926,41,0.634,0.9,0.0341,0.3504,False,False,0.4431,0.0781,0.5
25,XBI,low,-2.687,9979.66,-0.2,-4.99,4.79,-5.72,-4.879,40,0.425,0.25,0.0259,0.3504,False,False,0.4431,0.0781,0.5
25,XLE,low,0.3566,9948.48,-0.52,4.12,-4.63,-3.233,-2.223,41,0.488,0.89,0.0187,0.3504,False,False,0.4431,0.0781,0.5
1,AAPL,low,-0.5243,9983.8,-0.16,6.27,-6.43,-5.091,-3.807,40,0.35,0.17,0.0188,0.3497,False,False,0.4246,0.1021,0.5
1,ARKK,low,1.5042,10062.54,0.63,0.13,0.5,1.802,1.733,41,0.585,1.8,0.0365,0.3497,False,False,0.4246,0.1021,0.5
1,GLD,low,-3.9335,9991.95,-0.08,2.71,-2.79,-2.146,-2.522,39,0.359,0.25,0.0064,0.3497,False,False,0.4246,0.1021,0.5
1,IWM,low,-2.6216,9983.13,-0.17,4.61,-4.78,-5.288,-3.84,38,0.474,0.29,0.0148,0.3497,False,False,0.4246,0.1021,0.5
1,KRE,low,-0.0057,9974.1,-0.26,6.45,-6.71,-3.85,-3.043,40,0.475,0.33,0.028,0.3497,False,False,0.4246,0.1021,0.5
1,NFLX,low,-1.9516,9949.4,-0.51,2.06,-2.56,-3.903,-3.136,40,0.5,0.9,0.0251,0.3497,False,False,0.4246,0.1021,0.5
1,NVDA,low,-0.536,10086.57,0.87,5.17,-4.3,3.882,5.327,39,0.538,1.21,0.0308,0.3497,False,False,0.4246,0.1021,0.5
1,PYPL,low,-1.5061,9997.55,-0.02,0.22,-0.24,-0.329,-0.344,40,0.5,0.34,0.0271,0.3497,False,False,0.4246,0.1021,0.5
1,QQQ,low,-3.3992,9962.55,-0.37,-5.71,5.34,-11.957,-10.016,40,0.325,0.45,0.025,0.3497,False,False,0.4246,0.1021,0.5
1,SPY,low,-1.4694,9976.94,-0.23,2.39,-2.62,-7.249,-4.718,39,0.487,0.31,0.0186,0.3497,False,False,0.4246,0.1021,0.5
1,UNG,low,-0.2135,9932.69,-0.67,-9.38,8.71,-7.251,-5.31,42,0.5,0.84,0.0419,0.3497,False,False,0.4246,0.1021,0.5
1,USO,low,-2.3702,9955.63,-0.44,-2.38,1.94,-7.412,-5.067,42,0.333,0.68,0.0323,0.3497,False,False,0.4246,0.1021,0.5
1,XBI,low,-4.2667,10024.19,0.24,15.79,-15.55,2.227,2.265,41,0.512,0.37,0.0355,0.3497,False,False,0.4246,0.1021,0.5
1,XLE,low,-4.1472,9977.95,-0.22,12.87,-13.09,-7.579,-6.732,39,0.333,0.36,0.0205,0.3497,False,False,0.4246,0.1021,0.5
2,AAPL,low,-3.9853,9977.39,-0.23,-9.88,9.65,-6.047,-5.537,40,0.3,0.32,0.0251,0.349,False,False,0.4729,0.1529,0.5
2,ARKK,low,-3.9037,9955.75,-0.44,11.47,-11.91,-4.088,-2.788,41,0.585,0.66,0.0425,0.349,False,False,0.4729,0.1529,0.5
2,GLD,low,-1.1345,9982.28,-0.18,2.44,-2.62,-8.892,-6.199,40,0.475,0.26,0.01,0.349,False,False,0.4729,0.1529,0.5
2,IWM,low,4.5443,10102.62,1.03,2.67,-1.64,9.674,12.599,40,0.5,0.25,0.0161,0.349,False,False,0.4729,0.1529,0.5
2,KRE,low,-8.8484,9959.39,-0.41,-27.01,26.6,-3.119,-2.378,40,0.525,0.79,0.0237,0.349,False,False,0.4729,0.1529,0.5
2,NFLX,low,1.6622,9922.88,-0.77,23.48,-24.25,-8.934,-5.835,42,0.357,1.0,0.0411,0.349,False,False,0.4729,0.1529,0.5
2,NVDA,low,-1.4297,9977.19,-0.23,0.63,-0.85,-3.134,-2.019,40,0.5,0.37,0.0257,0.349,False,False,0.4729,0.1529,0.5
2,PYPL,low,-1.6357,9901.34,-0.99,-8.04,7.06,-5.356,-5.673,41,0.488,1.02,0.0327,0.349,False,False,0.4729,0.1529,0.5
2,QQQ,low,-0.2706,9993.32,-0.07,-4.22,4.15,-0.91,-0.868,39,0.564,0.32,0.0117,0.349,False,False,0.4729,0.1529,0.5
2,SPY,low,-1.9914,9991.63,-0.08,0.24,-0.32,-10.177,-8.353,39,0.385,0.08,0.0019,0.349,False,False,0.4729,0.1529,0.5
2,UNG,low,-1.5393,9924.34,-0.76,6.64,-7.4,-1.756,-1.38,43,0.488,2.02,0.0453,0.349,False,False,0.4729,0.1529,0.5
2,USO,low,-1.0092,9963.38,-0.37,3.85,-4.22,-7.178,-6.566,42,0.381,0.52,0.042,0.349,False,False,0.4729,0.1529,0.5
2,XBI,low,-3.8077,9988.49,-0.12,12.1,-12.22,-1.891,-1.479,42,0.429,0.31,0.0364,0.349,False,False,0.4729,0.1529,0.5
2,XLE,low,-1.2658,9983.59,-0.16,-2.99,2.82,-1.195,-1.081,41,0.366,0.59,0.0303,0.349,False,False,0.4729,0.1529,0.5
3,AAPL,low,-0.089,10056.84,0.57,1.22,-0.66,4.731,5.893,39,0.513,0.28,0.0161,0.3483,False,False,0.2543,0.2134,0.5
3,ARKK,low,-1.8336,9966.5,-0.33,-0.11,-0.22,-5.501,-4.207,40,0.4,0.5,0.0336,0.3483,False,False,0.2543,0.2134,0.5
3,GLD,low,-1.5242,9969.77,-0.3,5.5,-5.81,-12.509,-10.794,40,0.325,0.3,0.0183,0.3483,False,False,0.2543,0.2134,0.5
3,IWM,low,-2.2297,9968.11,-0.32,3.94,-4.26,-4.008,-3.588,39,0.385,0.71,0.0205,0.3483,False,False,0.2543,0.2134,0.5
3,KRE,low,-1.1284,9977.48,-0.23,2.7,-2.93,-3.632,-3.305,40,0.55,0.4,0.0241,0.3483,False,False,0.2543,0.2134,0.5
3,NFLX,low,4.1075,10151.68,1.52,18.07,-16.56,7.341,9.625,41,0.683,0.67,0.027,0.3483,False,False,0.2543,0.2134,0.5
3,NVDA,low,-3.4844,10042.68,0.43,17.61,-17.18,1.523,1.343,41,0.488,1.49,0.0393,0.3483,False,False,0.2543,0.2134,0.5
3,PYPL,low,1.3837,9940.89,-0.59,-15.44,14.85,-9.362,-8.485,40,0.375,0.86,0.038,0.3483,False,False,0.2543,0.2134,0.5
3,QQQ,low,-2.1036,9986.47,-0.14,2.55,-2.68,-2.006,-2.085,39,0.513,0.62,0.0107,0.3483,False,False,0.2543,0.2134,0.5
3,SPY,low,-2.4405,9989.75,-0.1,0.61,-0.72,-2.166,-1.782,39,0.513,0.41,0.0027,0.3483,False,False,0.2543,0.2134,0.5
3,UNG,low,-5.12,9951.88,-0.48,-15.28,14.8,-4.542,-4.062,42,0.429,0.59,0.0459,0.3483,False,False,0.2543,0.2134,0.5
3,USO,low,-1.8658,9983.41,-0.17,1.33,-1.49,-0.818,-0.805,41,0.439,0.93,0.0356,0.3483,False,False,0.2543,0.2134,0.5
3,XBI,low,-1.0495,9989.09,-0.11,0.89,-1.0,-2.722,-2.397,40,0.375,0.26,0.0262,0.3483,False,False,0.2543,0.2134,0.5
3,XLE,low,-0.5736,9974.12,-0.26,5.83,-6.09,-7.006,-7.184,41,0.317,0.36,0.0306,0.3483,False,False,0.2543,0.2134,0.5
4,AAPL,low,0.1952,10112.28,1.12,9.14,-8.01,7.884,12.891,39,0.59,0.29,0.0089,0.3476,False,False,0.3866,0.1947,0.5
4,ARKK,low,-2.4757,9954.98,-0.45,-1.53,1.08,-7.44,-5.876,40,0.45,0.53,0.0256,0.3476,False,False,0.3866,0.1947,0.5
4,GLD,low,-1.9271,9989.33,-0.11,-0.02,-0.08,-5.816,-4.411,40,0.4,0.15,0.0008,0.3476,False,False,0.3866,0.1947,0.5
4,IWM,low,-0.541,9984.11,-0.16,-4.54,4.38,-5.702,-5.419,39,0.333,0.23,0.0108,0.3476,False,False,0.3866,0.1947,0.5
4,KRE,low,-2.1412,9969.71,-0.3,0.71,-1.01,-7.489,-5.746,40,0.425,0.35,0.0214,0.3476,False,False,0.3866,0.1947,0.5
4,NFLX,low,3.8538,10269.83,2.7,-13.94,16.64,6.038,7.107,41,0.61,1.52,0.038,0.3476,False,False,0.3866,0.1947,0.5
4,NVDA,low,-0.8785,9962.16,-0.38,-4.88,4.5,-6.92,-5.358,40,0.3,0.42,0.0246,0.3476,False,False,0.3866,0.1947,0.5
4,PYPL,low,-5.0285,9976.6,-0.23,-13.83,13.6,-1.83,-1.353,40,0.55,1.19,0.0314,0.3476,False,False,0.3866,0.1947,0.5
4,QQQ,low,-1.0327,9994.45,-0.06,2.62,-2.67,-1.363,-1.204,39,0.256,0.32,-0.0008,0.3476,False,False,0.3866,0.1947,0.5
4,SPY,low,-2.174,9993.96,-0.06,4.6,-4.66,-3.749,-3.394,39,0.359,0.07,0.002,0.3476,False,False,0.3866,0.1947,0.5
4,UNG,low,-5.3147,10255.84,2.56,37.58,-35.02,5.054,4.441,41,0.561,2.01,0.0335,0.3476,False,False,0.3866,0.1947,0.5
4,USO,low,-0.6735,9962.01,-0.38,6.31,-6.69,-3.983,-3.616,40,0.45,0.73,0.0234,0.3476,False,False,0.3866,0.1947,0.5
4,XBI,low,-1.2011,9971.13,-0.29,3.56,-3.85,-9.376,-7.833,40,0.35,0.32,0.0242,0.3476,False,False,0.3866,0.1947,0.5
4,XLE,low,0.4339,9970.43,-0.3,11.74,-12.03,-3.084,-1.995,40,0.5,0.69,0.0179,0.3476,False,False,0.3866,0.1947,0.5
5,AAPL,low,-0.2768,9976.41,-0.24,-7.78,7.54,-4.864,-3.319,40,0.475,0.38,0.0163,0.3469,False,False,0.3077,0.1008,0.5
5,ARKK,low,0.677,10039.79,0.4,-5.23,5.63,2.047,2.199,40,0.475,0.87,0.0128,0.3469,False,False,0.3077,0.1008,0.5
5,GLD,low,-1.9199,9993.05,-0.07,1.99,-2.06,-4.072,-3.592,40,0.5,0.12,-0.0053,0.3469,False,False,0.3077,0.1008,0.5
5,IWM,low,-1.1953,10021.81,0.22,2.51,-2.29,2.194,2.978,39,0.487,0.54,0.0011,0.3469,False,False,0.3077,0.1008,0.5
5,KRE,low,-0.3036,9983.91,-0.16,-6.41,6.25,-4.933,-4.024,40,0.425,0.19,0.0097,0.3469,False,False,0.3077,0.1008,0.5
5,NFLX,low,-1.8614,9973.77,-0.26,-3.75,3.48,-2.039,-1.78,40,0.525,0.5,0.0128,0.3469,False,False,0.3077,0.1008,0.5
5,NVDA,low,-1.4754,9940.91,-0.59,3.82,-4.41,-4.59,-4.21,41,0.463,0.92,0.0346,0.3469,False,False,0.3077,0.1008,0.5
5,PYPL,low,0.0455,10053.08,0.53,-2.18,2.71,3.932,5.852,39,0.436,0.51,0.0074,0.3469,False,False,0.3077,0.1008,0.5
5,QQQ,low,-1.9884,9988.49,-0.12,1.62,-1.74,-7.023,-6.729,40,0.375,0.13,0.0043,0.3469,False,False,0.3077,0.1008,0.5
5,SPY,low,-3.6473,9982.53,-0.17,2.97,-3.15,-4.923,-4.869,39,0.41,0.25,-0.0061,0.3469,False,False,0.3077,0.1008,0.5
5,UNG,low,-1.4209,9975.11,-0.25,0.22,-0.47,-2.176,-1.856,40,0.525,0.75,0.0264,0.3469,False,False,0.3077,0.1008,0.5
5,USO,low,-0.7821,9954.96,-0.45,6.15,-6.6,-8.526,-6.657,41,0.439,0.48,0.027,0.3469,False,False,0.3077,0.1008,0.5
5,XBI,low,-0.5892,9974.57,-0.25,-4.72,4.46,-4.35,-3.724,40,0.425,0.47,0.0104,0.3469,False,False,0.3077,0.1008,0.5
5,XLE,low,-1.6292,10015.62,0.16,-5.7,5.86,1.104,0.829,40,0.6,0.77,0.0183,0.3469,False,False,0.3077,0.1008,0.5
6,AAPL,low,1.4621,9962.06,-0.38,-10.88,10.5,-2.366,-1.52,39,0.436,0.89,0.0111,0.3462,False,False,0.403,0.0483,0.5
6,ARKK,low,-1.6946,9983.39,-0.17,0.54,-0.7,-2.999,-2.837,40,0.425,0.32,0.0199,0.3462,False,False,0.403,0.0483,0.5
6,GLD,low,-1.5674,9992.98,-0.07,-1.33,1.26,-1.176,-0.753,40,0.425,0.39,-0.0052,0.3462,False,False,0.403,0.0483,0.5
6,IWM,low,-1.0816,9972.95,-0.27,-1.97,1.7,-3.336,-2.736,41,0.537,0.73,0.0266,0.3462,False,False,0.403,0.0483,0.5
6,KRE,low,-3.8033,9976.95,-0.23,-7.64,7.41,-4.942,-3.966,40,0.45,0.25,0.002,0.3462,False,False,0.403,0.0483,0.5
6,NFLX,low,-1.031,10052.39,0.52,-4.83,5.35,3.035,3.442,40,0.5,0.99,0.0229,0.3462,False,False,0.403,0.0483,0.5
6,NVDA,low,-1.6511,9970.93,-0.29,-4.2,3.91,-0.995,-0.937,42,0.571,1.16,0.0309,0.3462,False,False,0.403,0.0483,0.5
6,PYPL,low,-3.0278,9991.73,-0.08,5.88,-5.96,-2.005,-1.64,40,0.65,0.26,0.0064,0.3462,False,False,0.403,0.0483,0.5
6,QQQ,low,-0.0836,10057.67,0.58,2.97,-2.39,6.179,8.5,39,0.487,0.23,-0.0037,0.3462,False,False,0.403,0.0483,0.5
6,SPY,low,-1.0659,9996.29,-0.04,1.13,-1.16,-4.202,-3.75,38,0.263,0.07,-0.0152,0.3462,False,False,0.403,0.0483,0.5
6,UNG,low,-3.0398,10142.57,1.43,18.68,-17.26,3.368,3.684,43,0.512,1.41,0.0319,0.3462,False,False,0.403,0.0483,0.5
6,USO,low,-2.3347,9884.21,-1.16,0.75,-1.9,-6.532,-4.001,41,0.463,1.35,0.0262,0.3462,False,False,0.403,0.0483,0.5
6,XBI,low,-1.9741,9978.21,-0.22,-0.57,0.35,-4.638,-4.39,41,0.463,0.24,0.0132,0.3462,False,False,0.403,0.0483,0.5
6,XLE,low,-2.0719,9982.9,-0.17,1.33,-1.5,-0.963,-0.941,40,0.45,1.11,0.0143,0.3462,False,False,0.403,0.0483,0.5
7,AAPL,low,-3.4516,9961.36,-0.39,7.83,-8.22,-5.872,-3.599,40,0.475,0.6,0.0073,0.3455,False,False,0.4905,0.0685,0.5
7,ARKK,low,-0.8977,10233.13,2.33,11.54,-9.2,5.552,10.02,40,0.525,2.2,0.0204,0.3455,False,False,0.4905,0.0685,0.5
7,GLD,low,-1.6924,9990.68,-0.09,0.13,-0.23,-7.352,-5.894,39,0.462,0.11,-0.0113,0.3455,False,False,0.4905,0.0685,0.5
7,IWM,low,-2.2098,9948.23,-0.52,-1.87,1.35,-9.541,-6.475,40,0.525,0.63,0.0058,0.3455,False,False,0.4905,0.0685,0.5
7,KRE,low,-4.0725,9964.84,-0.35,10.94,-11.29,-6.601,-4.244,39,0.41,0.41,-0.0026,0.3455,False,False,0.4905,0.0685,0.5
7,NFLX,low,-3.4855,9955.73,-0.44,-7.88,7.44,-6.493,-4.353,41,0.415,0.55,0.0112,0.3455,False,False,0.4905,0.0685,0.5
7,NVDA,low,-4.1245,10002.09,0.02,13.58,-13.56,0.174,0.178,40,0.575,0.49,0.0142,0.3455,False,False,0.4905,0.0685,0.5
7,PYPL,low,-1.7635,9939.5,-0.61,-3.93,3.33,-4.723,-3.039,41,0.463,0.72,0.0134,0.3455,False,False,0.4905,0.0685,0.5
7,QQQ,low,-3.1373,9987.12,-0.13,8.32,-8.45,-4.828,-3.909,39,0.385,0.21,-0.005,0.3455,False,False,0.4905,0.0685,0.5
7,SPY,low,-0.5945,10023.0,0.23,1.12,-0.89,1.954,2.412,40,0.6,0.55,0.0017,0.3455,False,False,0.4905,0.0685,0.5
7,UNG,low,2.2016,9915.77,-0.84,-21.03,20.19,-2.574,-2.763,43,0.558,2.43,0.0311,0.3455,False,False,0.4905,0.0685,0.5
7,USO,low,-0.5628,9877.73,-1.22,-7.57,6.34,-6.754,-3.932,42,0.476,1.27,0.026,0.3455,False,False,0.4905,0.0685,0.5
7,XBI,low,-1.6807,9956.14,-0.44,-3.18,2.74,-9.504,-8.023,40,0.3,0.5,0.0131,0.3455,False,False,0.4905,0.0685,0.5
7,XLE,low,1.0535,10043.28,0.43,6.5,-6.06,3.626,3.8,39,0.487,0.37,0.0003,0.3455,False,False,0.4905,0.0685,0.5
8,AAPL,low,1.8322,10127.21,1.27,-3.61,4.88,7.264,7.984,40,0.575,0.55,0.0169,0.3448,False,False,0.34,0.1125,0.5
8,ARKK,low,-2.0945,9950.71,-0.49,2.96,-3.45,-9.488,-7.306,41,0.537,0.59,0.0201,0.3448,False,False,0.34,0.1125,0.5
8,GLD,low,-1.8318,9993.85,-0.06,-2.34,2.28,-7.462,-6.33,39,0.256,0.07,-0.0117,0.3448,False,False,0.34,0.1125,0.5
8,IWM,low,-2.5851,9980.53,-0.19,-3.75,3.56,-4.987,-4.147,40,0.4,0.24,0.0019,0.3448,False,False,0.34,0.1125,0.5
8,KRE,low,-0.3084,9989.8,-0.1,-3.72,3.62,-1.711,-1.738,39,0.462,0.29,-0.0009,0.3448,False,False,0.34,0.1125,0.5
8,NFLX,low,-4.828,9958.0,-0.42,-12.22,11.8,-5.813,-5.23,40,0.45,0.55,0.0116,0.3448,False,False,0.34,0.1125,0.5
8,NVDA,low,-3.4318,9918.0,-0.82,-5.98,5.16,-10.264,-8.011,42,0.5,1.02,0.027,0.3448,False,False,0.34,0.1125,0.5
8,PYPL,low,-3.9895,9980.65,-0.19,11.53,-11.72,-2.964,-2.685,40,0.425,0.49,0.0179,0.3448,False,False,0.34,0.1125,0.5
8,QQQ,low,3.8451,10198.38,1.98,-6.3,8.29,10.721,15.935,40,0.675,0.56,0.0099,0.3448,False,False,0.34,0.1125,0.5
8,SPY,low,-0.0429,9991.26,-0.09,4.44,-4.53,-1.592,-1.205,40,0.4,0.26,0.0092,0.3448,False,False,0.34,0.1125,0.5
8,UNG,low,-3.4973,9945.07,-0.55,2.01,-2.56,-6.285,-5.896,41,0.488,0.68,0.0258,0.3448,False,False,0.34,0.1125,0.5
8,USO,low,-0.0639,10000.96,0.01,1.29,-1.28,0.083,0.114,40,0.5,0.71,0.0151,0.3448,False,False,0.34,0.1125,0.5
8,XBI,low,-2.2451,10002.33,0.02,8.43,-8.4,0.118,0.114,41,0.463,1.76,0.0143,0.3448,False,False,0.34,0.1125,0.5
8,XLE,low,-2.4395,9955.37,-0.45,-3.73,3.29,-3.871,-2.644,40,0.55,0.88,0.0176,0.3448,False,False,0.34,0.1125,0.5
9,AAPL,low,-0.6566,10022.75,0.23,-5.24,5.47,2.596,3.256,39,0.538,0.4,-0.0016,0.3441,False,False,0.5,0.1883,0.5
9,ARKK,low,-1.1789,10009.3,0.09,1.0,-0.91,0.453,0.528,40,0.55,1.05,0.0082,0.3441,False,False,0.5,0.1883,0.5
9,GLD,low,-1.4984,9987.23,-0.13,1.54,-1.67,-4.126,-3.354,39,0.564,0.21,-0.0115,0.3441,False,False,0.5,0.1883,0.5
9,IWM,low,-2.3721,9974.59,-0.25,-0.22,-0.03,-11.509,-8.621,39,0.333,0.26,-0.0055,0.3441,False,False,0.5,0.1883,0.5
9,KRE,low,-2.1531,9931.09,-0.69,-0.04,-0.65,-6.39,-4.287,41,0.341,1.05,0.0112,0.3441,False,False,0.5,0.1883,0.5
9,NFLX,low,0.2102,9848.03,-1.52,-8.54,7.02,-4.608,-2.651,41,0.39,1.8,0.0145,0.3441,False,False,0.5,0.1883,0.5
9,NVDA,low,-3.9678,9980.32,-0.2,-11.05,10.86,-3.1,-2.846,40,0.475,0.33,0.0121,0.3441,False,False,0.5,0.1883,0.5
9,PYPL,low,-1.6176,9992.38,-0.08,2.4,-2.47,-0.998,-1.047,40,0.375,0.53,0.0011,0.3441,False,False,0.5,0.1883,0.5
9,QQQ,low,-2.4227,9977.14,-0.23,3.75,-3.98,-5.675,-5.407,40,0.325,0.33,0.0067,0.3441,False,False,0.5,0.1883,0.5
9,SPY,low,-2.8184,9987.22,-0.13,3.66,-3.79,-6.017,-6.232,39,0.333,0.14,-0.0129,0.3441,False,False,0.5,0.1883,0.5
9,UNG,low,-3.2947,9914.41,-0.86,1.83,-2.68,-2.742,-2.641,41,0.512,1.33,0.0255,0.3441,False,False,0.5,0.1883,0.5
9,USO,low,2.2838,10024.53,0.25,10.75,-10.5,1.713,1.592,40,0.625,0.55,0.009,0.3441,False,False,0.5,0.1883,0.5
9,XBI,low,-2.7758,9976.15,-0.24,-6.05,5.81,-7.488,-7.244,41,0.366,0.29,0.0162,0.3441,False,False,0.5,0.1883,0.5
9,XLE,low,-0.8684,9969.73,-0.3,-1.45,1.15,-3.612,-2.184,41,0.512,0.48,0.0064,0.3441,False,False,0.5,0.1883,0.5
10,AAPL,low,4.5144,10170.43,1.7,5.8,-4.1,6.424,10.008,40,0.675,0.63,0.0057,0.3434,False,False,0.318,0.1371,0.5
10,ARKK,low,-2.0509,10055.18,0.55,8.9,-8.35,2.771,3.814,40,0.525,0.94,0.0095,0.3434,False,False,0.318,0.1371,0.5
10,GLD,low,-2.2727,9971.74,-0.28,2.13,-2.42,-10.907,-6.59,39,0.231,0.3,-0.0128,0.3434,False,False,0.318,0.1371,0.5
10,IWM,low,-0.5115,9988.77,-0.11,3.09,-3.2,-2.299,-2.339,39,0.513,0.23,-0.0125,0.3434,False,False,0.318,0.1371,0.5
10,KRE,low,-2.1355,9960.03,-0.4,3.91,-4.31,-4.814,-3.038,40,0.475,0.54,0.0069,0.3434,False,False,0.318,0.1371,0.5
10,NFLX,low,-4.6442,9985.89,-0.14,14.74,-14.88,-1.412,-1.112,41,0.488,0.39,0.0133,0.3434,False,False,0.318,0.1371,0.5
10,NVDA,low,-0.4306,9971.31,-0.29,3.6,-3.89,-4.036,-3.7,41,0.439,0.47,0.0205,0.3434,False,False,0.318,0.1371,0.5
10,PYPL,low,-0.7774,9978.96,-0.21,7.39,-7.6,-2.077,-2.146,40,0.425,0.51,0.0036,0.3434,False,False,0.318,0.1371,0.5
10,QQQ,low,-3.1243,9976.98,-0.23,-6.45,6.22,-2.59,-2.385,40,0.5,0.49,0.0036,0.3434,False,False,0.318,0.1371,0.5
10,SPY,low,-1.8318,9994.78,-0.05,1.31,-1.36,-2.778,-2.881,39,0.41,0.12,-0.0095,0.3434,False,False,0.318,0.1371,0.5
10,UNG,low,-3.5657,9978.98,-0.21,9.95,-10.16,-2.229,-2.052,41,0.512,0.48,0.0204,0.3434,False,False,0.318,0.1371,0.5
10,USO,low,-5.2283,9905.26,-0.95,-9.57,8.63,-4.827,-3.63,41,0.415,1.35,0.0145,0.3434,False,False,0.318,0.1371,0.5
10,XBI,low,-1.0156,10001.08,0.01,2.68,-2.66,0.127,0.129,40,0.425,0.33,0.014,0.3434,False,False,0.318,0.1371,0.5
10,XLE,low,-0.0354,10005.48,0.05,5.09,-5.04,2.398,2.208,39,0.487,0.09,-0.0021,0.3434,False,False,0.318,0.1371,0.5
11,AAPL,low,-2.1875,9988.3,-0.12,-3.54,3.42,-3.838,-2.772,39,0.359,0.22,-0.0034,0.3427,False,False,0.4694,0.1278,0.5
11,ARKK,low,-3.8931,9971.16,-0.29,10.05,-10.34,-3.945,-3.877,41,0.512,0.53,0.0101,0.3427,False,False,0.4694,0.1278,0.5
11,GLD,low,-2.0482,9987.27,-0.13,1.85,-1.98,-7.244,-7.212,40,0.425,0.15,-0.0144,0.3427,False,False,0.4694,0.1278,0.5
11,IWM,low,-2.5247,9984.11,-0.16,-2.84,2.69,-5.802,-5.068,40,0.375,0.2,-0.0122,0.3427,False,False,0.4694,0.1278,0.5
11,KRE,low,0.2473,9991.01,-0.09,7.34,-7.43,-2.025,-1.666,40,0.575,0.31,0.0128,0.3427,False,False,0.4694,0.1278,0.5
11,NFLX,low,-0.6005,9997.72,-0.02,4.91,-4.93,-0.357,-0.314,40,0.55,0.26,0.0167,0.3427,False,False,0.4694,0.1278,0.5
11,NVDA,low,-1.6686,9989.29,-0.11,0.64,-0.75,-1.17,-1.193,40,0.525,0.37,0.0139,0.3427,False,False,0.4694,0.1278,0.5
11,PYPL,low,-2.8897,9972.93,-0.27,-3.27,3.0,-1.754,-1.865,41,0.39,0.72,0.0155,0.3427,False,False,0.4694,0.1278,0.5
11,QQQ,low,-0.368,9993.22,-0.07,-7.74,7.68,-1.63,-1.499,39,0.462,0.24,-0.0073,0.3427,False,False,0.4694,0.1278,0.5
11,SPY,low,-2.789,9979.92,-0.2,-3.4,3.2,-7.072,-4.673,40,0.45,0.26,-0.0062,0.3427,False,False,0.4694,0.1278,0.5
11,UNG,low,-1.6765,10024.24,0.24,7.29,-7.05,1.276,1.003,42,0.595,0.92,0.0203,0.3427,False,False,0.4694,0.1278,0.5
11,USO,low,-3.1342,9969.91,-0.3,5.82,-6.12,-4.921,-3.822,41,0.537,0.53,0.0091,0.3427,False,False,0.4694,0.1278,0.5
11,XBI,low,-3.6089,9984.01,-0.16,-10.64,10.48,-3.296,-3.063,41,0.512,0.21,0.0151,0.3427,False,False,0.4694,0.1278,0.5
11,XLE,low,-4.2045,9950.31,-0.5,6.55,-7.05,-5.977,-5.288,38,0.447,0.57,-0.0052,0.3427,False,False,0.4694,0.1278,0.5
12,AAPL,low,-41.5812,9929.19,-0.71,-76.38,75.67,-6.398,-5.745,41,0.39,0.85,0.0127,0.3421,False,False,0.479,0.1962,0.5
12,ARKK,low,-3.3207,9888.44,-1.12,-4.97,3.85,-13.84,-9.389,44,0.477,1.14,0.0245,0.3421,False,False,0.479,0.1962,0.5
12,GLD,low,-1.9211,9981.87,-0.18,0.18,-0.36,-7.166,-6.96,40,0.325,0.24,-0.0011,0.3421,False,False,0.479,0.1962,0.5
12,IWM,low,-1.2446,9973.93,-0.26,4.39,-4.65,-11.215,-9.399,40,0.2,0.27,-0.0064,0.3421,False,False,0.479,0.1962,0.5
12,KRE,low,-2.2913,9963.32,-0.37,0.34,-0.71,-6.876,-5.526,39,0.436,0.45,0.0018,0.3421,False,False,0.479,0.1962,0.5
12,NFLX,low,-2.1503,10111.59,1.12,-10.28,11.4,6.102,6.916,41,0.585,0.51,0.0132,0.3421,False,False,0.479,0.1962,0.5
12,NVDA,low,0.1477,9982.08,-0.18,4.28,-4.46,-1.856,-1.22,41,0.488,0.57,0.0111,0.3421,False,False,0.479,0.1962,0.5
12,PYPL,low,-2.5579,9960.24,-0.4,-1.86,1.46,-7.164,-6.451,40,0.45,0.41,0.0087,0.3421,False,False,0.479,0.1962,0.5
12,QQQ,low,-1.2785,10000.18,0.0,-0.59,0.59,0.071,0.082,40,0.425,0.17,-0.0089,0.3421,False,False,0.479,0.1962,0.5
12,SPY,low,-0.3386,9988.26,-0.12,-3.11,2.99,-1.675,-1.525,39,0.513,0.42,0.0041,0.3421,False,False,0.479,0.1962,0.5
12,UNG,low,-3.7177,9975.82,-0.24,11.83,-12.07,-2.79,-2.128,42,0.476,0.55,0.0219,0.3421,False,False,0.479,0.1962,0.5
12,USO,low,-2.7706,9932.21,-0.68,1.86,-2.54,-3.159,-2.897,41,0.488,1.83,0.0221,0.3421,False,False,0.479,0.1962,0.5
12,XBI,low,-2.0288,9977.79,-0.22,-1.6,1.38,-3.078,-2.683,41,0.366,0.53,0.0182,0.3421,False,False,0.479,0.1962,0.5
12,XLE,low,-2.644,9979.55,-0.2,-1.24,1.04,-4.108,-4.087,40,0.4,0.4,-0.0058,0.3421,False,False,0.479,0.1962,0.5
13,AAPL,low,-2.8332,9971.36,-0.29,6.08,-6.37,-6.096,-4.581,42,0.571,0.4,0.0112,0.3414,False,False,0.4603,0.0285,0.5
13,ARKK,low,-0.5713,10142.75,1.43,4.6,-3.17,5.586,6.225,40,0.525,0.81,0.014,0.3414,False,False,0.4603,0.0285,0.5
13,GLD,low,-1.0891,9966.63,-0.33,-5.43,5.1,-10.11,-6.842,39,0.385,0.38,-0.0069,0.3414,False,False,0.4603,0.0285,0.5
13,IWM,low,-1.895,9977.41,-0.23,0.39,-0.62,-3.672,-3.002,40,0.45,0.48,-0.0004,0.3414,False,False,0.4603,0.0285,0.5
13,KRE,low,-0.7584,9985.04,-0.15,1.67,-1.82,-4.139,-3.598,40,0.5,0.31,-0.0038,0.3414,False,False,0.4603,0.0285,0.5
13,NFLX,low,-1.1401,9980.49,-0.2,5.09,-5.29,-1.468,-1.319,40,0.4,0.69,0.0021,0.3414,False,False,0.4603,0.0285,0.5
13,NVDA,low,-2.0596,9985.28,-0.15,3.36,-3.51,-4.144,-3.693,40,0.475,0.18,0.0103,0.3414,False,False,0.4603,0.0285,0.5
13,PYPL,low,3.1198,10176.14,1.76,-14.25,16.01,4.567,8.282,40,0.55,0.94,0.0062,0.3414,False,False,0.4603,0.0285,0.5
13,QQQ,low,-0.6383,9978.98,-0.21,5.55,-5.76,-5.398,-3.62,40,0.35,0.33,-0.0146,0.3414,False,False,0.4603,0.0285,0.5
13,SPY,low,-1.9494,9990.76,-0.09,1.95,-2.05,-4.054,-3.852,40,0.5,0.17,-0.0086,0.3414,False,False,0.4603,0.0285,0.5
13,UNG,low,1.394,9945.47,-0.55,-16.06,15.51,-4.526,-3.19,41,0.488,0.9,0.0196,0.3414,False,False,0.4603,0.0285,0.5
13,USO,low,1.1849,9949.02,-0.51,-12.97,12.46,-6.748,-4.48,42,0.429,0.52,0.0263,0.3414,False,False,0.4603,0.0285,0.5
13,XBI,low,-1.2976,9996.96,-0.03,2.97,-3.0,-0.218,-0.203,40,0.4,0.82,0.0124,0.3414,False,False,0.4603,0.0285,0.5
13,XLE,low,-1.3111,9986.44,-0.14,-0.88,0.74,-3.376,-3.333,40,0.475,0.24,0.0026,0.3414,False,False,0.4603,0.0285,0.5
14,AAPL,low,-3.134,9976.83,-0.23,-7.71,7.48,-3.54,-2.828,40,0.575,0.5,0.0082,0.3407,False,False,0.4692,0.0596,0.5
14,ARKK,low,-1.0745,9957.71,-0.42,3.61,-4.03,-6.625,-4.468,40,0.525,0.58,0.0127,0.3407,False,False,0.4692,0.0596,0.5
14,GLD,low,-2.2028,9971.59,-0.28,-1.64,1.36,-5.637,-3.413,40,0.525,0.31,-0.0083,0.3407,False,False,0.4692,0.0596,0.5
14,IWM,low,-2.5031,9994.86,-0.05,-4.01,3.96,-1.264,-1.671,39,0.436,0.2,-0.0001,0.3407,False,False,0.4692,0.0596,0.5
14,KRE,low,-0.649,9981.06,-0.19,-4.14,3.95,-6.239,-5.186,41,0.341,0.27,0.013,0.3407,False,False,0.4692,0.0596,0.5
14,NFLX,low,-2.3213,9951.15,-0.49,-1.37,0.88,-5.205,-3.998,40,0.475,0.62,0.0173,0.3407,False,False,0.4692,0.0596,0.5
14,NVDA,low,-3.088,9969.59,-0.3,-6.45,6.14,-2.318,-2.237,40,0.425,1.29,0.0173,0.3407,False,False,0.4692,0.0596,0.5
14,PYPL,low,-3.2337,9987.79,-0.12,-8.08,7.96,-4.155,-3.88,40,0.4,0.23,0.0105,0.3407,False,False,0.4692,0.0596,0.5
14,QQQ,low,-2.0247,9973.21,-0.27,0.17,-0.44,-7.118,-5.581,39,0.385,0.31,0.0001,0.3407,False,False,0.4692,0.0596,0.5
14,SPY,low,-1.2715,9990.81,-0.09,-0.61,0.52,-4.806,-3.823,39,0.487,0.14,-0.0094,0.3407,False,False,0.4692,0.0596,0.5
14,UNG,low,2.3929,9931.63,-0.68,-17.61,16.93,-2.46,-1.652,43,0.512,1.94,0.0275,0.3407,False,False,0.4692,0.0596,0.5
14,USO,low,-2.8355,9959.57,-0.4,4.84,-5.24,-6.925,-5.739,40,0.4,0.55,0.0078,0.3407,False,False,0.4692,0.0596,0.5
14,XBI,low,-2.1541,9979.41,-0.21,2.57,-2.77,-7.086,-6.656,41,0.366,0.28,0.0133,0.3407,False,False,0.4692,0.0596,0.5
14,XLE,low,-0.3185,9995.5,-0.05,-2.82,2.78,-0.464,-0.416,39,0.462,0.41,-0.0014,0.3407,False,False,0.4692,0.0596,0.5
15,AAPL,low,-3.114,9966.28,-0.34,0.93,-1.27,-12.855,-10.796,40,0.3,0.37,-0.0015,0.34,False,False,0.4807,0.2124,0.5
15,ARKK,low,-2.1056,9969.41,-0.31,-1.78,1.47,-8.527,-6.283,40,0.45,0.36,0.0146,0.34,False,False,0.4807,0.2124,0.5
15,GLD,low,-1.8102,9986.72,-0.13,-0.03,-0.1,-4.911,-4.975,40,0.375,0.23,-0.0054,0.34,False,False,0.4807,0.2124,0.5
15,IWM,low,-0.2303,9983.32,-0.17,-6.0,5.83,-7.719,-6.386,39,0.333,0.18,0.0026,0.34,False,False,0.4807,0.2124,0.5
15,KRE,low,0.5629,10041.48,0.41,-1.48,1.9,2.736,2.836,40,0.525,0.59,0.011,0.34,False,False,0.4807,0.2124,0.5
15,NFLX,low,-2.9643,9949.96,-0.5,9.9,-10.4,-2.325,-1.405,41,0.439,1.13,0.0232,0.34,False,False,0.4807,0.2124,0.5
15,NVDA,low,-0.0404,9968.67,-0.31,7.69,-8.01,-4.036,-3.183,40,0.425,0.55,0.01,0.34,False,False,0.4807,0.2124,0.5
15,PYPL,low,-1.6066,9966.03,-0.34,-1.4,1.06,-6.097,-5.187,41,0.341,0.6,0.0183,0.34,False,False,0.4807,0.2124,0.5
15,QQQ,low,-2.0643,9978.69,-0.21,0.46,-0.68,-9.761,-8.164,40,0.45,0.25,-0.0045,0.34,False,False,0.4807,0.2124,0.5
15,SPY,low,-2.7844,9973.1,-0.27,4.71,-4.98,-10.792,-8.238,40,0.45,0.29,0.0089,0.34,False,False,0.4807,0.2124,0.5
15,UNG,low,4.1954,10644.68,6.45,-2.92,9.37,8.115,13.11,41,0.512,2.34,0.0253,0.34,False,False,0.4807,0.2124,0.5
15,USO,low,-2.0871,9990.19,-0.1,-3.78,3.69,-0.927,-0.798,40,0.45,0.56,0.0113,0.34,False,False,0.4807,0.2124,0.5
15,XBI,low,-5.8809,9956.75,-0.43,-13.77,13.34,-4.924,-5.058,41,0.463,0.55,0.021,0.34,False,False,0.4807,0.2124,0.5
15,XLE,low,-1.4213,9985.66,-0.14,-0.27,0.13,-1.421,-1.218,40,0.4,0.61,0.0065,0.34,False,False,0.4807,0.2124,0.5
16,AAPL,low,-1.3003,9966.49,-0.34,4.72,-5.06,-6.545,-4.689,39,0.538,0.51,0.0136,0.3393,False,False,0.4497,0.1344,0.5
16,ARKK,low,-3.9914,9961.68,-0.38,-8.62,8.24,-2.816,-2.642,40,0.525,0.95,0.0147,0.3393,False,False,0.4497,0.1344,0.5
16,GLD,low,-1.1641,9990.6,-0.09,1.58,-1.68,-5.886,-5.44,39,0.256,0.12,-0.0041,0.3393,False,False,0.4497,0.1344,0.5
16,IWM,low,0.4224,10054.8,0.55,-0.84,1.39,4.964,5.99,40,0.525,0.28,0.0058,0.3393,False,False,0.4497,0.1344,0.5
16,KRE,low,-1.0677,9993.83,-0.06,0.71,-0.78,-0.709,-0.578,40,0.5,0.32,0.0147,0.3393,False,False,0.4497,0.1344,0.5
16,NFLX,low,-1.1373,10201.86,2.02,6.1,-4.09,6.052,13.077,40,0.425,1.28,0.0118,0.3393,False,False,0.4497,0.1344,0.5
16,NVDA,low,-2.5079,9986.09,-0.14,-5.63,5.49,-1.501,-1.39,40,0.575,0.58,0.0155,0.3393,False,False,0.4497,0.1344,0.5
16,PYPL,low,-4.0299,9970.15,-0.3,-11.9,11.61,-3.995,-4.079,41,0.39,0.72,0.0246,0.3393,False,False,0.4497,0.1344,0.5
16,QQQ,low,-2.4734,9990.15,-0.1,3.42,-3.52,-4.318,-4.49,40,0.375,0.15,0.0018,0.3393,False,False,0.4497,0.1344,0.5
16,SPY,low,-1.9757,9986.06,-0.14,0.99,-1.13,-6.515,-3.98,39,0.385,0.16,-0.0034,0.3393,False,False,0.4497,0.1344,0.5
16,UNG,low,-2.9111,9893.19,-1.07,-6.75,5.68,-3.275,-1.918,43,0.535,2.12,0.0309,0.3393,False,False,0.4497,0.1344,0.5
16,USO,low,-1.2245,9973.33,-0.27,-0.33,0.06,-3.43,-2.602,42,0.429,0.5,0.0238,0.3393,False,False,0.4497,0.1344,0.5
16,XBI,low,-1.8105,10038.78,0.39,9.78,-9.39,2.211,2.304,40,0.6,0.71,0.0242,0.3393,False,False,0.4497,0.1344,0.5
16,XLE,low,-1.8499,9976.68,-0.23,4.03,-4.27,-3.983,-2.521,40,0.45,0.34,0.0069,0.3393,False,False,0.4497,0.1344,0.5
17,AAPL,low,-2.2188,9980.08,-0.2,0.38,-0.58,-9.932,-8.308,40,0.35,0.2,0.0065,0.3386,False,False,0.2874,0.069,0.5
17,ARKK,low,-1.2501,10001.94,0.02,-0.66,0.68,0.113,0.098,41,0.512,1.39,0.0287,0.3386,False,False,0.2874,0.069,0.5
17,GLD,low,-2.5769,9981.36,-0.19,1.04,-1.22,-3.838,-2.787,40,0.35,0.25,0.0078,0.3386,False,False,0.2874,0.069,0.5
17,IWM,low,-2.0656,9978.53,-0.21,-2.75,2.54,-7.279,-6.191,42,0.548,0.22,0.0244,0.3386,False,False,0.2874,0.069,0.5
17,KRE,low,-1.2841,9968.68,-0.31,2.29,-2.6,-3.795,-3.902,40,0.525,0.63,0.0182,0.3386,False,False,0.2874,0.069,0.5
17,NFLX,low,-2.2337,9964.88,-0.35,0.93,-1.28,-8.608,-6.958,40,0.375,0.36,0.0217,0.3386,False,False,0.2874,0.069,0.5
17,NVDA,low,0.3276,9931.64,-0.68,11.03,-11.71,-7.953,-5.505,43,0.302,0.93,0.0294,0.3386,False,False,0.2874,0.069,0.5
17,PYPL,low,-5.7787,9940.2,-0.6,15.1,-15.7,-3.714,-3.356,42,0.476,1.15,0.0278,0.3386,False,False,0.2874,0.069,0.5
17,QQQ,low,-1.3831,9987.25,-0.13,0.56,-0.68,-5.273,-3.8,40,0.35,0.16,0.0057,0.3386,False,False,0.2874,0.069,0.5
17,SPY,low,-2.627,9969.62,-0.3,1.27,-1.57,-7.86,-7.665,39,0.359,0.3,0.0114,0.3386,False,False,0.2874,0.069,0.5
17,UNG,low,-0.3854,10041.5,0.41,-0.79,1.2,0.782,0.636,44,0.477,3.58,0.0331,0.3386,False,False,0.2874,0.069,0.5
17,USO,low,-1.3443,9979.69,-0.2,-4.88,4.68,-0.955,-1.202,41,0.488,0.79,0.0293,0.3386,False,False,0.2874,0.069,0.5
17,XBI,low,-1.7137,9955.1,-0.45,-1.36,0.91,-6.175,-3.528,40,0.375,0.56,0.0149,0.3386,False,False,0.2874,0.069,0.5
17,XLE,low,-1.0329,9999.05,-0.01,5.68,-5.69,-0.098,-0.079,40,0.55,0.32,0.0087,0.3386,False,False,0.2874,0.069,0.5
18,AAPL,low,-2.5595,9981.49,-0.19,-3.33,3.14,-7.493,-6.423,40,0.375,0.22,0.0186,0.338,False,False,0.3125,0.18,0.5
18,ARKK,low,-0.8228,9942.26,-0.58,-9.44,8.86,-7.74,-6.899,41,0.488,0.79,0.0279,0.338,False,False,0.3125,0.18,0.5
18,GLD,low,-2.4963,9972.45,-0.28,-0.81,0.54,-5.275,-3.028,40,0.3,0.35,0.0083,0.338,False,False,0.3125,0.18,0.5
18,IWM,low,-1.3568,9959.52,-0.4,1.86,-2.27,-9.09,-7.126,40,0.5,0.57,0.0267,0.338,False,False,0.3125,0.18,0.5
18,KRE,low,1.6314,10049.18,0.49,4.23,-3.74,3.008,3.336,40,0.525,0.7,0.0231,0.338,False,False,0.3125,0.18,0.5
18,NFLX,low,-2.6465,9947.48,-0.53,2.64,-3.16,-6.174,-4.316,42,0.548,0.74,0.037,0.338,False,False,0.3125,0.18,0.5
18,NVDA,low,-0.1343,9927.27,-0.73,13.17,-13.89,-3.916,-3.434,41,0.512,1.31,0.0252,0.338,False,False,0.3125,0.18,0.5
18,PYPL,low,0.9573,9978.29,-0.22,-7.73,7.52,-2.857,-2.112,41,0.561,0.47,0.0374,0.338,False,False,0.3125,0.18,0.5
18,QQQ,low,0.4581,9967.36,-0.33,-10.95,10.62,-9.62,-8.3,40,0.325,0.39,0.0196,0.338,False,False,0.3125,0.18,0.5
18,SPY,low,-1.6473,9990.79,-0.09,0.7,-0.79,-6.129,-5.47,39,0.487,0.14,0.0138,0.338,False,False,0.3125,0.18,0.5
18,UNG,low,-5.4154,9944.52,-0.55,15.06,-15.62,-2.368,-2.389,43,0.465,2.16,0.0354,0.338,False,False,0.3125,0.18,0.5
18,USO,low,-0.4719,9924.31,-0.76,6.35,-7.1,-5.327,-3.186,41,0.415,0.89,0.0311,0.338,False,False,0.3125,0.18,0.5
18,XBI,low,-2.5954,9986.95,-0.13,6.13,-6.26,-3.023,-2.947,40,0.45,0.25,0.0303,0.338,False,False,0.3125,0.18,0.5
18,XLE,low,-3.0486,9978.65,-0.21,-7.07,6.86,-4.242,-3.933,40,0.375,0.38,0.0257,0.338,False,False,0.3125,0.18,0.5
19,AAPL,low,-4.1878,9976.37,-0.24,11.21,-11.45,-6.673,-5.398,40,0.35,0.28,0.018,0.3373,False,False,0.4788,0.0611,0.5
19,ARKK,low,-1.2381,9966.29,-0.34,4.76,-5.1,-1.72,-1.507,39,0.487,1.21,0.0269,0.3373,False,False,0.4788,0.0611,0.5
19,GLD,low,-2.1722,9989.12,-0.11,-1.03,0.92,-4.744,-4.854,40,0.45,0.14,0.0091,0.3373,False,False,0.4788,0.0611,0.5
19,IWM,low,2.3627,10148.95,1.49,-1.75,3.24,9.018,11.645,40,0.65,0.39,0.0162,0.3373,False,False,0.4788,0.0611,0.5
19,KRE,low,0.5383,10022.26,0.22,7.88,-7.66,1.486,1.498,40,0.475,0.91,0.0172,0.3373,False,False,0.4788,0.0611,0.5
19,NFLX,low,0.1928,9988.07,-0.12,-6.92,6.8,-3.073,-2.588,41,0.463,0.24,0.0264,0.3373,False,False,0.4788,0.0611,0.5
19,NVDA,low,-5.8145,9963.72,-0.36,17.88,-18.24,-8.423,-7.184,41,0.39,0.42,0.0288,0.3373,False,False,0.4788,0.0611,0.5
19,PYPL,low,-6.8498,9966.28,-0.34,-19.86,19.52,-6.099,-4.614,41,0.463,0.57,0.0373,0.3373,False,False,0.4788,0.0611,0.5
19,QQQ,low,-2.4073,9983.13,-0.17,2.9,-3.06,-6.701,-5.019,39,0.487,0.23,0.0064,0.3373,False,False,0.4788,0.0611,0.5
19,SPY,low,-1.5442,9995.58,-0.04,0.63,-0.68,-1.961,-1.802,40,0.425,0.2,0.0037,0.3373,False,False,0.4788,0.0611,0.5
19,UNG,low,-2.7475,9930.04,-0.7,-9.31,8.61,-2.464,-1.51,43,0.442,1.82,0.037,0.3373,False,False,0.4788,0.0611,0.5
19,USO,low,-2.7206,9985.24,-0.15,7.37,-7.52,-4.109,-3.642,40,0.425,0.27,0.025,0.3373,False,False,0.4788,0.0611,0.5
19,XBI,low,-0.2402,9985.09,-0.15,-3.12,2.97,-1.118,-1.146,39,0.487,0.92,0.0209,0.3373,False,False,0.4788,0.0611,0.5
19,XLE,low,-4.3361,9960.73,-0.39,11.19,-11.59,-12.86,-10.781,40,0.45,0.4,0.025,0.3373,False,False,0.4788,0.0611,0.5
20,AAPL,low,-2.184,9985.77,-0.14,1.03,-1.18,-6.303,-5.62,40,0.425,0.17,0.0138,0.3366,False,False,0.5,0.1539,0.5
20,ARKK,low,-0.9536,10128.57,1.29,-5.94,7.22,4.035,4.341,42,0.595,1.56,0.0357,0.3366,False,False,0.5,0.1539,0.5
20,GLD,low,-1.5153,9980.36,-0.2,0.57,-0.77,-4.056,-2.41,40,0.475,0.31,0.0093,0.3366,False,False,0.5,0.1539,0.5
20,IWM,low,-0.6463,9984.98,-0.15,-3.77,3.62,-1.908,-1.414,40,0.5,0.51,0.0103,0.3366,False,False,0.5,0.1539,0.5
20,KRE,low,-2.222,9983.67,-0.16,-3.78,3.62,-4.704,-4.454,40,0.4,0.2,0.0209,0.3366,False,False,0.5,0.1539,0.5
20,NFLX,low,0.181,10018.5,0.19,12.65,-12.47,0.85,0.88,41,0.585,1.03,0.029,0.3366,False,False,0.5,0.1539,0.5
20,NVDA,low,-1.1024,9905.97,-0.94,4.83,-5.77,-3.229,-3.004,40,0.5,2.23,0.0318,0.3366,False,False,0.5,0.1539,0.5
20,PYPL,low,0.278,9878.84,-1.21,-10.83,9.62,-5.427,-3.178,41,0.415,1.45,0.0285,0.3366,False,False,0.5,0.1539,0.5
20,QQQ,low,-3.0695,9979.05,-0.21,2.11,-2.31,-9.806,-7.3,40,0.45,0.23,0.0149,0.3366,False,False,0.5,0.1539,0.5
20,SPY,low,-2.3912,9990.86,-0.09,3.37,-3.46,-7.648,-7.368,40,0.35,0.11,0.0051,0.3366,False,False,0.5,0.1539,0.5
20,UNG,low,-0.0635,9898.25,-1.02,-8.73,7.72,-9.425,-6.613,44,0.364,1.29,0.0369,0.3366,False,False,0.5,0.1539,0.5
20,USO,low,-1.5708,9962.68,-0.37,7.81,-8.18,-2.667,-2.092,41,0.537,0.57,0.0309,0.3366,False,False,0.5,0.1539,0.5
20,XBI,low,-0.9246,10024.48,0.24,3.7,-3.45,1.097,1.234,41,0.61,1.24,0.0295,0.3366,False,False,0.5,0.1539,0.5
20,XLE,low,-2.0247,10005.52,0.06,-4.01,4.06,0.593,0.771,40,0.5,0.4,0.0138,0.3366,False,False,0.5,0.1539,0.5
21,AAPL,low,-0.0924,9971.58,-0.28,9.36,-9.65,-6.426,-4.967,41,0.488,0.34,0.0225,0.3359,False,False,0.4384,0.0657,0.5
21,ARKK,low,-4.2169,9966.85,-0.33,15.87,-16.2,-3.156,-2.402,40,0.35,0.78,0.0332,0.3359,False,False,0.4384,0.0657,0.5
21,GLD,low,-2.4072,9975.32,-0.25,2.28,-2.53,-8.065,-5.189,39,0.282,0.25,0.0074,0.3359,False,False,0.4384,0.0657,0.5
21,IWM,low,-1.2666,9928.06,-0.72,-3.72,3.0,-3.931,-3.69,41,0.537,1.29,0.0298,0.3359,False,False,0.4384,0.0657,0.5
21,KRE,low,0.2984,10042.79,0.43,-5.43,5.85,3.414,3.11,38,0.553,0.85,0.0147,0.3359,False,False,0.4384,0.0657,0.5
21,NFLX,low,-3.7544,9984.76,-0.15,7.82,-7.97,-1.416,-1.512,40,0.575,0.71,0.0277,0.3359,False,False,0.4384,0.0657,0.5
21,NVDA,low,0.513,10007.46,0.07,-6.51,6.58,0.301,0.325,41,0.488,1.46,0.0311,0.3359,False,False,0.4384,0.0657,0.5
21,PYPL,low,3.4206,10185.61,1.86,-5.58,7.44,9.818,12.493,40,0.625,0.86,0.0187,0.3359,False,False,0.4384,0.0657,0.5
21,QQQ,low,-2.9495,9988.91,-0.11,5.0,-5.11,-1.745,-2.524,40,0.35,0.4,0.0115,0.3359,False,False,0.4384,0.0657,0.5
21,SPY,low,-2.3766,10051.04,0.51,-3.04,3.55,3.584,5.624,40,0.475,0.37,0.0114,0.3359,False,False,0.4384,0.0657,0.5
21,UNG,low,1.9609,9954.07,-0.46,-6.87,6.41,-0.328,-0.201,43,0.535,4.83,0.0396,0.3359,False,False,0.4384,0.0657,0.5
21,USO,low,-3.3806,9934.76,-0.65,2.45,-3.11,-8.953,-7.25,41,0.439,0.72,0.0271,0.3359,False,False,0.4384,0.0657,0.5
21,XBI,low,1.2831,10148.54,1.49,-1.14,2.63,7.492,8.756,39,0.692,1.04,0.0231,0.3359,False,False,0.4384,0.0657,0.5
21,XLE,low,-2.0018,9995.1,-0.05,3.95,-4.0,-1.276,-1.29,39,0.41,0.22,0.0156,0.3359,False,False,0.4384,0.0657,0.5
22,AAPL,low,5.8144,10284.87,2.85,-7.74,10.59,10.253,16.593,40,0.65,1.0,0.0236,0.3353,False,False,0.3275,0.0677,0.5
22,ARKK,low,-1.117,9938.46,-0.62,6.03,-6.65,-3.704,-3.214,41,0.415,1.28,0.0314,0.3353,False,False,0.3275,0.0677,0.5
22,GLD,low,-3.1098,9973.5,-0.26,-2.37,2.11,-11.964,-7.786,38,0.474,0.28,0.0092,0.3353,False,False,0.3275,0.0677,0.5
22,IWM,low,-1.8095,9981.67,-0.18,-3.0,2.82,-6.186,-5.776,39,0.41,0.25,0.0165,0.3353,False,False,0.3275,0.0677,0.5
22,KRE,low,2.7146,10058.98,0.59,9.49,-8.9,3.457,3.594,39,0.564,0.6,0.0181,0.3353,False,False,0.3275,0.0677,0.5
22,NFLX,low,0.303,9888.97,-1.11,-11.88,10.77,-6.725,-4.209,41,0.341,1.17,0.0315,0.3353,False,False,0.3275,0.0677,0.5
22,NVDA,low,4.1016,10231.06,2.31,18.5,-16.19,5.4,10.131,40,0.55,0.97,0.0277,0.3353,False,False,0.3275,0.0677,0.5
22,PYPL,low,-2.9329,9950.82,-0.49,5.46,-5.96,-8.486,-7.238,41,0.463,0.61,0.0294,0.3353,False,False,0.3275,0.0677,0.5
22,QQQ,low,-0.8903,9966.51,-0.33,4.94,-5.27,-5.838,-3.71,41,0.463,0.41,0.0196,0.3353,False,False,0.3275,0.0677,0.5
22,SPY,low,-1.9633,9983.23,-0.17,0.23,-0.4,-8.234,-6.042,39,0.462,0.19,0.0045,0.3353,False,False,0.3275,0.0677,0.5
22,UNG,low,-1.2186,9879.33,-1.21,1.19,-2.39,-2.2,-1.557,42,0.548,3.0,0.0369,0.3353,False,False,0.3275,0.0677,0.5
22,USO,low,0.0766,9997.41,-0.03,5.48,-5.51,-0.414,-0.339,40,0.65,0.29,0.0226,0.3353,False,False,0.3275,0.0677,0.5
22,XBI,low,-3.2264,9986.86,-0.13,7.89,-8.02,-1.158,-1.151,41,0.415,0.8,0.0266,0.3353,False,False,0.3275,0.0677,0.5
22,XLE,low,-1.2583,9941.81,-0.58,4.85,-5.43,-8.923,-7.651,40,0.375,0.75,0.0213,0.3353,False,False,0.3275,0.0677,0.5
23,AAPL,low,-0.5097,9953.73,-0.46,8.89,-9.36,-5.244,-5.843,41,0.488,0.64,0.0264,0.3346,False,False,0.4935,0.1692,0.5
23,ARKK,low,-1.3406,9939.78,-0.6,4.79,-5.39,-5.246,-3.584,42,0.524,0.79,0.033,0.3346,False,False,0.4935,0.1692,0.5
23,GLD,low,-2.7334,9992.42,-0.08,-5.94,5.86,-5.038,-3.43,39,0.436,0.11,0.0055,0.3346,False,False,0.4935,0.1692,0.5
23,IWM,low,-3.1945,9998.89,-0.01,9.72,-9.73,-0.132,-0.115,40,0.475,0.31,0.0184,0.3346,False,False,0.4935,0.1692,0.5
23,KRE,low,-1.3318,9983.7,-0.16,0.78,-0.94,-4.253,-3.401,39,0.462,0.31,0.0162,0.3346,False,False,0.4935,0.1692,0.5
23,NFLX,low,-2.8535,9949.88,-0.5,-0.36,-0.14,-6.284,-6.362,41,0.512,0.51,0.0177,0.3346,False,False,0.4935,0.1692,0.5
23,NVDA,low,-4.1844,9959.82,-0.4,14.46,-14.86,-2.251,-1.847,41,0.512,0.88,0.0312,0.3346,False,False,0.4935,0.1692,0.5
23,PYPL,low,-0.7216,9961.84,-0.38,6.0,-6.38,-3.171,-2.063,39,0.513,0.74,0.0177,0.3346,False,False,0.4935,0.1692,0.5
23,QQQ,low,-0.9317,9993.83,-0.06,2.46,-2.52,-4.381,-4.23,40,0.4,0.08,0.0057,0.3346,False,False,0.4935,0.1692,0.5
23,SPY,low,-1.0153,9989.82,-0.1,4.78,-4.89,-5.979,-4.529,40,0.425,0.14,0.0012,0.3346,False,False,0.4935,0.1692,0.5
23,UNG,low,-4.5615,9860.97,-1.39,-9.29,7.9,-7.17,-4.444,42,0.405,1.72,0.0333,0.3346,False,False,0.4935,0.1692,0.5
23,USO,low,-0.772,9970.04,-0.3,7.32,-7.62,-5.259,-3.169,40,0.475,0.42,0.0239,0.3346,False,False,0.4935,0.1692,0.5
23,XBI,low,-0.6746,10087.02,0.87,7.71,-6.84,4.273,5.457,40,0.55,0.76,0.0275,0.3346,False,False,0.4935,0.1692,0.5
23,XLE,low,-2.2415,9985.1,-0.15,-0.14,-0.01,-2.343,-2.151,40,0.4,0.47,0.0108,0.3346,False,False,0.4935,0.1692,0.5
24,AAPL,low,-1.8455,10058.51,0.59,-8.18,8.77,4.944,6.038,40,0.575,0.25,0.0107,0.3339,False,False,0.4987,0.1255,0.5
24,ARKK,low,-1.2679,9990.34,-0.1,0.4,-0.49,-1.614,-1.443,41,0.366,0.38,0.0241,0.3339,False,False,0.4987,0.1255,0.5
24,GLD,low,-1.3151,9990.61,-0.09,-1.36,1.27,-3.595,-3.777,40,0.45,0.23,0.0074,0.3339,False,False,0.4987,0.1255,0.5
24,IWM,low,-0.4394,9994.81,-0.05,3.41,-3.46,-1.07,-0.906,40,0.475,0.31,0.0152,0.3339,False,False,0.4987,0.1255,0.5
24,KRE,low,-0.5394,9985.83,-0.14,-3.67,3.53,-3.764,-2.972,41,0.561,0.25,0.0213,0.3339,False,False,0.4987,0.1255,0.5
24,NFLX,low,1.2584,9997.56,-0.02,10.62,-10.64,-0.559,-0.494,40,0.45,0.18,0.029,0.3339,False,False,0.4987,0.1255,0.5
24,NVDA,low,-1.2756,9979.31,-0.21,8.24,-8.45,-3.18,-2.102,40,0.45,0.44,0.0169,0.3339,False,False,0.4987,0.1255,0.5
24,PYPL,low,0.864,9960.78,-0.39,14.8,-15.19,-9.589,-7.789,39,0.41,0.44,0.0202,0.3339,False,False,0.4987,0.1255,0.5
24,QQQ,low,-0.9943,9947.41,-0.53,-7.44,6.91,-10.242,-7.219,40,0.35,0.59,0.023,0.3339,False,False,0.4987,0.1255,0.5
24,SPY,low,-2.273,9969.22,-0.31,-4.07,3.76,-2.625,-2.471,40,0.375,0.79,0.0106,0.3339,False,False,0.4987,0.1255,0.5
24,UNG,low,-4.2116,9855.57,-1.44,-7.28,5.83,-5.632,-3.222,42,0.452,1.58,0.0356,0.3339,False,False,0.4987,0.1255,0.5
24,USO,low,-4.2143,9934.78,-0.65,6.87,-7.52,-11.15,-7.709,40,0.375,0.84,0.0204,0.3339,False,False,0.4987,0.1255,0.5
24,XBI,low,0.5193,9997.45,-0.03,-7.71,7.68,-0.32,-0.293,40,0.575,0.33,0.0302,0.3339,False,False,0.4987,0.1255,0.5
24,XLE,low,-2.4827,9927.33,-0.73,-1.15,0.42,-4.815,-3.101,41,0.463,1.0,0.0152,0.3339,False,False,0.4987,0.1255,0.5
25,AAPL,low,-1.4907,9993.39,-0.07,1.9,-1.97,-2.071,-1.901,40,0.475,0.19,0.0075,0.3333,False,False,0.3343,0.0318,0.5
25,ARKK,low,4.2372,10091.58,0.92,-15.62,16.54,3.04,3.224,41,0.537,1.07,0.0245,0.3333,False,False,0.3343,0.0318,0.5
25,GLD,low,-1.7162,9995.36,-0.05,1.61,-1.66,-1.947,-1.899,40,0.475,0.18,0.0044,0.3333,False,False,0.3343,0.0318,0.5
25,IWM,low,2.4468,10096.2,0.96,0.14,0.82,7.514,10.068,39,0.538,0.28,0.0037,0.3333,False,False,0.3343,0.0318,0.5
25,KRE,low,-0.3865,10001.06,0.01,3.81,-3.8,0.21,0.167,39,0.59,0.24,0.0188,0.3333,False,False,0.3343,0.0318,0.5
25,NFLX,low,1.122,10108.26,1.08,-0.62,1.7,6.92,8.122,40,0.5,0.36,0.0178,0.3333,False,False,0.3343,0.0318,0.5
25,NVDA,low,-1.4197,9928.19,-0.72,7.67,-8.39,-14.432,-10.788,41,0.341,0.82,0.0172,0.3333,False,False,0.3343,0.0318,0.5
25,PYPL,low,-1.9988,9973.76,-0.26,0.66,-0.92,-2.674,-2.252,40,0.5,0.64,0.0052,0.3333,False,False,0.3343,0.0318,0.5
25,QQQ,low,-2.6266,9975.07,-0.25,5.27,-5.52,-6.699,-5.058,40,0.45,0.37,0.0149,0.3333,False,False,0.3343,0.0318,0.5
25,SPY,low,-2.0214,9975.19,-0.25,-1.55,1.3,-5.917,-3.998,39,0.41,0.3,0.0166,0.3333,False,False,0.3343,0.0318,0.5
25,UNG,low,-3.0257,9876.47,-1.24,-0.4,-0.84,-14.472,-10.332,44,0.409,1.26,0.0358,0.3333,False,False,0.3343,0.0318,0.5
25,USO,low,-0.536,9957.45,-0.43,-4.8,4.37,-8.255,-6.157,42,0.429,0.53,0.0242,0.3333,False,False,0.3343,0.0318,0.5
25,XBI,low,0.7529,9999.52,-0.0,-9.19,9.19,-0.026,-0.025,40,0.525,0.67,0.031,0.3333,False,False,0.3343,0.0318,0.5
25,XLE,low,-4.3687,9950.7,-0.49,3.9,-4.39,-7.819,-5.725,40,0.425,0.61,0.0028,0.3333,False,False,0.3343,0.0318,0.5
1,AAPL,low,-0.0089,9973.05,-0.27,2.67,-2.94,-2.577,-1.706,40,0.475,0.6,0.0035,0.3326,False,False,0.3298,0.1061,0.5
1,ARKK,low,-1.8172,9965.2,-0.35,1.87,-2.22,-7.592,-6.735,41,0.293,0.35,0.0176,0.3326,False,False,0.3298,0.1061,0.5
1,GLD,low,-2.1599,9991.82,-0.08,-2.99,2.91,-6.926,-5.483,39,0.333,0.09,-0.0067,0.3326,False,False,0.3298,0.1061,0.5
1,IWM,low,-2.2467,10003.92,0.04,-6.87,6.91,0.435,0.504,39,0.436,0.63,0.0042,0.3326,False,False,0.3298,0.1061,0.5
1,KRE,low,-1.609,9970.8,-0.29,-0.84,0.54,-5.579,-3.791,40,0.375,0.4,0.01,0.3326,False,False,0.3298,0.1061,0.5
1,NFLX,low,2.3502,10312.93,3.13,0.78,2.35,8.9,12.98,39,0.487,1.15,0.0227,0.3326,False,False,0.3298,0.1061,0.5
1,NVDA,low,-4.1314,9956.89,-0.43,-9.83,9.4,-3.918,-2.866,41,0.415,0.81,0.0253,0.3326,False,False,0.3298,0.1061,0.5
1,PYPL,low,-1.0811,9970.95,-0.29,-7.1,6.81,-6.498,-6.05,40,0.4,0.33,0.0118,0.3326,False,False,0.3298,0.1061,0.5
1,QQQ,low,-1.3671,9975.24,-0.25,2.96,-3.2,-9.283,-7.358,40,0.4,0.27,-0.0006,0.3326,False,False,0.3298,0.1061,0.5
1,SPY,low,-1.9958,9989.42,-0.11,-1.31,1.2,-4.237,-5.06,41,0.415,0.21,0.0044,0.3326,False,False,0.3298,0.1061,0.5
1,UNG,low,-3.9589,9974.8,-0.25,-10.77,10.52,-0.282,-0.216,43,0.442,3.77,0.0345,0.3326,False,False,0.3298,0.1061,0.5
1,USO,low,1.9934,10047.01,0.47,10.46,-9.99,3.962,4.401,40,0.5,0.59,0.0116,0.3326,False,False,0.3298,0.1061,0.5
1,XBI,low,-3.5324,9972.12,-0.28,8.29,-8.57,-6.193,-6.213,40,0.35,0.33,0.0162,0.3326,False,False,0.3298,0.1061,0.5
1,XLE,low,-3.6267,9959.61,-0.4,-5.65,5.24,-5.413,-5.309,40,0.45,0.75,0.0138,0.3326,False,False,0.3298,0.1061,0.5
2,AAPL,low,-1.466,9979.95,-0.2,-1.62,1.42,-3.766,-3.103,40,0.375,0.23,0.0086,0.3319,False,False,0.3355,0.0569,0.5
2,ARKK,low,3.1207,10017.76,0.18,-14.83,15.01,0.657,0.446,40,0.6,1.7,0.0262,0.3319,False,False,0.3355,0.0569,0.5
2,GLD,low,-2.1748,9994.2,-0.06,3.02,-3.08,-2.631,-2.974,40,0.475,0.13,0.0004,0.3319,False,False,0.3355,0.0569,0.5
2,IWM,low,2.3602,10125.65,1.26,-0.67,1.92,6.127,8.021,39,0.59,0.66,0.0108,0.3319,False,False,0.3355,0.0569,0.5
2,KRE,low,-2.7505,9977.47,-0.23,2.82,-3.05,-2.214,-2.148,39,0.513,0.56,0.0138,0.3319,False,False,0.3355,0.0569,0.5
2,NFLX,low,-0.6951,9971.94,-0.28,-3.78,3.5,-2.488,-1.822,40,0.4,0.76,0.0212,0.3319,False,False,0.3355,0.0569,0.5
2,NVDA,low,0.9162,9990.57,-0.09,-12.09,12.0,-3.034,-3.204,40,0.525,0.18,0.0217,0.3319,False,False,0.3355,0.0569,0.5
2,PYPL,low,-2.1751,9985.14,-0.15,3.01,-3.16,-2.344,-2.508,41,0.561,0.29,0.0192,0.3319,False,False,0.3355,0.0569,0.5
2,QQQ,low,-2.4459,9979.74,-0.2,3.51,-3.71,-2.952,-2.989,41,0.366,0.62,0.0182,0.3319,False,False,0.3355,0.0569,0.5
2,SPY,low,-1.5562,9984.44,-0.16,-0.06,-0.09,-4.484,-3.136,39,0.462,0.27,0.0106,0.3319,False,False,0.3355,0.0569,0.5
2,UNG,low,-10.1349,9768.99,-2.31,-27.95,25.64,-8.318,-4.831,45,0.311,2.54,0.0383,0.3319,False,False,0.3355,0.0569,0.5
2,USO,low,-0.7467,10117.31,1.17,-7.11,8.28,3.472,3.217,41,0.634,1.19,0.0265,0.3319,False,False,0.3355,0.0569,0.5
2,XBI,low,-3.0405,9962.08,-0.38,-5.38,5.0,-6.724,-7.407,41,0.366,0.45,0.0241,0.3319,False,False,0.3355,0.0569,0.5
2,XLE,low,-1.0471,9984.86,-0.15,3.15,-3.3,-1.803,-1.688,40,0.425,0.64,0.0027,0.3319,False,False,0.3355,0.0569,0.5
3,AAPL,low,-1.6812,9980.81,-0.19,-0.45,0.26,-7.285,-5.613,39,0.513,0.28,0.0028,0.3313,False,False,0.4207,0.0695,0.5
3,ARKK,low,-3.2775,9936.18,-0.64,-9.72,9.08,-5.689,-3.744,42,0.452,0.87,0.0326,0.3313,False,False,0.4207,0.0695,0.5
3,GLD,low,-0.6933,9996.67,-0.03,2.01,-2.04,-1.329,-0.933,37,0.405,0.13,-0.0059,0.3313,False,False,0.4207,0.0695,0.5
3,IWM,low,-3.204,9975.87,-0.24,3.39,-3.63,-4.792,-4.278,40,0.475,0.34,0.0032,0.3313,False,False,0.4207,0.0695,0.5
3,KRE,low,-1.8737,9977.78,-0.22,0.06,-0.28,-7.487,-7.77,40,0.275,0.34,0.0116,0.3313,False,False,0.4207,0.0695,0.5
3,NFLX,low,-5.3218,9950.56,-0.49,-14.84,14.34,-4.213,-3.388,40,0.6,1.04,0.0317,0.3313,False,False,0.4207,0.0695,0.5
3,NVDA,low,-3.7229,9968.04,-0.32,9.68,-10.0,-1.949,-1.849,40,0.6,0.7,0.0235,0.3313,False,False,0.4207,0.0695,0.5
3,PYPL,low,-0.8372,10094.04,0.94,-7.18,8.12,3.858,4.196,40,0.55,1.18,0.0237,0.3313,False,False,0.4207,0.0695,0.5
3,QQQ,low,-2.2114,9983.37,-0.17,3.14,-3.31,-7.617,-5.909,40,0.425,0.2,-0.0021,0.3313,False,False,0.4207,0.0695,0.5
3,SPY,low,-1.4415,9994.19,-0.06,4.37,-4.43,-3.712,-3.95,39,0.333,0.12,-0.0088,0.3313,False,False,0.4207,0.0695,0.5
3,UNG,low,1.2456,9977.03,-0.23,12.13,-12.36,-2.191,-1.646,41,0.415,0.69,0.0285,0.3313,False,False,0.4207,0.0695,0.5
3,USO,low,1.5497,9985.84,-0.14,15.1,-15.24,-2.281,-1.391,42,0.476,0.4,0.012,0.3313,False,False,0.4207,0.0695,0.5
3,XBI,low,-1.1364,9960.07,-0.4,5.26,-5.66,-6.651,-4.981,40,0.5,0.47,0.0188,0.3313,False,False,0.4207,0.0695,0.5
3,XLE,low,-0.0283,9988.35,-0.12,8.75,-8.86,-1.517,-1.375,40,0.5,0.52,0.0141,0.3313,False,False,0.4207,0.0695,0.5
4,AAPL,low,-42.7007,9798.24,-2.02,-77.92,75.9,-4.975,-2.938,41,0.439,2.54,0.0257,0.3306,False,False,0.4636,0.0958,0.5
4,ARKK,low,-0.1733,9951.13,-0.49,-10.23,9.74,-3.304,-3.574,42,0.357,0.85,0.0232,0.3306,False,False,0.4636,0.0958,0.5
4,GLD,low,-1.7027,9987.59,-0.12,-2.37,2.25,-6.314,-4.314,40,0.525,0.19,-0.0029,0.3306,False,False,0.4636,0.0958,0.5
4,IWM,low,-2.6361,9972.29,-0.28,6.0,-6.28,-4.066,-3.314,41,0.512,0.43,0.0143,0.3306,False,False,0.4636,0.0958,0.5
4,KRE,low,-2.8478,9983.69,-0.16,6.56,-6.72,-2.88,-2.472,41,0.512,0.29,0.0162,0.3306,False,False,0.4636,0.0958,0.5
4,NFLX,low,-2.0398,9945.69,-0.54,-1.2,0.65,-6.515,-5.778,40,0.45,0.64,0.0214,0.3306,False,False,0.4636,0.0958,0.5
4,NVDA,low,-4.9377,9980.39,-0.2,14.99,-15.19,-4.157,-3.981,40,0.4,0.3,0.0213,0.3306,False,False,0.4636,0.0958,0.5
4,PYPL,low,-0.4774,9981.61,-0.18,3.97,-4.15,-2.702,-2.532,40,0.4,0.46,0.0111,0.3306,False,False,0.4636,0.0958,0.5
4,QQQ,low,-1.5838,9983.67,-0.16,0.83,-1.0,-9.023,-7.031,40,0.3,0.16,-0.0015,0.3306,False,False,0.4636,0.0958,0.5
4,SPY,low,-2.1959,10031.24,0.31,-1.05,1.36,4.112,5.414,39,0.513,0.34,-0.0064,0.3306,False,False,0.4636,0.0958,0.5
4,UNG,low,-3.2683,9959.99,-0.4,6.99,-7.39,-4.067,-3.705,42,0.381,0.69,0.0287,0.3306,False,False,0.4636,0.0958,0.5
4,USO,low,-0.9851,9940.25,-0.6,-2.17,1.58,-3.278,-2.453,42,0.452,1.21,0.0256,0.3306,False,False,0.4636,0.0958,0.5
4,XBI,low,-0.5413,10001.49,0.01,0.63,-0.62,0.193,0.166,40,0.525,0.63,0.0107,0.3306,False,False,0.4636,0.0958,0.5
4,XLE,low,0.1358,10012.92,0.13,8.47,-8.34,0.82,1.088,41,0.39,0.99,0.0189,0.3306,False,False,0.4636,0.0958,0.5
5,AAPL,low,-3.0406,9972.35,-0.28,4.88,-5.16,-5.536,-5.384,40,0.375,0.37,0.0094,0.3299,False,False,0.379,0.0776,0.5
5,ARKK,low,0.2669,9921.52,-0.78,-12.8,12.01,-7.479,-5.594,41,0.439,0.85,0.0299,0.3299,False,False,0.379,0.0776,0.5
5,GLD,low,-2.3269,9982.04,-0.18,1.2,-1.38,-8.89,-6.8,39,0.154,0.2,-0.0143,0.3299,False,False,0.379,0.0776,0.5
5,IWM,low,-1.0541,9992.92,-0.07,-2.15,2.08,-2.661,-2.469,40,0.425,0.16,0.0056,0.3299,False,False,0.379,0.0776,0.5
5,KRE,low,2.4286,9949.19,-0.51,-25.47,24.96,-8.911,-9.761,41,0.366,0.59,0.0176,0.3299,False,False,0.379,0.0776,0.5
5,NFLX,low,-3.8621,9937.18,-0.63,-11.63,11.01,-3.026,-1.877,41,0.512,1.18,0.0168,0.3299,False,False,0.379,0.0776,0.5
5,NVDA,low,-0.9686,9999.54,-0.0,-2.59,2.59,-0.074,-0.076,41,0.415,0.25,0.0243,0.3299,False,False,0.379,0.0776,0.5
5,PYPL,low,-5.4492,9969.43,-0.31,-13.61,13.31,-5.038,-3.765,40,0.35,0.48,0.0067,0.3299,False,False,0.379,0.0776,0.5
5,QQQ,low,-0.3453,9982.74,-0.17,5.7,-5.87,-3.088,-2.788,41,0.463,0.2,0.0122,0.3299,False,False,0.379,0.0776,0.5
5,SPY,low,-1.6344,9986.9,-0.13,-0.5,0.37,-7.385,-7.063,39,0.359,0.15,0.0021,0.3299,False,False,0.379,0.0776,0.5
5,UNG,low,-13.5114,9989.42,-0.11,-38.9,38.79,-0.352,-0.361,42,0.5,1.91,0.0339,0.3299,False,False,0.379,0.0776,0.5
5,USO,low,0.1062,9950.45,-0.5,17.7,-18.2,-1.45,-1.355,40,0.45,1.92,0.0233,0.3299,False,False,0.379,0.0776,0.5
5,XBI,low,-5.2506,9940.01,-0.6,-11.68,11.08,-7.559,-6.025,41,0.463,0.75,0.0185,0.3299,False,False,0.379,0.0776,0.5
5,XLE,low,2.2891,10157.03,1.57,3.69,-2.12,9.622,10.717,39,0.538,0.64,0.0052,0.3299,False,False,0.379,0.0776,0.5
6,AAPL,low,-2.1695,9994.53,-0.05,4.52,-4.58,-2.789,-2.557,40,0.575,0.1,0.0036,0.3293,False,False,0.4652,0.1216,0.5
6,ARKK,low,-3.0371,10059.6,0.6,13.52,-12.92,3.038,3.566,41,0.634,0.77,0.0148,0.3293,False,False,0.4652,0.1216,0.5
6,GLD,low,-3.009,9966.37,-0.34,0.48,-0.81,-12.832,-11.815,41,0.366,0.43,-0.0044,0.3293,False,False,0.4652,0.1216,0.5
6,IWM,low,-2.3381,10010.99,0.11,3.64,-3.53,1.285,1.347,39,0.513,0.28,-0.0034,0.3293,False,False,0.4652,0.1216,0.5
6,KRE,low,-0.5869,9982.0,-0.18,4.57,-4.75,-2.286,-1.713,40,0.575,0.37,0.0135,0.3293,False,False,0.4652,0.1216,0.5
6,NFLX,low,-3.7911,9940.44,-0.6,7.87,-8.46,-9.274,-6.191,41,0.439,0.7,0.0157,0.3293,False,False,0.4652,0.1216,0.5
6,NVDA,low,0.3999,9934.59,-0.65,13.21,-13.87,-4.221,-3.803,42,0.476,1.01,0.0167,0.3293,False,False,0.4652,0.1216,0.5
6,PYPL,low,-1.1602,9971.13,-0.29,3.4,-3.69,-8.995,-6.625,39,0.282,0.32,0.0034,0.3293,False,False,0.4652,0.1216,0.5
6,QQQ,low,-1.79,9989.97,-0.1,-1.99,1.89,-4.43,-4.338,40,0.4,0.13,-0.0016,0.3293,False,False,0.4652,0.1216,0.5
6,SPY,low,-2.7053,9963.36,-0.37,0.92,-1.29,-10.134,-8.848,40,0.4,0.37,0.0051,0.3293,False,False,0.4652,0.1216,0.5
6,UNG,low,-7.0267,10011.78,0.12,21.91,-21.79,0.262,0.295,43,0.581,3.13,0.028,0.3293,False,False,0.4652,0.1216,0.5
6,USO,low,-0.5022,9956.52,-0.43,-5.64,5.21,-7.544,-5.384,42,0.524,0.61,0.0279,0.3293,False,False,0.4652,0.1216,0.5
6,XBI,low,-1.2367,9970.88,-0.29,-3.8,3.51,-9.148,-7.004,40,0.45,0.31,0.0129,0.3293,False,False,0.4652,0.1216,0.5
6,XLE,low,0.7331,9997.23,-0.03,9.89,-9.92,-0.596,-0.514,40,0.45,0.25,0.0084,0.3293,False,False,0.4652,0.1216,0.5
7,AAPL,low,-2.9454,9979.09,-0.21,2.48,-2.69,-8.32,-7.642,40,0.425,0.22,0.0068,0.3286,False,False,0.4466,0.0454,0.5
7,ARKK,low,-4.0251,9937.82,-0.62,9.22,-9.84,-10.976,-8.024,40,0.4,0.71,0.0263,0.3286,False,False,0.4466,0.0454,0.5
7,GLD,low,-1.8391,9992.35,-0.08,1.37,-1.44,-2.878,-2.709,39,0.41,0.19,-0.0114,0.3286,False,False,0.4466,0.0454,0.5
7,IWM,low,1.1366,10054.62,0.55,7.09,-6.54,4.746,6.446,40,0.525,0.69,0.0063,0.3286,False,False,0.4466,0.0454,0.5
7,KRE,low,-0.4082,9962.33,-0.38,6.0,-6.37,-5.177,-3.743,40,0.5,0.49,0.0189,0.3286,False,False,0.4466,0.0454,0.5
7,NFLX,low,-3.0218,9978.08,-0.22,6.53,-6.75,-1.741,-1.568,39,0.538,0.54,0.0102,0.3286,False,False,0.4466,0.0454,0.5
7,NVDA,low,0.2615,10017.47,0.17,1.91,-1.74,1.44,1.219,40,0.475,0.54,0.0141,0.3286,False,False,0.4466,0.0454,0.5
7,PYPL,low,-4.5691,9997.85,-0.02,-13.34,13.32,-0.17,-0.171,41,0.488,0.47,0.0169,0.3286,False,False,0.4466,0.0454,0.5
7,QQQ,low,-0.8821,9960.52,-0.39,-7.59,7.19,-8.92,-7.663,40,0.35,0.42,0.0181,0.3286,False,False,0.4466,0.0454,0.5
7,SPY,low,-1.8024,9974.31,-0.26,0.54,-0.79,-3.373,-2.452,40,0.45,0.46,-0.0007,0.3286,False,False,0.4466,0.0454,0.5
7,UNG,low,-2.0124,9941.74,-0.58,0.35,-0.93,-9.465,-6.445,41,0.341,0.58,0.0274,0.3286,False,False,0.4466,0.0454,0.5
7,USO,low,1.438,10088.1,0.88,-4.62,5.5,4.082,5.095,41,0.39,0.94,0.0246,0.3286,False,False,0.4466,0.0454,0.5
7,XBI,low,-0.9405,10016.16,0.16,-3.76,3.93,0.638,0.631,41,0.537,1.38,0.0298,0.3286,False,False,0.4466,0.0454,0.5
7,XLE,low,-3.4168,9948.25,-0.52,-1.57,1.06,-10.535,-8.304,40,0.325,0.52,0.0057,0.3286,False,False,0.4466,0.0454,0.5
8,AAPL,low,-0.119,9962.63,-0.37,10.68,-11.05,-8.579,-5.866,39,0.333,0.4,0.0058,0.328,False,False,0.414,0.0499,0.5
8,ARKK,low,0.3227,9981.85,-0.18,-9.43,9.25,-2.743,-2.524,41,0.463,0.32,0.0221,0.328,False,False,0.414,0.0499,0.5
8,GLD,low,-1.3636,9983.58,-0.16,2.39,-2.56,-7.913,-5.215,39,0.41,0.17,-0.0045,0.328,False,False,0.414,0.0499,0.5
8,IWM,low,-1.4021,10006.67,0.07,2.97,-2.91,1.785,1.912,40,0.4,0.11,-0.003,0.328,False,False,0.414,0.0499,0.5
8,KRE,low,-1.1555,9949.88,-0.5,4.23,-4.73,-9.417,-6.95,40,0.475,0.6,0.0178,0.328,False,False,0.414,0.0499,0.5
8,NFLX,low,2.3455,9973.62,-0.26,27.94,-28.2,-1.247,-0.983,42,0.5,1.14,0.0343,0.328,False,False,0.414,0.0499,0.5
8,NVDA,low,1.7957,9981.12,-0.19,19.98,-20.17,-2.894,-2.576,41,0.415,0.52,0.0285,0.328,False,False,0.414,0.0499,0.5
8,PYPL,low,-0.9533,9976.79,-0.23,5.19,-5.43,-7.612,-6.614,40,0.35,0.23,0.0114,0.328,False,False,0.414,0.0499,0.5
8,QQQ,low,-1.7866,9975.45,-0.25,-0.2,-0.05,-3.338,-2.859,40,0.525,0.45,0.013,0.328,False,False,0.414,0.0499,0.5
8,SPY,low,0.0255,9985.85,-0.14,6.44,-6.58,-3.27,-1.927,39,0.359,0.23,-0.0034,0.328,False,False,0.414,0.0499,0.5
8,UNG,low,1.583,10006.85,0.07,-16.31,16.38,0.336,0.361,41,0.512,0.98,0.0316,0.328,False,False,0.414,0.0499,0.5
8,USO,low,-3.1284,9994.56,-0.05,10.27,-10.32,-0.824,-0.753,40,0.475,0.33,0.0235,0.328,False,False,0.414,0.0499,0.5
8,XBI,low,-0.7307,9971.43,-0.29,-5.45,5.17,-2.836,-2.295,41,0.39,0.85,0.0272,0.328,False,False,0.414,0.0499,0.5
8,XLE,low,-0.4312,9989.98,-0.1,3.81,-3.91,-0.809,-0.694,40,0.475,0.82,0.0098,0.328,False,False,0.414,0.0499,0.5
9,AAPL,low,-2.8098,10013.12,0.13,8.74,-8.61,1.317,1.214,40,0.55,0.49,0.0167,0.3273,False,False,0.3329,0.0552,0.5
9,ARKK,low,-1.5653,9979.04,-0.21,-2.49,2.28,-2.217,-2.735,40,0.4,0.45,0.0261,0.3273,False,False,0.3329,0.0552,0.5
9,GLD,low,-2.777,9947.51,-0.52,-3.58,3.05,-6.694,-3.797,40,0.35,0.54,0.0032,0.3273,False,False,0.3329,0.0552,0.5
9,IWM,low,-1.6962,10018.87,0.19,2.68,-2.5,1.753,2.271,39,0.333,0.65,0.0055,0.3273,False,False,0.3329,0.0552,0.5
9,KRE,low,-1.3914,9991.76,-0.08,0.12,-0.2,-2.84,-2.571,40,0.4,0.11,0.012,0.3273,False,False,0.3329,0.0552,0.5
9,NFLX,low,-4.0322,9974.04,-0.26,11.0,-11.26,-6.38,-5.929,40,0.475,0.28,0.0229,0.3273,False,False,0.3329,0.0552,0.5
9,NVDA,low,-1.6832,9974.59,-0.25,1.27,-1.52,-2.776,-2.391,40,0.375,0.7,0.0149,0.3273,False,False,0.3329,0.0552,0.5
9,PYPL,low,-0.5396,10000.3,0.0,1.81,-1.81,0.04,0.044,40,0.525,0.77,0.014,0.3273,False,False,0.3329,0.0552,0.5
9,QQQ,low,-1.2536,9989.57,-0.1,2.7,-2.81,-4.942,-3.751,39,0.462,0.11,-0.0024,0.3273,False,False,0.3329,0.0552,0.5
9,SPY,low,-1.291,9985.24,-0.15,0.38,-0.53,-2.282,-1.587,40,0.575,0.45,0.0146,0.3273,False,False,0.3329,0.0552,0.5
9,UNG,low,-2.8718,10069.87,0.7,-15.51,16.2,1.893,1.3,41,0.683,2.41,0.0304,0.3273,False,False,0.3329,0.0552,0.5
9,USO,low,-4.14,9884.85,-1.15,-6.75,5.59,-6.368,-4.194,41,0.488,1.55,0.0305,0.3273,False,False,0.3329,0.0552,0.5
9,XBI,low,-0.1662,9989.96,-0.1,-3.09,2.99,-0.918,-0.762,40,0.4,0.88,0.0178,0.3273,False,False,0.3329,0.0552,0.5
9,XLE,low,3.2032,10096.28,0.96,-4.39,5.35,4.295,4.029,40,0.575,1.2,0.0178,0.3273,False,False,0.3329,0.0552,0.5
10,AAPL,low,-0.1952,10010.42,0.1,2.32,-2.21,1.218,1.482,40,0.425,0.32,0.0162,0.3267,False,False,0.4951,0.1197,0.5
10,ARKK,low,3.9854,9954.64,-0.45,33.86,-34.31,-5.051,-4.252,42,0.405,0.76,0.0319,0.3267,False,False,0.4951,0.1197,0.5
10,GLD,low,-1.9896,9997.2,-0.03,1.57,-1.6,-0.978,-1.63,39,0.41,0.13,0.0004,0.3267,False,False,0.4951,0.1197,0.5
10,IWM,low,-1.9835,10005.7,0.06,2.51,-2.45,0.627,0.652,40,0.5,0.6,0.0198,0.3267,False,False,0.4951,0.1197,0.5
10,KRE,low,-1.1671,9986.43,-0.14,1.85,-1.98,-3.904,-2.887,41,0.512,0.2,0.0144,0.3267,False,False,0.4951,0.1197,0.5
10,NFLX,low,-4.0078,9991.17,-0.09,13.25,-13.34,-1.311,-1.012,41,0.415,0.4,0.03,0.3267,False,False,0.4951,0.1197,0.5
10,NVDA,low,-3.2784,9963.41,-0.37,4.49,-4.85,-6.95,-5.167,39,0.462,0.48,0.0173,0.3267,False,False,0.4951,0.1197,0.5
10,PYPL,low,-0.8816,9966.13,-0.34,3.16,-3.5,-3.953,-2.723,41,0.488,0.51,0.0322,0.3267,False,False,0.4951,0.1197,0.5
10,QQQ,low,-2.2625,9971.41,-0.29,2.33,-2.62,-7.773,-5.133,40,0.425,0.31,0.0069,0.3267,False,False,0.4951,0.1197,0.5
10,SPY,low,-2.3704,9994.61,-0.05,1.31,-1.37,-7.372,-6.926,40,0.4,0.07,-0.0041,0.3267,False,False,0.4951,0.1197,0.5
10,UNG,low,-2.765,10092.93,0.93,9.74,-8.81,3.515,4.207,40,0.55,0.84,0.0307,0.3267,False,False,0.4951,0.1197,0.5
10,USO,low,-4.0902,9989.82,-0.1,7.1,-7.2,-0.847,-0.936,40,0.4,0.61,0.0181,0.3267,False,False,0.4951,0.1197,0.5
10,XBI,low,-4.8391,9957.28,-0.43,13.34,-13.77,-2.644,-2.736,40,0.525,0.96,0.0218,0.3267,False,False,0.4951,0.1197,0.5
10,XLE,low,-3.2327,9978.74,-0.21,5.55,-5.76,-1.889,-1.939,41,0.341,0.86,0.0145,0.3267,False,False,0.4951,0.1197,0.5
11,AAPL,low,-1.8057,9988.65,-0.11,0.37,-0.49,-0.959,-1.014,39,0.487,0.36,0.0087,0.326,False,False,0.4676,0.08,0.5
11,ARKK,low,-2.6638,10000.74,0.01,-5.29,5.3,0.082,0.09,41,0.463,0.63,0.028,0.326,False,False,0.4676,0.08,0.5
11,GLD,low,-3.1641,9951.44,-0.49,-0.14,-0.35,-5.775,-3.324,39,0.436,0.57,0.0081,0.326,False,False,0.4676,0.08,0.5
11,IWM,low,2.7185,10094.24,0.94,-1.05,1.99,11.616,15.488,40,0.625,0.19,0.0123,0.326,False,False,0.4676,0.08,0.5
11,KRE,low,-0.2576,9974.93,-0.25,2.98,-3.23,-3.855,-3.073,41,0.537,0.53,0.0307,0.326,False,False,0.4676,0.08,0.5
11,NFLX,low,-0.142,9952.22,-0.48,12.44,-12.91,-4.532,-3.392,39,0.385,0.74,0.0286,0.326,False,False,0.4676,0.08,0.5
11,NVDA,low,-2.0445,9940.87,-0.59,-0.08,-0.52,-4.834,-4.377,41,0.415,0.89,0.0244,0.326,False,False,0.4676,0.08,0.5
11,PYPL,low,-1.7648,9993.43,-0.07,2.89,-2.96,-1.764,-1.886,41,0.415,0.16,0.0225,0.326,False,False,0.4676,0.08,0.5
11,QQQ,low,-3.6494,9981.94,-0.18,6.08,-6.26,-6.47,-6.18,39,0.538,0.19,-0.0001,0.326,False,False,0.4676,0.08,0.5
11,SPY,low,-0.6868,9998.07,-0.02,-4.51,4.49,-0.585,-0.621,40,0.4,0.2,0.0168,0.326,False,False,0.4676,0.08,0.5
11,UNG,low,-4.8955,9920.79,-0.79,14.9,-15.69,-3.406,-2.668,41,0.561,1.44,0.0274,0.326,False,False,0.4676,0.08,0.5
11,USO,low,-0.1068,9950.45,-0.5,10.1,-10.59,-5.972,-5.193,40,0.3,0.81,0.0223,0.326,False,False,0.4676,0.08,0.5
11,XBI,low,-4.4986,9958.73,-0.41,-6.83,6.42,-14.878,-11.696,41,0.341,0.43,0.0232,0.326,False,False,0.4676,0.08,0.5
11,XLE,low,-1.4487,9991.44,-0.09,0.7,-0.78,-3.05,-2.597,40,0.525,0.2,0.0159,0.326,False,False,0.4676,0.08,0.5
12,AAPL,low,-2.9702,9975.49,-0.25,6.36,-6.6,-5.932,-5.472,40,0.375,0.29,0.0274,0.3254,False,False,0.3258,0.0677,0.5
12,ARKK,low,-0.514,9986.17,-0.14,1.79,-1.93,-2.129,-2.022,41,0.415,0.36,0.035,0.3254,False,False,0.3258,0.0677,0.5
12,GLD,low,-2.7535,9992.77,-0.07,-1.69,1.62,-0.977,-1.384,38,0.395,0.37,0.0094,0.3254,False,False,0.3258,0.0677,0.5
12,IWM,low,-1.3567,9987.23,-0.13,0.16,-0.29,-5.867,-5.245,40,0.325,0.24,0.0117,0.3254,False,False,0.3258,0.0677,0.5
12,KRE,low,-2.8084,9963.69,-0.36,-0.92,0.55,-8.904,-7.143,40,0.375,0.43,0.0232,0.3254,False,False,0.3258,0.0677,0.5
12,NFLX,low,-6.5573,9853.11,-1.47,7.25,-8.72,-8.118,-7.594,40,0.4,1.81,0.0286,0.3254,False,False,0.3258,0.0677,0.5
12,NVDA,low,-3.2683,9983.42,-0.17,16.54,-16.71,-0.519,-0.45,42,0.524,2.5,0.0356,0.3254,False,False,0.3258,0.0677,0.5
12,PYPL,low,-1.7586,9945.23,-0.55,3.81,-4.36,-3.024,-1.736,39,0.513,0.95,0.0276,0.3254,False,False,0.3258,0.0677,0.5
12,QQQ,low,-0.4068,9974.46,-0.26,-6.02,5.76,-4.582,-2.992,40,0.55,0.43,0.0284,0.3254,False,False,0.3258,0.0677,0.5
12,SPY,low,-2.1101,9993.38,-0.07,1.59,-1.66,-4.978,-4.304,40,0.45,0.09,0.0009,0.3254,False,False,0.3258,0.0677,0.5
12,UNG,low,0.2742,10059.97,0.6,-18.56,19.16,1.01,0.711,41,0.634,4.27,0.0412,0.3254,False,False,0.3258,0.0677,0.5
12,USO,low,-1.0325,9961.42,-0.39,-3.66,3.28,-6.738,-5.358,41,0.39,0.47,0.0394,0.3254,False,False,0.3258,0.0677,0.5
12,XBI,low,-3.2715,9948.15,-0.52,3.96,-4.48,-3.607,-3.756,39,0.538,0.87,0.0321,0.3254,False,False,0.3258,0.0677,0.5
12,XLE,low,-1.3862,9990.22,-0.1,-1.06,0.96,-3.314,-2.637,39,0.487,0.25,0.0129,0.3254,False,False,0.3258,0.0677,0.5
13,AAPL,low,3.0659,10182.51,1.83,-8.5,10.32,6.388,6.157,40,0.55,0.87,0.031,0.3247,False,False,0.5,0.0886,0.5
13,ARKK,low,-0.0694,9925.94,-0.74,11.98,-12.72,-9.047,-5.394,42,0.5,0.77,0.0416,0.3247,False,False,0.5,0.0886,0.5
13,GLD,low,-1.0812,9991.9,-0.08,1.95,-2.03,-5.252,-4.675,38,0.421,0.09,0.0063,0.3247,False,False,0.5,0.0886,0.5
13,IWM,low,-1.9288,9970.65,-0.29,1.21,-1.51,-9.324,-6.834,39,0.359,0.31,0.0191,0.3247,False,False,0.5,0.0886,0.5
13,KRE,low,-2.4812,9984.74,-0.15,-3.77,3.62,-4.634,-3.701,39,0.487,0.26,0.0251,0.3247,False,False,0.5,0.0886,0.5
13,NFLX,low,-5.0518,9943.41,-0.57,13.71,-14.27,-4.466,-3.499,41,0.488,0.93,0.0397,0.3247,False,False,0.5,0.0886,0.5
13,NVDA,low,-1.7464,9999.38,-0.01,-1.45,1.45,-0.232,-0.239,40,0.425,0.16,0.0194,0.3247,False,False,0.5,0.0886,0.5
13,PYPL,low,-1.3967,9985.64,-0.14,-0.91,0.77,-1.91,-1.519,41,0.463,0.34,0.0382,0.3247,False,False,0.5,0.0886,0.5
13,QQQ,low,-2.2682,9990.42,-0.1,-7.63,7.53,-0.984,-1.005,41,0.366,0.64,0.0278,0.3247,False,False,0.5,0.0886,0.5
13,SPY,low,-0.705,9993.92,-0.06,-0.01,-0.05,-0.848,-0.812,40,0.325,0.36,0.0197,0.3247,False,False,0.5,0.0886,0.5
13,UNG,low,2.0563,9983.52,-0.16,-14.09,13.93,-1.126,-1.036,41,0.463,0.7,0.0416,0.3247,False,False,0.5,0.0886,0.5
13,USO,low,0.5891,9957.98,-0.42,-12.82,12.4,-5.816,-4.521,42,0.333,0.74,0.0384,0.3247,False,False,0.5,0.0886,0.5
13,XBI,low,-0.8031,9979.64,-0.2,2.28,-2.48,-3.971,-2.956,41,0.488,0.34,0.0374,0.3247,False,False,0.5,0.0886,0.5
13,XLE,low,0.221,9984.36,-0.16,-8.97,8.81,-5.435,-4.801,41,0.512,0.24,0.0393,0.3247,False,False,0.5,0.0886,0.5
14,AAPL,low,-2.7442,9961.75,-0.38,-2.54,2.16,-11.448,-10.437,40,0.425,0.4,0.0141,0.3241,False,False,0.5,0.0496,0.5
14,ARKK,low,-3.5994,9937.53,-0.62,-1.62,1.0,-15.452,-13.616,41,0.268,0.63,0.0299,0.3241,False,False,0.5,0.0496,0.5
14,GLD,low,-1.871,9986.5,-0.13,1.07,-1.2,-2.627,-3.038,40,0.4,0.32,0.004,0.3241,False,False,0.5,0.0496,0.5
14,IWM,low,-0.9612,9951.63,-0.48,7.1,-7.59,-8.011,-4.98,39,0.462,0.58,0.0196,0.3241,False,False,0.5,0.0496,0.5
14,KRE,low,0.9967,10021.97,0.22,-4.93,5.15,1.752,1.418,39,0.59,0.38,0.0173,0.3241,False,False,0.5,0.0496,0.5
14,NFLX,low,-0.3627,9914.89,-0.85,6.73,-7.58,-5.107,-3.969,42,0.452,1.29,0.0432,0.3241,False,False,0.5,0.0496,0.5
14,NVDA,low,-5.0782,9951.98,-0.48,7.73,-8.21,-3.504,-3.568,40,0.4,0.96,0.0276,0.3241,False,False,0.5,0.0496,0.5
14,PYPL,low,-2.9797,9928.08,-0.72,-4.88,4.16,-3.65,-2.741,41,0.561,1.29,0.0271,0.3241,False,False,0.5,0.0496,0.5
14,QQQ,low,-2.3863,9985.68,-0.14,1.18,-1.32,-3.698,-2.848,39,0.41,0.28,0.0095,0.3241,False,False,0.5,0.0496,0.5
14,SPY,low,-1.6598,9985.93,-0.14,-0.73,0.59,-2.776,-2.315,40,0.475,0.3,0.0013,0.3241,False,False,0.5,0.0496,0.5
14,UNG,low,1.8823,9994.3,-0.06,-13.84,13.78,-0.067,-0.056,42,0.452,2.23,0.0433,0.3241,False,False,0.5,0.0496,0.5
14,USO,low,-4.161,9913.28,-0.87,12.14,-13.01,-4.973,-3.186,40,0.425,1.24,0.0335,0.3241,False,False,0.5,0.0496,0.5
14,XBI,low,-0.9171,9995.62,-0.04,-5.3,5.25,-0.295,-0.257,40,0.45,1.15,0.0227,0.3241,False,False,0.5,0.0496,0.5
14,XLE,low,-1.9516,9985.16,-0.15,-0.71,0.56,-2.384,-2.049,41,0.439,0.4,0.0163,0.3241,False,False,0.5,0.0496,0.5
15,AAPL,low,-0.4923,10034.66,0.35,-4.38,4.73,2.232,2.103,40,0.575,0.68,0.0298,0.3234,False,False,0.4578,0.0927,0.5
15,ARKK,low,-1.3265,9952.61,-0.47,6.28,-6.75,-2.3,-2.139,40,0.425,1.37,0.0336,0.3234,False,False,0.4578,0.0927,0.5
15,GLD,low,-2.4132,9980.47,-0.2,-0.75,0.56,-11.438,-8.521,39,0.359,0.23,0.0075,0.3234,False,False,0.4578,0.0927,0.5
15,IWM,low,-0.5842,9982.3,-0.18,1.52,-1.7,-3.677,-2.339,40,0.525,0.34,0.0148,0.3234,False,False,0.4578,0.0927,0.5
15,KRE,low,0.406,9972.92,-0.27,8.53,-8.8,-4.612,-3.854,41,0.463,0.34,0.0316,0.3234,False,False,0.4578,0.0927,0.5
15,NFLX,low,-0.6145,9973.86,-0.26,-6.89,6.63,-3.534,-4.06,41,0.463,0.47,0.036,0.3234,False,False,0.4578,0.0927,0.5
15,NVDA,low,-6.8742,9878.99,-1.21,26.07,-27.28,-3.861,-2.233,41,0.463,1.66,0.0438,0.3234,False,False,0.4578,0.0927,0.5
15,PYPL,low,-2.1736,9969.2,-0.31,-0.21,-0.1,-4.327,-3.546,40,0.45,0.41,0.0294,0.3234,False,False,0.4578,0.0927,0.5
15,QQQ,low,-2.2223,9986.94,-0.13,-1.98,1.85,-9.109,-6.826,39,0.462,0.14,0.0041,0.3234,False,False,0.4578,0.0927,0.5
15,SPY,low,-3.3405,9980.6,-0.19,-4.72,4.53,-8.514,-6.944,40,0.3,0.22,0.0131,0.3234,False,False,0.4578,0.0927,0.5
15,UNG,low,-0.2032,10018.46,0.18,9.47,-9.29,0.416,0.387,43,0.488,3.22,0.0458,0.3234,False,False,0.4578,0.0927,0.5
15,USO,low,-2.8335,9948.69,-0.51,-4.36,3.85,-8.631,-5.882,42,0.429,0.57,0.0465,0.3234,False,False,0.4578,0.0927,0.5
15,XBI,low,-1.4872,9946.92,-0.53,-3.65,3.12,-8.874,-6.586,41,0.341,0.57,0.0208,0.3234,False,False,0.4578,0.0927,0.5
15,XLE,low,-1.8026,9973.98,-0.26,1.68,-1.94,-6.715,-5.483,40,0.5,0.42,0.0242,0.3234,False,False,0.4578,0.0927,0.5
16,AAPL,low,-1.4265,9989.75,-0.1,-1.08,0.97,-2.739,-2.557,38,0.5,0.19,-0.0018,0.3228,False,False,0.341,0.0593,0.5
16,ARKK,low,-1.8279,9960.31,-0.4,0.01,-0.41,-7.276,-5.511,41,0.415,0.63,0.0272,0.3228,False,False,0.341,0.0593,0.5
16,GLD,low,-1.4201,9998.93,-0.01,-2.31,2.3,-0.105,-0.135,39,0.385,0.46,0.0015,0.3228,False,False,0.341,0.0593,0.5
16,IWM,low,-2.4007,9956.68,-0.43,1.17,-1.61,-9.857,-7.866,40,0.375,0.47,0.0255,0.3228,False,False,0.341,0.0593,0.5
16,KRE,low,-2.0698,9989.27,-0.11,3.39,-3.49,-1.464,-1.143,41,0.415,0.27,0.023,0.3228,False,False,0.341,0.0593,0.5
16,NFLX,low,-0.6017,10003.13,0.03,1.59,-1.56,0.62,0.566,40,0.5,0.28,0.0237,0.3228,False,False,0.341,0.0593,0.5
16,NVDA,low,-0.9148,9959.5,-0.4,3.55,-3.96,-5.244,-3.212,40,0.475,0.59,0.0243,0.3228,False,False,0.341,0.0593,0.5
16,PYPL,low,-1.8968,9975.9,-0.24,2.83,-3.07,-6.033,-4.515,41,0.415,0.32,0.0269,0.3228,False,False,0.341,0.0593,0.5
16,QQQ,low,-3.0141,9971.77,-0.28,-0.46,0.18,-14.199,-9.691,39,0.333,0.28,-0.0005,0.3228,False,False,0.341,0.0593,0.5
16,SPY,low,-1.6086,9994.62,-0.05,1.15,-1.21,-3.683,-3.055,38,0.368,0.09,-0.0055,0.3228,False,False,0.341,0.0593,0.5
16,UNG,low,-0.5997,9906.95,-0.93,7.92,-8.85,-2.744,-2.4,43,0.442,2.16,0.0405,0.3228,False,False,0.341,0.0593,0.5
16,USO,low,-1.3163,9972.66,-0.27,2.23,-2.51,-3.783,-3.244,41,0.439,0.43,0.0299,0.3228,False,False,0.341,0.0593,0.5
16,XBI,low,-1.7879,9982.0,-0.18,-0.29,0.11,-2.6,-2.629,41,0.415,0.51,0.0226,0.3228,False,False,0.341,0.0593,0.5
16,XLE,low,-1.9536,9976.97,-0.23,3.87,-4.1,-6.009,-4.762,40,0.45,0.39,0.0148,0.3228,False,False,0.341,0.0593,0.5
17,AAPL,low,-1.3247,10006.38,0.06,0.23,-0.17,0.81,0.696,40,0.525,0.58,0.0198,0.3221,False,False,0.4351,0.031,0.5
17,ARKK,low,-3.9839,9978.66,-0.21,-9.85,9.64,-3.555,-2.989,40,0.375,0.33,0.0286,0.3221,False,False,0.4351,0.031,0.5
17,GLD,low,-2.8062,9981.04,-0.19,-4.01,3.82,-4.602,-2.704,39,0.385,0.24,0.0033,0.3221,False,False,0.4351,0.031,0.5
17,IWM,low,-3.4328,9977.35,-0.23,-6.96,6.73,-7.958,-7.457,39,0.513,0.28,0.0066,0.3221,False,False,0.4351,0.031,0.5
17,KRE,low,-0.374,9988.48,-0.12,-5.44,5.32,-4.11,-4.139,40,0.35,0.15,0.0178,0.3221,False,False,0.4351,0.031,0.5
17,NFLX,low,-2.6856,9987.28,-0.13,-7.05,6.92,-3.299,-2.705,40,0.6,0.18,0.0254,0.3221,False,False,0.4351,0.031,0.5
17,NVDA,low,0.7784,9994.18,-0.06,8.38,-8.44,-0.38,-0.318,40,0.5,1.03,0.0157,0.3221,False,False,0.4351,0.031,0.5
17,PYPL,low,-2.345,9929.75,-0.7,-0.41,-0.29,-9.226,-6.22,41,0.415,0.71,0.0293,0.3221,False,False,0.4351,0.031,0.5
17,QQQ,low,-1.2076,9988.27,-0.12,2.75,-2.86,-3.485,-3.952,39,0.462,0.21,0.0008,0.3221,False,False,0.4351,0.031,0.5
17,SPY,low,-1.7994,9996.45,-0.04,1.28,-1.31,-0.743,-0.86,39,0.359,0.25,-0.003,0.3221,False,False,0.4351,0.031,0.5
17,UNG,low,-6.5665,9877.19,-1.23,-18.71,17.48,-5.779,-3.528,42,0.405,1.51,0.0399,0.3221,False,False,0.4351,0.031,0.5
17,USO,low,-2.534,10010.69,0.11,8.9,-8.8,2.538,2.584,40,0.5,0.19,0.023,0.3221,False,False,0.4351,0.031,0.5
17,XBI,low,-0.7754,9981.46,-0.19,-2.92,2.74,-5.604,-4.439,40,0.45,0.36,0.0153,0.3221,False,False,0.4351,0.031,0.5
17,XLE,low,-0.0798,9986.7,-0.13,6.76,-6.89,-3.909,-3.726,40,0.375,0.23,0.0219,0.3221,False,False,0.4351,0.031,0.5
18,AAPL,low,-0.7226,9993.09,-0.07,-2.19,2.12,-3.674,-4.18,39,0.41,0.11,0.0179,0.3215,False,False,0.5,0.0558,0.5
18,ARKK,low,4.8085,10586.58,5.87,-3.74,9.6,9.254,11.022,42,0.595,1.33,0.0405,0.3215,False,False,0.5,0.0558,0.5
18,GLD,low,-1.3766,9993.39,-0.07,1.78,-1.85,-4.561,-5.191,39,0.282,0.09,-0.0012,0.3215,False,False,0.5,0.0558,0.5
18,IWM,low,-0.9815,9988.41,-0.12,-3.23,3.12,-4.179,-3.611,40,0.325,0.23,0.0076,0.3215,False,False,0.5,0.0558,0.5
18,KRE,low,-2.6068,9968.73,-0.31,-7.43,7.11,-6.188,-3.986,40,0.525,0.42,0.0304,0.3215,False,False,0.5,0.0558,0.5
18,NFLX,low,0.4352,9964.73,-0.35,11.77,-12.12,-5.068,-3.859,41,0.463,0.4,0.0373,0.3215,False,False,0.5,0.0558,0.5
18,NVDA,low,0.0565,9863.31,-1.37,21.78,-23.14,-10.702,-6.941,43,0.442,1.42,0.0441,0.3215,False,False,0.5,0.0558,0.5
18,PYPL,low,-1.7921,9948.61,-0.51,4.07,-4.59,-7.825,-5.816,41,0.39,0.75,0.0294,0.3215,False,False,0.5,0.0558,0.5
18,QQQ,low,-1.8202,9989.11,-0.11,2.58,-2.68,-6.821,-6.122,39,0.359,0.11,0.0042,0.3215,False,False,0.5,0.0558,0.5
18,SPY,low,-1.4078,9994.21,-0.06,-1.21,1.15,-3.452,-4.094,39,0.41,0.11,0.002,0.3215,False,False,0.5,0.0558,0.5
18,UNG,low,-0.1581,9851.7,-1.48,-9.7,8.21,-5.384,-3.319,42,0.429,1.99,0.0374,0.3215,False,False,0.5,0.0558,0.5
18,USO,low,-2.9622,9912.78,-0.87,3.31,-4.18,-6.287,-3.834,43,0.326,0.95,0.0384,0.3215,False,False,0.5,0.0558,0.5
18,XBI,low,-1.5724,9973.12,-0.27,-1.11,0.84,-5.975,-4.875,40,0.4,0.35,0.0246,0.3215,False,False,0.5,0.0558,0.5
18,XLE,low,-1.1846,9980.95,-0.19,4.85,-5.04,-1.523,-1.588,41,0.512,0.69,0.0363,0.3215,False,False,0.5,0.0558,0.5
19,AAPL,low,-0.1764,9946.86,-0.53,9.93,-10.46,-5.659,-4.177,41,0.512,0.82,0.0276,0.3208,False,False,0.4774,0.0416,0.5
19,ARKK,low,-2.5315,9927.94,-0.72,5.19,-5.91,-3.518,-2.66,41,0.561,1.15,0.0391,0.3208,False,False,0.4774,0.0416,0.5
19,GLD,low,-1.1546,9991.52,-0.08,-1.33,1.24,-4.238,-3.127,39,0.41,0.11,0.0103,0.3208,False,False,0.4774,0.0416,0.5
19,IWM,low,-0.503,9991.7,-0.08,2.11,-2.19,-3.302,-2.771,39,0.59,0.15,0.0186,0.3208,False,False,0.4774,0.0416,0.5
19,KRE,low,-2.1506,9961.86,-0.38,-3.44,3.06,-10.816,-9.574,40,0.4,0.46,0.0273,0.3208,False,False,0.4774,0.0416,0.5
19,NFLX,low,-0.9998,9916.92,-0.83,-9.76,8.93,-11.93,-8.768,41,0.317,0.86,0.0397,0.3208,False,False,0.4774,0.0416,0.5
19,NVDA,low,0.1686,9995.94,-0.04,10.09,-10.13,-0.766,-0.75,40,0.475,0.35,0.034,0.3208,False,False,0.4774,0.0416,0.5
19,PYPL,low,-0.808,10005.58,0.06,-0.29,0.35,0.541,0.59,40,0.475,0.4,0.0178,0.3208,False,False,0.4774,0.0416,0.5
19,QQQ,low,-2.0814,9984.56,-0.15,0.83,-0.99,-4.768,-4.573,40,0.4,0.23,0.0265,0.3208,False,False,0.4774,0.0416,0.5
19,SPY,low,-1.7341,9991.07,-0.09,-2.6,2.51,-4.282,-3.53,39,0.487,0.15,0.0138,0.3208,False,False,0.4774,0.0416,0.5
19,UNG,low,-5.0746,9936.55,-0.63,15.99,-16.62,-2.619,-2.042,40,0.4,1.43,0.0407,0.3208,False,False,0.4774,0.0416,0.5
19,USO,low,0.509,9949.79,-0.5,11.83,-12.34,-5.462,-3.819,41,0.488,0.69,0.0392,0.3208,False,False,0.4774,0.0416,0.5
19,XBI,low,-0.3344,9949.85,-0.5,-7.27,6.77,-7.607,-5.429,41,0.512,0.71,0.0444,0.3208,False,False,0.4774,0.0416,0.5
19,XLE,low,-0.3149,9986.71,-0.13,-7.44,7.31,-3.83,-4.205,41,0.415,0.17,0.0312,0.3208,False,False,0.4774,0.0416,0.5
20,AAPL,low,0.2305,9981.12,-0.19,9.5,-9.69,-6.58,-5.949,39,0.308,0.22,0.0156,0.3202,False,False,0.2518,0.0873,0.4973
20,ARKK,low,-3.5399,9888.38,-1.12,4.96,-6.07,-11.083,-8.294,42,0.381,1.34,0.0421,0.3202,False,False,0.2518,0.0873,0.4973
20,GLD,low,-2.4946,9975.22,-0.25,0.91,-1.16,-8.438,-4.944,40,0.375,0.26,0.0191,0.3202,False,False,0.2518,0.0873,0.4973
20,IWM,low,-2.3404,9967.11,-0.33,-3.73,3.4,-5.003,-3.84,40,0.45,0.58,0.0283,0.3202,False,False,0.2518,0.0873,0.4973
20,KRE,low,0.5112,10023.21,0.23,4.82,-4.59,2.868,3.457,40,0.6,0.38,0.0188,0.3202,False,False,0.2518,0.0873,0.4973
20,NFLX,low,-4.6784,9952.18,-0.48,11.2,-11.68,-6.52,-5.053,41,0.39,0.69,0.0381,0.3202,False,False,0.2518,0.0873,0.4973
20,NVDA,low,0.7052,10150.62,1.51,-2.08,3.58,5.223,6.466,39,0.564,0.9,0.0342,0.3202,False,False,0.2518,0.0873,0.4973
20,PYPL,low,3.052,10085.73,0.86,22.49,-21.63,2.778,3.444,41,0.512,1.62,0.0364,0.3202,False,False,0.2518,0.0873,0.4973
20,QQQ,low,-2.2614,9986.95,-0.13,1.63,-1.76,-3.757,-3.609,40,0.4,0.4,0.0175,0.3202,False,False,0.2518,0.0873,0.4973
20,SPY,low,-0.501,9987.8,-0.12,5.08,-5.2,-2.178,-1.867,39,0.487,0.3,0.0149,0.3202,False,False,0.2518,0.0873,0.4973
20,UNG,low,-3.4782,9962.2,-0.38,10.61,-10.99,-4.16,-3.255,42,0.5,0.48,0.0467,0.3202,False,False,0.2518,0.0873,0.4973
20,USO,low,3.8135,10285.06,2.85,-6.75,9.6,7.343,15.272,41,0.585,0.63,0.0383,0.3202,False,False,0.2518,0.0873,0.4973
20,XBI,low,-3.1877,9969.59,-0.3,-5.61,5.31,-6.001,-5.178,40,0.475,0.47,0.0321,0.3202,False,False,0.2518,0.0873,0.4973
20,XLE,low,1.8281,9987.41,-0.13,9.92,-10.04,-0.76,-0.62,41,0.561,0.84,0.0366,0.3202,False,False,0.2518,0.0873,0.4973
21,AAPL,low,-0.6235,10001.18,0.01,-1.36,1.37,0.381,0.373,40,0.5,0.22,0.0237,0.3195,False,False,0.4246,0.0698,0.5
21,ARKK,low,-5.3904,9923.74,-0.76,-8.22,7.46,-2.81,-2.722,42,0.524,1.17,0.0324,0.3195,False,False,0.4246,0.0698,0.5
21,GLD,low,-2.2803,9983.01,-0.17,-0.38,0.21,-4.816,-2.846,39,0.385,0.27,0.0056,0.3195,False,False,0.4246,0.0698,0.5
21,IWM,low,0.8923,10011.81,0.12,-5.93,6.05,2.837,2.916,39,0.436,0.18,0.0206,0.3195,False,False,0.4246,0.0698,0.5
21,KRE,low,-2.644,9985.26,-0.15,6.66,-6.81,-4.656,-3.747,40,0.4,0.24,0.0271,0.3195,False,False,0.4246,0.0698,0.5
21,NFLX,low,1.656,9933.69,-0.66,23.61,-24.27,-10.269,-8.139,42,0.476,0.82,0.0402,0.3195,False,False,0.4246,0.0698,0.5
21,NVDA,low,-4.2631,9976.05,-0.24,11.44,-11.68,-2.406,-2.071,41,0.659,0.89,0.0291,0.3195,False,False,0.4246,0.0698,0.5
21,PYPL,low,-3.3975,9920.77,-0.79,-5.92,5.13,-5.714,-4.446,40,0.5,1.0,0.0318,0.3195,False,False,0.4246,0.0698,0.5
21,QQQ,low,-3.4015,9980.43,-0.2,-6.15,5.96,-5.652,-5.059,40,0.525,0.22,0.016,0.3195,False,False,0.4246,0.0698,0.5
21,SPY,low,-1.763,9985.53,-0.14,2.42,-2.56,-3.165,-3.27,40,0.5,0.33,0.0096,0.3195,False,False,0.4246,0.0698,0.5
21,UNG,low,4.9243,10079.54,0.8,32.38,-31.58,1.726,1.909,43,0.442,3.09,0.0376,0.3195,False,False,0.4246,0.0698,0.5
21,USO,low,2.3532,10147.97,1.48,6.99,-5.51,6.945,10.387,40,0.475,0.8,0.0223,0.3195,False,False,0.4246,0.0698,0.5
21,XBI,low,-0.9737,9959.22,-0.41,6.73,-7.14,-6.183,-5.002,41,0.512,0.61,0.0227,0.3195,False,False,0.4246,0.0698,0.5
21,XLE,low,-3.242,9918.14,-0.82,5.67,-6.49,-6.384,-3.902,40,0.5,1.01,0.039,0.3195,False,False,0.4246,0.0698,0.5
22,AAPL,low,-1.6095,9925.94,-0.74,-0.68,-0.06,-8.93,-5.596,43,0.419,0.77,0.0376,0.3189,False,False,0.4749,0.0409,0.5
22,ARKK,low,0.0615,9996.78,-0.03,7.64,-7.67,-0.496,-0.459,41,0.634,0.27,0.0257,0.3189,False,False,0.4749,0.0409,0.5
22,GLD,low,-1.7616,9984.91,-0.15,2.08,-2.23,-8.538,-5.865,39,0.359,0.16,0.0012,0.3189,False,False,0.4749,0.0409,0.5
22,IWM,low,-1.2421,9973.87,-0.26,-3.05,2.79,-8.31,-6.038,40,0.45,0.28,0.0196,0.3189,False,False,0.4749,0.0409,0.5
22,KRE,low,-1.5296,9965.69,-0.34,3.76,-4.1,-2.465,-1.624,40,0.6,1.03,0.0161,0.3189,False,False,0.4749,0.0409,0.5
22,NFLX,low,-1.7144,9991.01,-0.09,-2.04,1.95,-4.583,-4.058,41,0.439,0.13,0.0128,0.3189,False,False,0.4749,0.0409,0.5
22,NVDA,low,-0.5165,9911.17,-0.89,-8.38,7.5,-6.138,-5.117,41,0.512,1.36,0.037,0.3189,False,False,0.4749,0.0409,0.5
22,PYPL,low,-0.8363,9962.12,-0.38,8.19,-8.57,-7.78,-5.852,40,0.375,0.45,0.025,0.3189,False,False,0.4749,0.0409,0.5
22,QQQ,low,-0.488,9994.67,-0.05,3.55,-3.61,-3.358,-3.136,39,0.462,0.09,0.0053,0.3189,False,False,0.4749,0.0409,0.5
22,SPY,low,0.8939,10000.06,0.0,-8.89,8.89,0.023,0.024,40,0.45,0.12,0.0224,0.3189,False,False,0.4749,0.0409,0.5
22,UNG,low,1.8861,9950.77,-0.49,-11.19,10.69,-2.807,-1.662,43,0.535,0.94,0.0458,0.3189,False,False,0.4749,0.0409,0.5
22,USO,low,2.1863,10112.09,1.12,-5.27,6.39,5.995,6.702,40,0.6,0.66,0.0338,0.3189,False,False,0.4749,0.0409,0.5
22,XBI,low,-2.402,9988.63,-0.11,5.06,-5.18,-4.04,-3.561,40,0.525,0.18,0.0222,0.3189,False,False,0.4749,0.0409,0.5
22,XLE,low,-4.0041,10003.21,0.03,16.2,-16.17,0.305,0.278,40,0.525,0.53,0.0209,0.3189,False,False,0.4749,0.0409,0.5
23,AAPL,low,-0.738,9991.59,-0.08,-2.13,2.04,-0.496,-0.395,40,0.5,0.81,0.0268,0.3183,False,False,0.4707,0.0562,0.5
23,ARKK,low,0.6282,9968.94,-0.31,10.97,-11.28,-3.361,-2.447,40,0.35,0.57,0.0352,0.3183,False,False,0.4707,0.0562,0.5
23,GLD,low,-1.7142,10009.06,0.09,-0.29,0.38,2.153,2.816,38,0.447,0.22,0.0003,0.3183,False,False,0.4707,0.0562,0.5
23,IWM,low,-2.6632,9970.37,-0.3,0.86,-1.16,-8.994,-6.242,40,0.4,0.3,0.0193,0.3183,False,False,0.4707,0.0562,0.5
23,KRE,low,-1.9512,9982.65,-0.17,0.77,-0.95,-4.57,-4.214,40,0.325,0.3,0.0239,0.3183,False,False,0.4707,0.0562,0.5
23,NFLX,low,-0.2779,9974.49,-0.26,-4.94,4.69,-3.794,-3.484,41,0.512,0.46,0.0427,0.3183,False,False,0.4707,0.0562,0.5
23,NVDA,low,-0.7296,9979.45,-0.21,5.18,-5.38,-1.304,-1.099,40,0.6,0.77,0.022,0.3183,False,False,0.4707,0.0562,0.5
23,PYPL,low,1.7035,9939.65,-0.6,-18.04,17.44,-6.833,-5.682,42,0.333,0.71,0.0358,0.3183,False,False,0.4707,0.0562,0.5
23,QQQ,low,-2.5387,9988.72,-0.11,5.63,-5.75,-3.355,-2.222,39,0.462,0.18,0.0029,0.3183,False,False,0.4707,0.0562,0.5
23,SPY,low,-1.6346,9994.13,-0.06,1.2,-1.26,-0.952,-0.974,39,0.41,0.3,0.0213,0.3183,False,False,0.4707,0.0562,0.5
23,UNG,low,-1.1493,9979.78,-0.2,-1.13,0.93,-1.62,-1.511,42,0.452,0.85,0.0391,0.3183,False,False,0.4707,0.0562,0.5
23,USO,low,-2.1365,9899.59,-1.0,0.76,-1.76,-4.175,-2.583,41,0.512,1.42,0.0298,0.3183,False,False,0.4707,0.0562,0.5
23,XBI,low,-1.4821,9948.43,-0.52,-5.27,4.75,-6.18,-4.271,40,0.475,0.62,0.0166,0.3183,False,False,0.4707,0.0562,0.5
23,XLE,low,-1.4919,9998.27,-0.02,4.91,-4.93,-0.272,-0.181,41,0.463,0.24,0.0255,0.3183,False,False,0.4707,0.0562,0.5
24,AAPL,low,0.5761,10143.14,1.43,-5.77,7.2,5.426,5.04,40,0.525,0.9,0.0233,0.3176,False,False,0.366,0.1311,0.5
24,ARKK,low,-2.9891,9986.25,-0.14,-13.1,12.96,-0.737,-0.719,40,0.6,1.37,0.031,0.3176,False,False,0.366,0.1311,0.5
24,GLD,low,-2.8511,9958.67,-0.41,2.26,-2.68,-11.121,-7.135,41,0.341,0.41,0.0201,0.3176,False,False,0.366,0.1311,0.5
24,IWM,low,-2.2699,9999.58,-0.0,4.96,-4.96,-0.054,-0.052,39,0.487,0.26,0.0099,0.3176,False,False,0.366,0.1311,0.5
24,KRE,low,-2.3113,9976.15,-0.24,1.08,-1.32,-7.482,-6.374,39,0.385,0.37,0.0099,0.3176,False,False,0.366,0.1311,0.5
24,NFLX,low,-3.8439,9940.83,-0.59,6.06,-6.65,-11.429,-9.244,41,0.341,0.66,0.0264,0.3176,False,False,0.366,0.1311,0.5
24,NVDA,low,0.0746,9993.7,-0.06,6.86,-6.92,-1.246,-1.183,41,0.488,0.35,0.0329,0.3176,False,False,0.366,0.1311,0.5
24,PYPL,low,-5.6506,9955.97,-0.44,-18.01,17.57,-7.819,-5.125,39,0.487,0.57,0.0257,0.3176,False,False,0.366,0.1311,0.5
24,QQQ,low,-0.9754,9975.96,-0.24,1.41,-1.65,-3.856,-2.732,40,0.375,0.49,0.0181,0.3176,False,False,0.366,0.1311,0.5
24,SPY,low,-2.4362,9992.35,-0.08,-3.33,3.25,-2.091,-1.996,39,0.487,0.25,0.0057,0.3176,False,False,0.366,0.1311,0.5
24,UNG,low,-1.7923,9904.55,-0.95,3.01,-3.97,-5.415,-3.51,41,0.439,1.26,0.0294,0.3176,False,False,0.366,0.1311,0.5
24,USO,low,-0.193,9959.35,-0.41,7.41,-7.82,-7.743,-4.917,40,0.475,0.44,0.028,0.3176,False,False,0.366,0.1311,0.5
24,XBI,low,-2.8571,9895.97,-1.04,3.27,-4.31,-7.347,-5.076,42,0.405,1.09,0.0377,0.3176,False,False,0.366,0.1311,0.5
24,XLE,low,2.3354,10071.03,0.71,-13.39,14.1,7.381,9.022,40,0.475,0.32,0.0374,0.3176,False,False,0.366,0.1311,0.5
25,AAPL,low,1.7924,10194.91,1.95,2.72,-0.77,8.712,9.826,40,0.6,0.63,0.0195,0.317,False,False,0.3933,0.0503,0.4967
25,ARKK,low,-3.6751,9977.85,-0.22,-8.79,8.57,-5.015,-4.491,39,0.308,0.36,0.0242,0.317,False,False,0.3933,0.0503,0.4967
25,GLD,low,-1.713,9974.95,-0.25,-1.51,1.26,-6.917,-4.108,41,0.439,0.29,0.0127,0.317,False,False,0.3933,0.0503,0.4967
25,IWM,low,-1.9314,9961.58,-0.38,2.78,-3.16,-2.85,-2.471,40,0.5,0.59,0.0197,0.317,False,False,0.3933,0.0503,0.4967
25,KRE,low,0.3064,9997.42,-0.03,-7.43,7.4,-0.241,-0.261,40,0.55,0.58,0.0238,0.317,False,False,0.3933,0.0503,0.4967
25,NFLX,low,-3.5222,9979.62,-0.2,9.27,-9.47,-2.821,-2.548,41,0.366,0.46,0.0297,0.317,False,False,0.3933,0.0503,0.4967
25,NVDA,low,-3.0204,9951.22,-0.49,-5.38,4.89,-6.424,-3.902,40,0.375,0.6,0.0226,0.317,False,False,0.3933,0.0503,0.4967
25,PYPL,low,-2.4095,9982.98,-0.17,3.96,-4.13,-2.469,-2.421,41,0.415,0.34,0.0345,0.317,False,False,0.3933,0.0503,0.4967
25,QQQ,low,-3.2712,9975.39,-0.25,-4.7,4.46,-11.567,-9.717,40,0.425,0.29,0.0254,0.317,False,False,0.3933,0.0503,0.4967
25,SPY,low,-0.7104,9986.32,-0.14,-2.7,2.56,-2.562,-2.322,39,0.487,0.43,0.0071,0.317,False,False,0.3933,0.0503,0.4967
25,UNG,low,-6.7891,9884.7,-1.15,12.55,-13.7,-9.558,-5.296,41,0.439,1.26,0.0494,0.317,False,False,0.3933,0.0503,0.4967
25,USO,low,0.3446,10257.27,2.57,4.22,-1.65,4.814,5.537,41,0.561,1.31,0.0442,0.317,False,False,0.3933,0.0503,0.4967
25,XBI,low,-2.1459,9945.49,-0.55,3.67,-4.22,-7.622,-4.489,40,0.45,0.69,0.0306,0.317,False,False,0.3933,0.0503,0.4967
25,XLE,low,-2.7935,9956.34,-0.44,-0.01,-0.43,-10.094,-9.478,40,0.325,0.49,0.0143,0.317,False,False,0.3933,0.0503,0.4967
26,AAPL,low,-2.6389,9976.68,-0.23,-5.44,5.2,-1.9,-1.571,40,0.425,0.58,0.0224,0.3164,False,False,0.3854,0.1098,0.5
26,ARKK,low,-0.0979,9961.43,-0.39,10.29,-10.67,-4.545,-3.729,42,0.429,0.7,0.0428,0.3164,False,False,0.3854,0.1098,0.5
26,GLD,low,-1.2621,9988.34,-0.12,1.64,-1.76,-8.538,-6.578,40,0.425,0.17,0.0021,0.3164,False,False,0.3854,0.1098,0.5
26,IWM,low,-3.2151,9973.27,-0.27,5.6,-5.87,-8.101,-6.116,40,0.35,0.3,0.0144,0.3164,False,False,0.3854,0.1098,0.5
26,KRE,low,-2.3389,9969.0,-0.31,2.43,-2.74,-2.546,-2.69,40,0.475,0.58,0.0276,0.3164,False,False,0.3854,0.1098,0.5
26,NFLX,low,-1.7395,9904.44,-0.96,-0.69,-0.27,-3.883,-2.446,40,0.575,1.32,0.0378,0.3164,False,False,0.3854,0.1098,0.5
26,NVDA,low,-2.9775,10236.51,2.37,24.86,-22.5,7.193,8.902,41,0.61,1.16,0.0395,0.3164,False,False,0.3854,0.1098,0.5
26,PYPL,low,-2.3974,9974.2,-0.26,1.73,-1.98,-7.37,-5.755,39,0.333,0.31,0.0225,0.3164,False,False,0.3854,0.1098,0.5
26,QQQ,low,-0.9816,9962.83,-0.37,-4.51,4.14,-5.517,-6.035,41,0.488,0.45,0.0424,0.3164,False,False,0.3854,0.1098,0.5
26,SPY,low,-2.0847,9992.05,-0.08,1.52,-1.6,-3.269,-3.508,39,0.462,0.15,0.0018,0.3164,False,False,0.3854,0.1098,0.5
26,UNG,low,-0.8224,9982.08,-0.18,3.28,-3.46,-1.571,-1.632,41,0.512,0.72,0.0433,0.3164,False,False,0.3854,0.1098,0.5
26,USO,low,-0.2102,9954.38,-0.46,14.06,-14.52,-2.758,-1.977,41,0.39,1.04,0.018,0.3164,False,False,0.3854,0.1098,0.5
26,XBI,low,-2.0607,9964.6,-0.35,2.47,-2.82,-1.84,-1.897,41,0.39,1.43,0.0378,0.3164,False,False,0.3854,0.1098,0.5
26,XLE,low,-5.2684,9973.19,-0.27,17.43,-17.7,-6.03,-4.69,41,0.512,0.37,0.0355,0.3164,False,False,0.3854,0.1098,0.5
27,AAPL,low,-1.5801,9965.85,-0.34,-4.25,3.91,-4.659,-5.403,40,0.425,0.54,0.0164,0.3157,False,False,0.4811,0.113,0.5
27,ARKK,low,1.076,10024.75,0.25,-7.29,7.54,0.89,0.663,40,0.55,0.99,0.0384,0.3157,False,False,0.4811,0.113,0.5
27,GLD,low,-2.2222,9975.62,-0.24,1.66,-1.9,-3.189,-1.946,40,0.475,0.48,0.0111,0.3157,False,False,0.4811,0.113,0.5
27,IWM,low,-1.926,9967.82,-0.32,2.4,-2.73,-6.208,-4.46,40,0.4,0.43,0.0114,0.3157,False,False,0.4811,0.113,0.5
27,KRE,low,-2.6231,9987.02,-0.13,1.42,-1.55,-1.584,-1.466,40,0.475,0.62,0.0197,0.3157,False,False,0.4811,0.113,0.5
27,NFLX,low,-3.1832,9968.63,-0.31,3.22,-3.53,-7.55,-7.21,40,0.475,0.35,0.0275,0.3157,False,False,0.4811,0.113,0.5
27,NVDA,low,-1.7531,9929.37,-0.71,3.81,-4.51,-5.607,-4.264,41,0.415,0.77,0.0218,0.3157,False,False,0.4811,0.113,0.5
27,PYPL,low,1.246,10025.37,0.25,-2.65,2.91,2.3,2.174,40,0.575,0.42,0.0132,0.3157,False,False,0.4811,0.113,0.5
27,QQQ,low,-3.0962,9982.54,-0.17,0.78,-0.95,-3.955,-3.434,40,0.4,0.22,0.0028,0.3157,False,False,0.4811,0.113,0.5
27,SPY,low,-2.2651,9986.91,-0.13,-2.41,2.28,-2.236,-1.951,39,0.513,0.25,0.0017,0.3157,False,False,0.4811,0.113,0.5
27,UNG,low,5.2726,9972.34,-0.28,-27.33,27.05,-0.713,-0.459,43,0.488,1.65,0.0453,0.3157,False,False,0.4811,0.113,0.5
27,USO,low,1.5053,10221.85,2.22,-0.64,2.86,7.995,9.308,40,0.525,0.59,0.0303,0.3157,False,False,0.4811,0.113,0.5
27,XBI,low,-4.8171,9970.13,-0.3,-12.92,12.63,-7.055,-5.827,40,0.5,0.39,0.0256,0.3157,False,False,0.4811,0.113,0.5
27,XLE,low,-1.1578,9966.85,-0.33,8.33,-8.66,-2.647,-2.266,41,0.512,0.97,0.0158,0.3157,False,False,0.4811,0.113,0.5
28,AAPL,low,-1.797,9991.54,-0.08,-2.04,1.96,-2.481,-2.469,41,0.463,0.17,0.0127,0.3151,False,False,0.4716,0.0575,0.5
28,ARKK,low,-1.3442,9960.12,-0.4,0.88,-1.28,-5.356,-3.801,41,0.463,0.56,0.0364,0.3151,False,False,0.4716,0.0575,0.5
28,GLD,low,-2.933,9973.44,-0.27,5.52,-5.78,-5.764,-3.488,40,0.4,0.31,0.0183,0.3151,False,False,0.4716,0.0575,0.5
28,IWM,low,-0.6904,9978.7,-0.21,3.25,-3.46,-6.426,-4.801,40,0.4,0.39,0.0173,0.3151,False,False,0.4716,0.0575,0.5
28,KRE,low,-0.4229,9967.15,-0.33,-5.15,4.82,-7.453,-5.791,40,0.425,0.44,0.0169,0.3151,False,False,0.4716,0.0575,0.5
28,NFLX,low,0.2179,10088.77,0.89,-4.39,5.27,8.232,7.583,41,0.634,0.31,0.0427,0.3151,False,False,0.4716,0.0575,0.5
28,NVDA,low,-0.3638,9954.68,-0.45,-8.39,7.93,-7.503,-6.329,41,0.439,0.52,0.029,0.3151,False,False,0.4716,0.0575,0.5
28,PYPL,low,-6.0671,9939.25,-0.61,13.09,-13.7,-7.283,-5.616,41,0.463,0.64,0.0287,0.3151,False,False,0.4716,0.0575,0.5
28,QQQ,low,-0.7689,10072.72,0.73,-4.36,5.08,3.651,3.589,39,0.667,0.66,0.0209,0.3151,False,False,0.4716,0.0575,0.5
28,SPY,low,-1.355,9982.93,-0.17,-1.05,0.87,-3.507,-3.188,39,0.564,0.43,0.0178,0.3151,False,False,0.4716,0.0575,0.5
28,UNG,low,6.0034,10373.02,3.73,-18.84,22.57,7.435,10.456,41,0.585,1.96,0.0426,0.3151,False,False,0.4716,0.0575,0.5
28,USO,low,-1.7495,9959.17,-0.41,2.35,-2.76,-4.843,-4.328,41,0.561,0.57,0.0331,0.3151,False,False,0.4716,0.0575,0.5
28,XBI,low,-2.927,9947.45,-0.53,1.02,-1.55,-6.343,-5.071,40,0.5,0.6,0.0182,0.3151,False,False,0.4716,0.0575,0.5
28,XLE,low,-4.6237,9943.57,-0.56,6.81,-7.37,-8.493,-7.328,40,0.325,0.65,0.0145,0.3151,False,False,0.4716,0.0575,0.5
29,AAPL,low,-1.9687,9988.83,-0.11,3.05,-3.16,-1.94,-1.952,39,0.59,0.19,0.0107,0.3145,False,False,0.4793,0.0644,0.5
29,ARKK,low,-1.5611,9961.67,-0.38,3.74,-4.12,-4.875,-4.352,41,0.39,0.96,0.0337,0.3145,False,False,0.4793,0.0644,0.5
29,GLD,low,-1.4631,9995.62,-0.04,1.67,-1.71,-0.904,-1.349,39,0.359,0.23,0.0058,0.3145,False,False,0.4793,0.0644,0.5
29,IWM,low,-1.7214,9981.26,-0.19,2.94,-3.13,-2.93,-2.058,40,0.55,0.61,0.0139,0.3145,False,False,0.4793,0.0644,0.5
29,KRE,low,-0.9452,9986.02,-0.14,2.25,-2.39,-3.782,-3.427,40,0.475,0.2,0.0268,0.3145,False,False,0.4793,0.0644,0.5
29,NFLX,low,-1.8008,10019.61,0.2,7.43,-7.23,1.039,1.026,40,0.575,0.86,0.0254,0.3145,False,False,0.4793,0.0644,0.5
29,NVDA,low,-2.9235,9958.18,-0.42,-2.7,2.29,-2.62,-2.35,41,0.39,1.22,0.0338,0.3145,False,False,0.4793,0.0644,0.5
29,PYPL,low,-1.3149,9973.53,-0.26,1.76,-2.03,-2.838,-2.824,40,0.5,0.62,0.0267,0.3145,False,False,0.4793,0.0644,0.5
29,QQQ,low,0.0238,9992.37,-0.08,-4.52,4.44,-2.157,-1.826,40,0.55,0.21,0.0243,0.3145,False,False,0.4793,0.0644,0.5
29,SPY,low,-2.0572,9988.76,-0.11,0.08,-0.2,-7.358,-6.953,40,0.325,0.16,0.0031,0.3145,False,False,0.4793,0.0644,0.5
29,UNG,low,4.8544,9831.37,-1.69,-31.51,29.82,-3.5,-1.969,43,0.512,2.52,0.0473,0.3145,False,False,0.4793,0.0644,0.5
29,USO,low,-3.0046,9976.91,-0.23,5.32,-5.55,-1.396,-1.537,42,0.452,1.22,0.0453,0.3145,False,False,0.4793,0.0644,0.5
29,XBI,low,-1.0307,10043.25,0.43,-3.38,3.81,3.272,3.108,40,0.55,0.55,0.0225,0.3145,False,False,0.4793,0.0644,0.5
29,XLE,low,-2.8551,10013.79,0.14,3.52,-3.38,1.3,1.367,39,0.436,0.72,0.0195,0.3145,False,False,0.4793,0.0644,0.5
30,AAPL,low,-1.5627,9973.76,-0.26,3.17,-3.43,-14.786,-11.319,40,0.325,0.29,0.0114,0.3138,False,False,0.255,0.0488,0.4943
30,ARKK,low,-2.786,9971.59,-0.28,-2.06,1.77,-4.601,-3.562,40,0.425,0.44,0.0193,0.3138,False,False,0.255,0.0488,0.4943
30,GLD,low,-2.4732,9970.78,-0.29,0.14,-0.44,-11.966,-8.191,39,0.487,0.31,0.0114,0.3138,False,False,0.255,0.0488,0.4943
30,IWM,low,-1.8597,9979.6,-0.2,-1.99,1.79,-7.952,-7.56,39,0.359,0.25,0.0226,0.3138,False,False,0.255,0.0488,0.4943
30,KRE,low,-1.0813,9979.37,-0.21,-3.77,3.57,-7.312,-5.761,40,0.5,0.22,0.0167,0.3138,False,False,0.255,0.0488,0.4943
30,NFLX,low,-1.3385,9957.74,-0.42,-4.63,4.21,-3.019,-3.165,40,0.45,0.58,0.0324,0.3138,False,False,0.255,0.0488,0.4943
30,NVDA,low,-1.452,9947.46,-0.53,3.28,-3.81,-6.641,-4.112,40,0.525,0.66,0.0261,0.3138,False,False,0.255,0.0488,0.4943
30,PYPL,low,0.591,10023.59,0.24,4.22,-3.98,1.554,1.652,40,0.525,0.99,0.024,0.3138,False,False,0.255,0.0488,0.4943
30,QQQ,low,-3.5729,9975.13,-0.25,-7.65,7.41,-1.877,-1.651,39,0.538,0.55,0.0186,0.3138,False,False,0.255,0.0488,0.4943
30,SPY,low,-2.2413,10003.91,0.04,-5.38,5.42,1.113,1.091,40,0.475,0.11,0.0198,0.3138,False,False,0.255,0.0488,0.4943
30,UNG,low,1.9341,10000.27,0.0,21.4,-21.39,0.06,0.048,42,0.571,1.99,0.0468,0.3138,False,False,0.255,0.0488,0.4943
30,USO,low,-3.1184,9974.59,-0.25,-8.3,8.05,-6.091,-4.442,42,0.405,0.39,0.0378,0.3138,False,False,0.255,0.0488,0.4943
30,XBI,low,-3.1348,9965.1,-0.35,4.54,-4.89,-10.187,-8.476,40,0.375,0.35,0.0337,0.3138,False,False,0.255,0.0488,0.4943
30,XLE,low,0.5017,10149.15,1.49,-6.21,7.7,7.382,9.07,40,0.575,0.73,0.0304,0.3138,False,False,0.255,0.0488,0.4943
31,AAPL,low,-1.898,9958.91,-0.41,-0.77,0.36,-2.971,-2.49,41,0.463,0.94,0.0276,0.3132,False,False,0.4238,0.09,0.5
31,ARKK,low,-1.3323,9971.3,-0.29,1.62,-1.91,-2.97,-2.792,40,0.4,0.63,0.0238,0.3132,False,False,0.4238,0.09,0.5
31,GLD,low,-2.2937,9967.4,-0.33,1.38,-1.71,-11.217,-7.527,40,0.3,0.38,0.0144,0.3132,False,False,0.4238,0.09,0.5
31,IWM,low,-2.2544,9998.06,-0.02,-3.26,3.24,-0.366,-0.456,40,0.425,0.22,0.0257,0.3132,False,False,0.4238,0.09,0.5
31,KRE,low,0.1169,9997.04,-0.03,-5.76,5.73,-0.604,-0.555,41,0.39,0.2,0.0235,0.3132,False,False,0.4238,0.09,0.5
31,NFLX,low,-0.7756,9919.52,-0.8,-10.86,10.06,-11.759,-9.19,41,0.439,0.95,0.0452,0.3132,False,False,0.4238,0.09,0.5
31,NVDA,low,8.4392,9843.75,-1.56,-76.73,75.17,-5.219,-3.009,41,0.415,1.63,0.0401,0.3132,False,False,0.4238,0.09,0.5
31,PYPL,low,-1.1965,9972.54,-0.27,4.33,-4.61,-4.958,-3.097,40,0.55,0.32,0.0222,0.3132,False,False,0.4238,0.09,0.5
31,QQQ,low,-1.2701,9995.71,-0.04,2.55,-2.6,-1.603,-1.982,40,0.325,0.13,0.0084,0.3132,False,False,0.4238,0.09,0.5
31,SPY,low,-1.8143,9994.33,-0.06,1.3,-1.35,-5.779,-6.214,40,0.325,0.07,0.0052,0.3132,False,False,0.4238,0.09,0.5
31,UNG,low,2.2856,10003.15,0.03,27.25,-27.22,0.204,0.265,40,0.5,0.95,0.0386,0.3132,False,False,0.4238,0.09,0.5
31,USO,low,-1.7159,10034.15,0.34,4.93,-4.59,3.103,3.996,41,0.585,0.47,0.0402,0.3132,False,False,0.4238,0.09,0.5
31,XBI,low,1.0022,10297.89,2.98,-8.75,11.73,7.375,8.214,41,0.561,1.15,0.0379,0.3132,False,False,0.4238,0.09,0.5
31,XLE,low,-1.8231,9960.02,-0.4,0.74,-1.14,-6.473,-4.53,40,0.5,0.56,0.0272,0.3132,False,False,0.4238,0.09,0.5
32,AAPL,low,2.3289,10073.88,0.74,2.93,-2.19,9.683,11.494,39,0.59,0.26,0.012,0.3126,False,False,0.5,0.1084,0.5
32,ARKK,low,-3.0081,10001.11,0.01,-7.13,7.15,0.128,0.128,41,0.439,0.56,0.0383,0.3126,False,False,0.5,0.1084,0.5
32,GLD,low,-0.8539,10005.48,0.05,0.33,-0.28,0.741,0.711,39,0.59,0.47,0.0111,0.3126,False,False,0.5,0.1084,0.5
32,IWM,low,1.9628,10192.97,1.93,3.01,-1.08,7.326,15.588,40,0.55,0.5,0.0231,0.3126,False,False,0.5,0.1084,0.5
32,KRE,low,-2.9536,9960.49,-0.4,-4.63,4.23,-5.091,-3.248,39,0.667,0.45,0.0335,0.3126,False,False,0.5,0.1084,0.5
32,NFLX,low,-0.0587,9989.17,-0.11,9.57,-9.68,-3.946,-3.201,40,0.425,0.2,0.0197,0.3126,False,False,0.5,0.1084,0.5
32,NVDA,low,-0.0203,9996.54,-0.03,-3.31,3.27,-0.395,-0.454,40,0.375,0.38,0.027,0.3126,False,False,0.5,0.1084,0.5
32,PYPL,low,-1.6485,9983.53,-0.16,-6.95,6.79,-1.035,-0.791,41,0.488,0.78,0.0355,0.3126,False,False,0.5,0.1084,0.5
32,QQQ,low,0.5416,9971.62,-0.28,-11.22,10.94,-8.453,-6.847,40,0.325,0.31,0.0337,0.3126,False,False,0.5,0.1084,0.5
32,SPY,low,-1.9511,9977.57,-0.22,1.97,-2.19,-5.522,-3.569,40,0.4,0.31,0.018,0.3126,False,False,0.5,0.1084,0.5
32,UNG,low,0.0103,9965.04,-0.35,5.69,-6.04,-1.901,-2.218,41,0.463,1.08,0.0463,0.3126,False,False,0.5,0.1084,0.5
32,USO,low,-0.2826,9952.61,-0.47,9.22,-9.69,-12.998,-8.687,41,0.268,0.51,0.0341,0.3126,False,False,0.5,0.1084,0.5
32,XBI,low,-1.4798,9984.8,-0.15,-0.8,0.64,-0.625,-0.582,42,0.571,1.4,0.0395,0.3126,False,False,0.5,0.1084,0.5
32,XLE,low,-3.6753,9946.71,-0.53,6.2,-6.73,-8.105,-7.16,41,0.39,0.57,0.0438,0.3126,False,False,0.5,0.1084,0.5
33,AAPL,low,-1.9457,9926.32,-0.74,1.19,-1.92,-9.543,-6.761,41,0.366,0.76,0.0378,0.312,False,False,0.3793,0.0277,0.5
33,ARKK,low,0.2467,10018.89,0.19,-3.1,3.29,1.655,1.95,40,0.375,0.8,0.0229,0.312,False,False,0.3793,0.0277,0.5
33,GLD,low,-1.0362,9975.69,-0.24,4.67,-4.91,-6.582,-4.605,39,0.333,0.26,0.0127,0.312,False,False,0.3793,0.0277,0.5
33,IWM,low,-1.266,9982.62,-0.17,-0.69,0.51,-6.813,-5.359,40,0.4,0.22,0.0279,0.312,False,False,0.3793,0.0277,0.5
33,KRE,low,-0.7245,9986.69,-0.13,2.3,-2.43,-2.998,-2.195,40,0.4,0.26,0.0219,0.312,False,False,0.3793,0.0277,0.5
33,NFLX,low,3.0491,10131.91,1.32,5.83,-4.51,6.842,6.345,40,0.675,0.92,0.0389,0.312,False,False,0.3793,0.0277,0.5
33,NVDA,low,-2.4423,9980.77,-0.19,3.47,-3.66,-1.316,-1.404,42,0.524,1.0,0.0351,0.312,False,False,0.3793,0.0277,0.5
33,PYPL,low,-4.6838,9966.74,-0.33,-12.38,12.05,-10.04,-7.153,40,0.275,0.34,0.0348,0.312,False,False,0.3793,0.0277,0.5
33,QQQ,low,-0.8278,9992.5,-0.08,1.28,-1.36,-1.222,-1.166,39,0.385,0.36,0.0204,0.312,False,False,0.3793,0.0277,0.5
33,SPY,low,-2.9248,10000.68,0.01,3.16,-3.15,0.073,0.093,41,0.366,0.65,0.027,0.312,False,False,0.3793,0.0277,0.5
33,UNG,low,-1.5263,10001.54,0.02,-2.56,2.57,0.095,0.087,42,0.595,1.12,0.0429,0.312,False,False,0.3793,0.0277,0.5
33,USO,low,-0.3834,9948.93,-0.51,-5.8,5.29,-4.328,-2.568,43,0.419,0.63,0.0436,0.312,False,False,0.3793,0.0277,0.5
33,XBI,low,-3.563,9947.99,-0.52,-5.29,4.77,-7.155,-4.384,39,0.436,0.61,0.0273,0.312,False,False,0.3793,0.0277,0.5
33,XLE,low,-3.1872,9964.62,-0.35,4.36,-4.72,-5.044,-4.48,40,0.45,0.42,0.0285,0.312,False,False,0.3793,0.0277,0.5
34,AAPL,low,-3.4705,9960.62,-0.39,5.39,-5.78,-6.447,-5.184,40,0.4,0.51,0.0271,0.3113,False,False,0.4464,0.0728,0.5
34,ARKK,low,1.5848,9988.97,-0.11,-14.56,14.45,-2.754,-2.511,40,0.4,0.29,0.0378,0.3113,False,False,0.4464,0.0728,0.5
34,GLD,low,-2.2906,9991.72,-0.08,-1.26,1.18,-1.814,-2.528,39,0.462,0.23,0.0165,0.3113,False,False,0.4464,0.0728,0.5
34,IWM,low,-1.0478,10018.2,0.18,-4.9,5.08,1.236,1.513,41,0.585,0.82,0.0295,0.3113,False,False,0.4464,0.0728,0.5
34,KRE,low,-0.6426,9974.32,-0.26,4.29,-4.55,-5.04,-4.207,40,0.325,0.34,0.0324,0.3113,False,False,0.4464,0.0728,0.5
34,NFLX,low,-6.2228,9936.14,-0.64,15.95,-16.59,-10.349,-7.379,41,0.341,0.65,0.0396,0.3113,False,False,0.4464,0.0728,0.5
34,NVDA,low,-5.7188,9918.96,-0.81,13.55,-14.36,-7.559,-6.186,42,0.333,0.97,0.0415,0.3113,False,False,0.4464,0.0728,0.5
34,PYPL,low,-2.9729,9920.32,-0.8,-3.28,2.48,-6.317,-5.996,41,0.39,0.84,0.0368,0.3113,False,False,0.4464,0.0728,0.5
34,QQQ,low,-0.2386,9986.48,-0.14,-7.15,7.01,-3.962,-4.347,40,0.375,0.24,0.0353,0.3113,False,False,0.4464,0.0728,0.5
34,SPY,low,-1.523,9984.58,-0.15,1.75,-1.9,-5.172,-4.829,39,0.385,0.17,0.0197,0.3113,False,False,0.4464,0.0728,0.5
34,UNG,low,-9.947,9958.09,-0.42,55.2,-55.62,-1.98,-1.62,43,0.512,1.46,0.0546,0.3113,False,False,0.4464,0.0728,0.5
34,USO,low,-1.6486,9928.08,-0.72,5.17,-5.89,-6.232,-3.561,40,0.525,0.82,0.0435,0.3113,False,False,0.4464,0.0728,0.5
34,XBI,low,-0.407,9953.63,-0.46,9.11,-9.58,-6.207,-4.985,41,0.561,0.55,0.0381,0.3113,False,False,0.4464,0.0728,0.5
34,XLE,low,0.2634,10036.31,0.36,0.58,-0.21,6.417,6.27,41,0.634,0.29,0.029,0.3113,False,False,0.4464,0.0728,0.5
35,AAPL,low,-2.9276,9983.59,-0.16,-4.84,4.68,-1.683,-1.564,40,0.5,0.6,0.0217,0.3107,False,False,0.3223,0.0635,0.5
35,ARKK,low,-1.0452,9955.21,-0.45,5.37,-5.82,-5.95,-5.258,41,0.39,0.48,0.0329,0.3107,False,False,0.3223,0.0635,0.5
35,GLD,low,-2.8257,9985.16,-0.15,5.05,-5.2,-8.01,-5.757,39,0.333,0.19,0.0143,0.3107,False,False,0.3223,0.0635,0.5
35,IWM,low,-1.6996,9987.07,-0.13,0.1,-0.22,-6.681,-6.026,39,0.333,0.16,0.0141,0.3107,False,False,0.3223,0.0635,0.5
35,KRE,low,-1.1567,9969.55,-0.3,3.98,-4.29,-4.496,-4.567,40,0.45,0.45,0.0199,0.3107,False,False,0.3223,0.0635,0.5
35,NFLX,low,1.3196,9960.26,-0.4,-15.87,15.47,-3.4,-3.571,40,0.5,0.54,0.0314,0.3107,False,False,0.3223,0.0635,0.5
35,NVDA,low,7.4805,9973.85,-0.26,-73.47,73.21,-3.565,-3.409,40,0.375,0.46,0.0327,0.3107,False,False,0.3223,0.0635,0.5
35,PYPL,low,-4.5288,9997.15,-0.03,16.14,-16.16,-0.276,-0.312,41,0.561,0.38,0.0326,0.3107,False,False,0.3223,0.0635,0.5
35,QQQ,low,-3.2054,9977.83,-0.22,3.69,-3.91,-14.336,-9.258,40,0.45,0.22,0.0086,0.3107,False,False,0.3223,0.0635,0.5
35,SPY,low,-1.4432,9989.24,-0.11,0.59,-0.7,-6.789,-5.648,39,0.41,0.11,0.0108,0.3107,False,False,0.3223,0.0635,0.5
35,UNG,low,-5.4522,9908.9,-0.91,-14.29,13.37,-11.83,-7.666,41,0.463,0.93,0.0508,0.3107,False,False,0.3223,0.0635,0.5
35,USO,low,-4.3747,9965.02,-0.35,-11.18,10.83,-5.017,-3.811,41,0.39,0.71,0.0354,0.3107,False,False,0.3223,0.0635,0.5
35,XBI,low,-0.7433,9965.32,-0.35,3.99,-4.33,-4.423,-3.444,41,0.39,0.56,0.0348,0.3107,False,False,0.3223,0.0635,0.5
35,XLE,low,-1.6823,9963.51,-0.36,-2.82,2.45,-11.364,-9.829,42,0.429,0.38,0.0385,0.3107,False,False,0.3223,0.0635,0.5
36,AAPL,low,-3.447,9982.3,-0.18,10.64,-10.82,-4.628,-4.035,40,0.4,0.25,0.0281,0.3101,False,False,0.4851,0.0638,0.5
36,ARKK,low,0.1757,9983.22,-0.17,8.59,-8.76,-1.744,-1.122,41,0.512,0.58,0.0377,0.3101,False,False,0.4851,0.0638,0.5
36,GLD,low,-0.1435,9995.84,-0.04,-4.14,4.1,-1.804,-1.451,37,0.459,0.11,0.0152,0.3101,False,False,0.4851,0.0638,0.5
36,IWM,low,-1.9087,9978.68,-0.21,-1.71,1.49,-7.75,-6.03,40,0.45,0.23,0.0299,0.3101,False,False,0.4851,0.0638,0.5
36,KRE,low,-2.0833,9949.78,-0.5,3.27,-3.78,-5.144,-5.627,40,0.325,0.67,0.0265,0.3101,False,False,0.4851,0.0638,0.5
36,NFLX,low,6.534,9993.85,-0.06,-35.77,35.71,-1.095,-1.125,42,0.333,0.36,0.036,0.3101,False,False,0.4851,0.0638,0.5
36,NVDA,low,-3.3465,9933.39,-0.67,-4.63,3.96,-6.041,-4.571,43,0.419,0.7,0.05,0.3101,False,False,0.4851,0.0638,0.5
36,PYPL,low,-2.314,9943.76,-0.56,-1.57,1.01,-7.366,-6.065,41,0.366,0.63,0.0417,0.3101,False,False,0.4851,0.0638,0.5
36,QQQ,low,-3.1143,10027.84,0.28,6.75,-6.48,2.198,3.546,40,0.35,0.5,0.0214,0.3101,False,False,0.4851,0.0638,0.5
36,SPY,low,-0.2812,9995.48,-0.05,-3.51,3.47,-3.065,-3.0,40,0.425,0.13,0.0161,0.3101,False,False,0.4851,0.0638,0.5
36,UNG,low,1.9092,10334.6,3.35,-1.52,4.87,6.981,8.838,41,0.659,1.46,0.0334,0.3101,False,False,0.4851,0.0638,0.5
36,USO,low,-3.931,9976.13,-0.24,-8.91,8.67,-0.767,-0.654,40,0.4,1.76,0.0414,0.3101,False,False,0.4851,0.0638,0.5
36,XBI,low,-2.4306,9973.55,-0.26,-1.92,1.66,-2.953,-2.48,40,0.4,0.72,0.0334,0.3101,False,False,0.4851,0.0638,0.5
36,XLE,low,1.0063,10002.28,0.02,10.29,-10.26,0.339,0.338,41,0.439,0.48,0.0456,0.3101,False,False,0.4851,0.0638,0.5
37,AAPL,low,1.2058,10040.76,0.41,9.33,-8.92,2.532,2.804,39,0.513,0.57,0.0391,0.3095,False,False,0.42,0.038,0.5
37,ARKK,low,2.7718,9978.83,-0.21,25.94,-26.15,-4.257,-3.837,41,0.39,0.47,0.043,0.3095,False,False,0.42,0.038,0.5
37,GLD,low,-1.1806,9992.15,-0.08,-0.94,0.86,-4.954,-4.622,38,0.474,0.12,0.0216,0.3095,False,False,0.42,0.038,0.5
37,IWM,low,-1.9868,9990.67,-0.09,4.64,-4.74,-2.493,-1.982,40,0.5,0.19,0.0253,0.3095,False,False,0.42,0.038,0.5
37,KRE,low,-1.0736,9980.26,-0.2,-0.18,-0.01,-5.914,-4.792,40,0.425,0.31,0.032,0.3095,False,False,0.42,0.038,0.5
37,NFLX,low,-1.1777,9969.25,-0.31,-2.98,2.67,-2.337,-2.204,40,0.55,0.69,0.041,0.3095,False,False,0.42,0.038,0.5
37,NVDA,low,-1.036,9962.25,-0.38,-5.95,5.57,-6.034,-4.929,41,0.415,0.41,0.0418,0.3095,False,False,0.42,0.038,0.5
37,PYPL,low,-2.8978,9978.85,-0.21,-6.93,6.72,-6.085,-4.404,40,0.45,0.26,0.0294,0.3095,False,False,0.42,0.038,0.5
37,QQQ,low,-1.4167,9998.0,-0.02,1.14,-1.16,-1.435,-1.674,39,0.462,0.06,0.0224,0.3095,False,False,0.42,0.038,0.5
37,SPY,low,-2.1458,9994.34,-0.06,-0.29,0.24,-3.811,-3.968,39,0.385,0.11,0.0225,0.3095,False,False,0.42,0.038,0.5
37,UNG,low,-0.7501,9860.32,-1.4,-6.84,5.45,-8.888,-5.152,43,0.488,1.57,0.0616,0.3095,False,False,0.42,0.038,0.5
37,USO,low,-0.3122,9905.4,-0.95,6.45,-7.39,-4.839,-2.941,41,0.463,1.27,0.0507,0.3095,False,False,0.42,0.038,0.5
37,XBI,low,-0.5791,9965.23,-0.35,-1.33,0.98,-1.72,-1.606,42,0.571,1.37,0.0453,0.3095,False,False,0.42,0.038,0.5
37,XLE,low,-3.2324,9949.36,-0.51,3.49,-4.0,-11.525,-7.648,41,0.268,0.56,0.0289,0.3095,False,False,0.42,0.038,0.5
38,AAPL,low,-2.9186,9985.15,-0.15,-7.09,6.94,-5.13,-4.262,40,0.45,0.29,0.0299,0.3089,False,False,0.4298,0.0418,0.5
38,ARKK,low,-4.5971,9934.55,-0.65,12.18,-12.84,-5.362,-3.565,41,0.415,0.87,0.0397,0.3089,False,False,0.4298,0.0418,0.5
38,GLD,low,1.618,10042.0,0.42,1.89,-1.47,8.647,11.424,40,0.6,0.11,0.0143,0.3089,False,False,0.4298,0.0418,0.5
38,IWM,low,-0.5475,9991.7,-0.08,3.7,-3.79,-4.979,-4.76,40,0.425,0.13,0.0195,0.3089,False,False,0.4298,0.0418,0.5
38,KRE,low,-3.5546,9964.18,-0.36,-1.79,1.43,-6.215,-5.675,40,0.4,0.5,0.0277,0.3089,False,False,0.4298,0.0418,0.5
38,NFLX,low,-1.6983,10029.5,0.3,3.33,-3.04,1.901,1.926,39,0.59,0.65,0.0322,0.3089,False,False,0.4298,0.0418,0.5
38,NVDA,low,-1.3229,9921.48,-0.79,6.68,-7.46,-11.33,-7.654,41,0.39,0.9,0.0357,0.3089,False,False,0.4298,0.0418,0.5
38,PYPL,low,-3.5584,9939.62,-0.6,-1.21,0.6,-8.956,-6.367,42,0.452,0.62,0.0444,0.3089,False,False,0.4298,0.0418,0.5
38,QQQ,low,-1.8675,9971.44,-0.29,-3.13,2.84,-14.973,-12.564,39,0.436,0.29,0.0284,0.3089,False,False,0.4298,0.0418,0.5
38,SPY,low,-2.4093,9977.51,-0.22,2.42,-2.65,-6.877,-5.483,40,0.55,0.24,0.0219,0.3089,False,False,0.4298,0.0418,0.5
38,UNG,low,-4.9502,10081.55,0.82,-20.81,21.62,1.709,1.775,42,0.571,1.67,0.0512,0.3089,False,False,0.4298,0.0418,0.5
38,USO,low,-2.681,9920.12,-0.8,-3.62,2.82,-9.774,-6.918,42,0.476,1.04,0.0468,0.3089,False,False,0.4298,0.0418,0.5
38,XBI,low,-0.4912,10050.75,0.51,-2.91,3.41,3.158,3.081,40,0.575,0.69,0.0441,0.3089,False,False,0.4298,0.0418,0.5
38,XLE,low,0.4593,10161.7,1.62,-1.45,3.07,6.582,8.674,39,0.564,0.91,0.0375,0.3089,False,False,0.4298,0.0418,0.5
39,AAPL,low,-1.0526,9965.51,-0.34,7.67,-8.01,-12.798,-8.841,39,0.436,0.35,0.0226,0.3082,False,False,0.5,0.0608,0.5
39,ARKK,low,-8.6548,9961.61,-0.38,35.15,-35.53,-2.615,-2.029,42,0.476,0.88,0.046,0.3082,False,False,0.5,0.0608,0.5
39,GLD,low,-2.2348,9991.23,-0.09,-2.31,2.22,-3.34,-3.73,39,0.359,0.18,0.0167,0.3082,False,False,0.5,0.0608,0.5
39,IWM,low,-1.2681,9979.57,-0.2,-1.86,1.66,-1.653,-1.348,39,0.538,0.61,0.0311,0.3082,False,False,0.5,0.0608,0.5
39,KRE,low,-1.6664,9973.93,-0.26,-4.0,3.74,-5.629,-5.297,40,0.425,0.43,0.0287,0.3082,False,False,0.5,0.0608,0.5
39,NFLX,low,-1.7483,9968.87,-0.31,-1.53,1.22,-3.866,-3.249,40,0.475,0.46,0.0303,0.3082,False,False,0.5,0.0608,0.5
39,NVDA,low,-2.5691,9966.06,-0.34,4.57,-4.91,-3.982,-3.386,40,0.425,0.69,0.0346,0.3082,False,False,0.5,0.0608,0.5
39,PYPL,low,-1.2342,9968.56,-0.31,-2.83,2.51,-7.729,-6.73,40,0.35,0.37,0.0316,0.3082,False,False,0.5,0.0608,0.5
39,QQQ,low,-1.4115,9993.74,-0.06,1.04,-1.11,-3.754,-3.244,39,0.333,0.09,0.0145,0.3082,False,False,0.5,0.0608,0.5
39,SPY,low,-1.3608,10000.26,0.0,2.03,-2.03,0.057,0.06,39,0.487,0.24,0.0163,0.3082,False,False,0.5,0.0608,0.5
39,UNG,low,-7.338,10807.94,8.08,-36.25,44.33,9.398,17.554,41,0.463,2.51,0.0469,0.3082,False,False,0.5,0.0608,0.5
39,USO,low,-1.3712,9984.34,-0.16,6.38,-6.53,-0.53,-0.66,40,0.5,1.87,0.0407,0.3082,False,False,0.5,0.0608,0.5
39,XBI,low,-2.6816,9938.75,-0.61,-4.88,4.27,-3.497,-3.025,41,0.512,1.03,0.0465,0.3082,False,False,0.5,0.0608,0.5
39,XLE,low,-3.0786,9896.69,-1.03,5.63,-6.66,-4.99,-2.77,40,0.525,1.22,0.0296,0.3082,False,False,0.5,0.0608,0.5
40,AAPL,low,-1.2585,9978.42,-0.22,-5.15,4.94,-2.027,-2.526,40,0.45,0.74,0.0204,0.3076,False,False,0.4453,0.0885,0.5
40,ARKK,low,-0.0664,9960.42,-0.4,6.38,-6.78,-4.662,-3.67,41,0.415,0.86,0.0389,0.3076,False,False,0.4453,0.0885,0.5
40,GLD,low,-1.6477,10002.63,0.03,2.06,-2.03,0.489,0.602,40,0.475,0.35,0.0092,0.3076,False,False,0.4453,0.0885,0.5
40,IWM,low,-2.4057,9986.98,-0.13,3.39,-3.52,-2.436,-2.175,41,0.488,0.21,0.0204,0.3076,False,False,0.4453,0.0885,0.5
40,KRE,low,-1.322,9980.07,-0.2,-2.49,2.29,-7.977,-5.827,40,0.55,0.27,0.0215,0.3076,False,False,0.4453,0.0885,0.5
40,NFLX,low,-0.4783,9989.67,-0.1,-4.87,4.77,-4.341,-3.406,40,0.425,0.13,0.02,0.3076,False,False,0.4453,0.0885,0.5
40,NVDA,low,-1.0143,9954.63,-0.45,4.2,-4.65,-4.874,-3.529,40,0.5,0.67,0.0398,0.3076,False,False,0.4453,0.0885,0.5
40,PYPL,low,-2.6809,9994.85,-0.05,-5.6,5.55,-0.428,-0.329,40,0.575,0.67,0.0287,0.3076,False,False,0.4453,0.0885,0.5
40,QQQ,low,0.964,10004.05,0.04,-7.55,7.59,0.755,0.589,41,0.512,0.34,0.0262,0.3076,False,False,0.4453,0.0885,0.5
40,SPY,low,-2.3805,9991.83,-0.08,3.57,-3.65,-7.563,-5.809,39,0.359,0.09,0.0058,0.3076,False,False,0.4453,0.0885,0.5
40,UNG,low,0.1555,9969.51,-0.3,-7.71,7.4,-5.141,-3.719,42,0.524,0.42,0.0436,0.3076,False,False,0.4453,0.0885,0.5
40,USO,low,-0.7106,9965.64,-0.34,8.2,-8.55,-2.786,-2.602,40,0.4,1.15,0.0286,0.3076,False,False,0.4453,0.0885,0.5
40,XBI,low,-2.0494,9967.62,-0.32,-2.21,1.89,-4.581,-2.943,41,0.463,0.5,0.0253,0.3076,False,False,0.4453,0.0885,0.5
40,XLE,low,-3.2508,9986.89,-0.13,-7.74,7.61,-2.02,-1.776,40,0.4,0.37,0.0299,0.3076,False,False,0.4453,0.0885,0.5
41,AAPL,low,-2.2699,9970.09,-0.3,-0.44,0.14,-6.431,-4.471,39,0.564,0.39,0.0084,0.307,False,False,0.4895,0.0728,0.5
41,ARKK,low,-0.522,9981.54,-0.18,7.2,-7.38,-3.995,-3.502,40,0.4,0.29,0.021,0.307,False,False,0.4895,0.0728,0.5
41,GLD,low,-0.5688,10001.02,0.01,5.08,-5.07,0.227,0.28,37,0.541,0.17,0.0059,0.307,False,False,0.4895,0.0728,0.5
41,IWM,low,-0.9048,9981.73,-0.18,-3.15,2.97,-6.372,-5.322,38,0.474,0.27,0.0178,0.307,False,False,0.4895,0.0728,0.5
41,KRE,low,-1.8331,9965.15,-0.35,0.0,-0.35,-9.999,-8.131,41,0.366,0.36,0.0302,0.307,False,False,0.4895,0.0728,0.5
41,NFLX,low,-2.7305,9921.77,-0.78,3.15,-3.94,-3.899,-2.728,41,0.537,0.94,0.0404,0.307,False,False,0.4895,0.0728,0.5
41,NVDA,low,4.3893,10164.94,1.65,-4.78,6.43,5.515,5.089,40,0.55,1.34,0.0341,0.307,False,False,0.4895,0.0728,0.5
41,PYPL,low,-1.3775,9958.88,-0.41,5.43,-5.84,-9.588,-8.853,40,0.325,0.44,0.0237,0.307,False,False,0.4895,0.0728,0.5
41,QQQ,low,-0.685,10038.35,0.38,6.48,-6.1,8.536,10.333,39,0.487,0.1,0.0095,0.307,False,False,0.4895,0.0728,0.5
41,SPY,low,-1.8025,9983.04,-0.17,-2.92,2.75,-1.587,-1.2,40,0.5,0.59,0.0364,0.307,False,False,0.4895,0.0728,0.5
41,UNG,low,1.0478,9909.92,-0.9,22.63,-23.53,-16.944,-11.457,42,0.381,0.92,0.0494,0.307,False,False,0.4895,0.0728,0.5
41,USO,low,-0.3634,9951.15,-0.49,8.04,-8.53,-6.985,-4.345,41,0.415,0.53,0.0372,0.307,False,False,0.4895,0.0728,0.5
41,XBI,low,-4.2959,9961.58,-0.38,10.65,-11.03,-6.348,-4.475,41,0.39,0.54,0.025,0.307,False,False,0.4895,0.0728,0.5
41,XLE,low,-1.6629,9992.32,-0.08,-0.1,0.03,-3.19,-3.038,39,0.462,0.15,0.0133,0.307,False,False,0.4895,0.0728,0.5
42,AAPL,low,-3.405,9976.68,-0.23,-8.78,8.55,-4.81,-4.244,40,0.475,0.46,0.0229,0.3064,False,False,0.342,0.0822,0.5
42,ARKK,low,2.237,10123.57,1.24,7.99,-6.76,3.984,5.012,40,0.525,1.38,0.0312,0.3064,False,False,0.342,0.0822,0.5
42,GLD,low,-2.7649,9991.72,-0.08,3.22,-3.31,-1.373,-1.387,39,0.462,0.33,0.0062,0.3064,False,False,0.342,0.0822,0.5
42,IWM,low,-2.1869,9984.27,-0.16,-2.46,2.3,-3.455,-2.858,39,0.487,0.38,0.0048,0.3064,False,False,0.342,0.0822,0.5
42,KRE,low,-1.7101,9965.5,-0.34,-2.71,2.36,-10.942,-8.928,39,0.333,0.38,0.0138,0.3064,False,False,0.342,0.0822,0.5
42,NFLX,low,-0.4543,9983.9,-0.16,-3.27,3.11,-1.909,-1.612,41,0.512,0.56,0.0242,0.3064,False,False,0.342,0.0822,0.5
42,NVDA,low,0.3282,10082.18,0.82,1.06,-0.24,4.59,5.578,40,0.475,0.52,0.0195,0.3064,False,False,0.342,0.0822,0.5
42,PYPL,low,-2.1106,9951.87,-0.48,-2.99,2.5,-6.06,-4.762,41,0.366,0.57,0.0331,0.3064,False,False,0.342,0.0822,0.5
42,QQQ,low,1.4441,10029.57,0.3,-2.79,3.09,2.546,2.792,40,0.6,0.57,0.0169,0.3064,False,False,0.342,0.0822,0.5
42,SPY,low,-1.9773,9998.32,-0.02,2.96,-2.98,-0.288,-0.284,39,0.462,0.24,0.011,0.3064,False,False,0.342,0.0822,0.5
42,UNG,low,4.8658,10333.26,3.33,-20.62,23.95,6.035,10.662,41,0.512,1.88,0.0391,0.3064,False,False,0.342,0.0822,0.5
42,USO,low,-1.6424,9905.79,-0.94,10.49,-11.43,-5.863,-4.989,40,0.525,1.15,0.031,0.3064,False,False,0.342,0.0822,0.5
42,XBI,low,-2.9267,9948.23,-0.52,-1.77,1.25,-8.908,-5.799,41,0.537,0.59,0.0385,0.3064,False,False,0.342,0.0822,0.5
42,XLE,low,-2.2347,9939.36,-0.61,-0.37,-0.23,-6.254,-4.5,41,0.415,0.75,0.0386,0.3064,False,False,0.342,0.0822,0.5
43,AAPL,low,-1.2692,9971.13,-0.29,-4.1,3.81,-1.41,-1.05,41,0.415,1.27,0.0255,0.3058,False,False,0.4785,0.1217,0.5
43,ARKK,low,-2.1295,9940.53,-0.59,-5.02,4.43,-3.603,-3.822,40,0.425,1.28,0.027,0.3058,False,False,0.4785,0.1217,0.5
43,GLD,low,-2.132,10013.85,0.14,-4.96,5.1,2.44,5.23,38,0.421,0.14,0.0021,0.3058,False,False,0.4785,0.1217,0.5
43,IWM,low,-1.5297,9984.93,-0.15,0.25,-0.4,-4.943,-5.179,40,0.375,0.15,0.0115,0.3058,False,False,0.4785,0.1217,0.5
43,KRE,low,-3.2507,9974.01,-0.26,-5.79,5.53,-5.857,-4.411,41,0.512,0.31,0.0301,0.3058,False,False,0.4785,0.1217,0.5
43,NFLX,low,-4.5466,9991.53,-0.08,-12.86,12.77,-1.456,-1.381,40,0.425,0.35,0.0284,0.3058,False,False,0.4785,0.1217,0.5
43,NVDA,low,-1.5019,9969.13,-0.31,3.51,-3.82,-9.373,-9.64,40,0.375,0.41,0.0334,0.3058,False,False,0.4785,0.1217,0.5
43,PYPL,low,-3.1048,10116.16,1.16,-12.73,13.89,2.156,2.031,40,0.475,2.48,0.0358,0.3058,False,False,0.4785,0.1217,0.5
43,QQQ,low,-0.8542,9975.5,-0.25,2.53,-2.78,-1.471,-1.759,39,0.462,0.65,0.0228,0.3058,False,False,0.4785,0.1217,0.5
43,SPY,low,-3.764,9972.67,-0.27,5.79,-6.06,-3.563,-3.413,40,0.4,0.54,0.0159,0.3058,False,False,0.4785,0.1217,0.5
43,UNG,low,-0.8309,9959.04,-0.41,-0.7,0.29,-2.856,-2.33,42,0.571,0.82,0.0382,0.3058,False,False,0.4785,0.1217,0.5
43,USO,low,-2.9663,9986.07,-0.14,-6.42,6.28,-2.109,-2.306,41,0.39,0.26,0.0357,0.3058,False,False,0.4785,0.1217,0.5
43,XBI,low,-0.8418,9972.14,-0.28,4.25,-4.53,-5.618,-4.917,41,0.366,0.44,0.0226,0.3058,False,False,0.4785,0.1217,0.5
43,XLE,low,-2.6627,9976.36,-0.24,0.96,-1.2,-3.007,-2.605,40,0.4,0.53,0.0163,0.3058,False,False,0.4785,0.1217,0.5
44,AAPL,low,-0.7004,10071.86,0.72,2.51,-1.79,4.607,6.012,39,0.462,0.53,0.0046,0.3052,False,False,0.4888,0.0476,0.5
44,ARKK,low,-1.9374,9964.94,-0.35,0.34,-0.69,-3.677,-3.372,40,0.475,0.51,0.0203,0.3052,False,False,0.4888,0.0476,0.5
44,GLD,low,-2.0926,9988.71,-0.11,0.85,-0.96,-7.671,-7.764,39,0.179,0.13,-0.0015,0.3052,False,False,0.4888,0.0476,0.5
44,IWM,low,-1.463,9962.85,-0.37,3.77,-4.14,-5.73,-5.232,39,0.41,0.43,0.0205,0.3052,False,False,0.4888,0.0476,0.5
44,KRE,low,-0.5424,9998.36,-0.02,-1.11,1.09,-0.433,-0.387,41,0.415,0.23,0.0151,0.3052,False,False,0.4888,0.0476,0.5
44,NFLX,low,-2.9809,9954.23,-0.46,2.76,-3.21,-9.584,-6.819,40,0.425,0.47,0.0246,0.3052,False,False,0.4888,0.0476,0.5
44,NVDA,low,-1.0828,9977.9,-0.22,3.84,-4.06,-0.999,-1.048,41,0.537,1.01,0.0342,0.3052,False,False,0.4888,0.0476,0.5
44,PYPL,low,4.1622,10101.1,1.01,-17.03,18.04,4.339,4.406,39,0.564,0.98,0.0299,0.3052,False,False,0.4888,0.0476,0.5
44,QQQ,low,0.9498,9977.25,-0.23,-10.71,10.48,-3.606,-2.267,39,0.436,0.31,0.0207,0.3052,False,False,0.4888,0.0476,0.5
44,SPY,low,-2.7094,9983.88,-0.16,0.77,-0.93,-12.311,-9.915,39,0.333,0.16,-0.0052,0.3052,False,False,0.4888,0.0476,0.5
44,UNG,low,-4.6748,9915.71,-0.84,17.48,-18.32,-3.318,-2.294,41,0.488,1.5,0.0322,0.3052,False,False,0.4888,0.0476,0.5
44,USO,low,-1.2266,9919.54,-0.8,-4.13,3.33,-7.547,-5.597,40,0.425,1.51,0.0337,0.3052,False,False,0.4888,0.0476,0.5
44,XBI,low,1.0813,9964.83,-0.35,-15.35,15.0,-4.205,-3.709,42,0.381,0.74,0.0323,0.3052,False,False,0.4888,0.0476,0.5
44,XLE,low,-1.2133,9958.46,-0.42,6.1,-6.51,-5.952,-5.268,40,0.4,0.6,0.0298,0.3052,False,False,0.4888,0.0476,0.5
45,AAPL,low,-0.5381,10019.2,0.19,2.27,-2.08,1.987,1.701,40,0.525,0.27,0.0041,0.3046,False,False,0.3917,0.0869,0.5
45,ARKK,low,0.3055,10040.9,0.41,-2.54,2.95,2.186,2.23,40,0.6,0.86,0.0243,0.3046,False,False,0.3917,0.0869,0.5
45,GLD,low,-1.7752,9977.09,-0.23,-0.95,0.73,-5.218,-3.158,40,0.45,0.27,0.0038,0.3046,False,False,0.3917,0.0869,0.5
45,IWM,low,-0.7922,9990.75,-0.09,2.19,-2.28,-5.02,-4.782,39,0.385,0.16,0.0049,0.3046,False,False,0.3917,0.0869,0.5
45,KRE,low,-0.5505,10033.63,0.34,-0.72,1.06,2.57,3.077,40,0.525,0.8,0.0175,0.3046,False,False,0.3917,0.0869,0.5
45,NFLX,low,3.3147,10123.43,1.23,1.46,-0.23,7.908,8.978,40,0.65,0.74,0.0108,0.3046,False,False,0.3917,0.0869,0.5
45,NVDA,low,7.3804,9677.2,-3.23,43.01,-46.24,-3.007,-1.648,39,0.641,5.34,0.0318,0.3046,False,False,0.3917,0.0869,0.5
45,PYPL,low,1.7115,9990.22,-0.1,6.15,-6.25,-0.743,-0.634,40,0.525,0.8,0.0224,0.3046,False,False,0.3917,0.0869,0.5
45,QQQ,low,-3.7351,9968.52,-0.31,8.65,-8.96,-8.676,-6.732,40,0.375,0.32,0.0251,0.3046,False,False,0.3917,0.0869,0.5
45,SPY,low,-2.0988,9982.31,-0.18,-0.13,-0.05,-7.091,-5.39,40,0.375,0.21,0.0026,0.3046,False,False,0.3917,0.0869,0.5
45,UNG,low,-1.909,9968.86,-0.31,-2.86,2.55,-0.69,-0.599,44,0.523,2.29,0.0403,0.3046,False,False,0.3917,0.0869,0.5
45,USO,low,-2.9094,9959.09,-0.41,3.17,-3.57,-7.024,-4.612,40,0.55,0.6,0.0315,0.3046,False,False,0.3917,0.0869,0.5
45,XBI,low,-4.2523,9905.04,-0.95,2.53,-3.48,-6.279,-3.978,42,0.405,0.96,0.0407,0.3046,False,False,0.3917,0.0869,0.5
45,XLE,low,-1.5593,9975.66,-0.24,-1.39,1.14,-6.808,-5.407,40,0.525,0.27,0.0213,0.3046,False,False,0.3917,0.0869,0.5
46,AAPL,low,-49.2941,8945.81,-10.54,-76.59,66.05,-4.965,-2.881,42,0.5,10.92,0.0323,0.3039,False,False,0.4845,0.1255,0.5
46,ARKK,low,-0.4113,9994.43,-0.06,-8.35,8.29,-0.302,-0.323,40,0.525,0.92,0.0218,0.3039,False,False,0.4845,0.1255,0.5
46,GLD,low,-2.6569,9982.8,-0.17,0.34,-0.51,-3.934,-3.512,40,0.3,0.24,0.0046,0.3039,False,False,0.4845,0.1255,0.5
46,IWM,low,0.196,9974.27,-0.26,7.9,-8.16,-3.404,-2.177,40,0.45,0.46,0.0263,0.3039,False,False,0.4845,0.1255,0.5
46,KRE,low,-1.0759,9961.34,-0.39,7.05,-7.44,-5.13,-5.124,41,0.415,0.56,0.0192,0.3039,False,False,0.4845,0.1255,0.5
46,NFLX,low,-0.8033,9980.88,-0.19,5.14,-5.33,-6.661,-5.612,40,0.35,0.2,0.0226,0.3039,False,False,0.4845,0.1255,0.5
46,NVDA,low,-3.6421,9938.81,-0.61,-10.08,9.47,-8.909,-6.811,41,0.415,0.79,0.0355,0.3039,False,False,0.4845,0.1255,0.5
46,PYPL,low,-1.7724,9980.54,-0.19,2.92,-3.12,-1.402,-1.396,40,0.55,0.5,0.0167,0.3039,False,False,0.4845,0.1255,0.5
46,QQQ,low,-3.454,9978.63,-0.21,9.14,-9.35,-6.128,-3.954,40,0.475,0.21,0.0078,0.3039,False,False,0.4845,0.1255,0.5
46,SPY,low,-1.9702,9992.73,-0.07,1.3,-1.37,-2.136,-2.09,39,0.462,0.18,0.0003,0.3039,False,False,0.4845,0.1255,0.5
46,UNG,low,-4.8119,9940.85,-0.59,14.54,-15.13,-2.207,-1.745,43,0.442,1.95,0.038,0.3039,False,False,0.4845,0.1255,0.5
46,USO,low,-3.4519,10180.6,1.81,18.3,-16.5,7.358,11.234,40,0.55,0.72,0.0225,0.3039,False,False,0.4845,0.1255,0.5
46,XBI,low,-1.9911,9972.97,-0.27,0.63,-0.9,-7.524,-6.02,40,0.45,0.45,0.0249,0.3039,False,False,0.4845,0.1255,0.5
46,XLE,low,-0.9714,9962.32,-0.38,-4.17,3.79,-6.224,-5.542,40,0.525,0.72,0.0267,0.3039,False,False,0.4845,0.1255,0.5
47,AAPL,low,-0.473,9947.8,-0.52,8.84,-9.36,-5.866,-4.377,41,0.537,0.55,0.0182,0.3033,False,False,0.5,0.171,0.5
47,ARKK,low,0.4229,9948.06,-0.52,9.43,-9.95,-5.155,-3.527,43,0.488,0.65,0.0394,0.3033,False,False,0.5,0.171,0.5
47,GLD,low,-1.7693,9984.18,-0.16,1.61,-1.77,-5.625,-3.665,39,0.308,0.2,0.0101,0.3033,False,False,0.5,0.171,0.5
47,IWM,low,-1.1097,9978.15,-0.22,-2.95,2.73,-7.453,-5.927,40,0.425,0.23,0.0184,0.3033,False,False,0.5,0.171,0.5
47,KRE,low,-3.1532,9968.25,-0.32,5.21,-5.53,-2.549,-2.672,40,0.375,0.9,0.0199,0.3033,False,False,0.5,0.171,0.5
47,NFLX,low,0.2971,9983.82,-0.16,8.15,-8.32,-2.713,-2.268,41,0.439,0.27,0.0297,0.3033,False,False,0.5,0.171,0.5
47,NVDA,low,-0.4764,9933.43,-0.67,-7.77,7.1,-5.466,-4.703,44,0.341,0.67,0.044,0.3033,False,False,0.5,0.171,0.5
47,PYPL,low,-1.2131,9984.59,-0.15,-2.04,1.89,-3.548,-3.126,41,0.439,0.25,0.0259,0.3033,False,False,0.5,0.171,0.5
47,QQQ,low,-2.0799,9981.76,-0.18,1.18,-1.36,-4.52,-4.762,39,0.487,0.3,0.0099,0.3033,False,False,0.5,0.171,0.5
47,SPY,low,-1.27,9995.39,-0.05,3.96,-4.01,-0.768,-0.765,39,0.359,0.38,0.0066,0.3033,False,False,0.5,0.171,0.5
47,UNG,low,-2.2035,9927.05,-0.73,-3.12,2.39,-3.955,-3.227,43,0.512,1.29,0.0478,0.3033,False,False,0.5,0.171,0.5
47,USO,low,-0.8388,9958.26,-0.42,-1.98,1.56,-3.076,-1.933,41,0.463,0.77,0.0398,0.3033,False,False,0.5,0.171,0.5
47,XBI,low,-2.5181,10070.84,0.71,-8.87,9.57,2.595,2.727,41,0.585,0.92,0.0255,0.3033,False,False,0.5,0.171,0.5
47,XLE,low,-2.8859,9980.67,-0.19,-7.05,6.86,-4.06,-3.685,41,0.537,0.29,0.0204,0.3033,False,False,0.5,0.171,0.5
48,AAPL,low,-0.8731,9989.35,-0.11,-5.94,5.84,-0.836,-0.951,40,0.45,0.62,0.0178,0.3027,False,False,0.4982,0.1326,0.5
48,ARKK,low,-3.1819,9965.48,-0.35,6.78,-7.13,-5.431,-3.681,39,0.436,0.49,0.0216,0.3027,False,False,0.4982,0.1326,0.5
48,GLD,low,-1.6442,9991.57,-0.08,-1.43,1.34,-5.513,-4.378,39,0.359,0.12,-0.0003,0.3027,False,False,0.4982,0.1326,0.5
48,IWM,low,-0.4986,9982.71,-0.17,-5.93,5.76,-5.371,-4.504,39,0.333,0.23,0.0205,0.3027,False,False,0.4982,0.1326,0.5
48,KRE,low,0.9308,10033.65,0.34,-1.42,1.75,2.03,1.956,40,0.5,1.07,0.015,0.3027,False,False,0.4982,0.1326,0.5
48,NFLX,low,-1.9798,9987.82,-0.12,-2.22,2.1,-4.834,-4.672,40,0.4,0.12,0.013,0.3027,False,False,0.4982,0.1326,0.5
48,NVDA,low,4.6971,10094.81,0.95,15.79,-14.85,2.401,2.703,41,0.512,1.76,0.0386,0.3027,False,False,0.4982,0.1326,0.5
48,PYPL,low,-0.9309,9967.74,-0.32,3.45,-3.77,-6.072,-5.666,41,0.439,0.53,0.0391,0.3027,False,False,0.4982,0.1326,0.5
48,QQQ,low,-1.1909,9986.0,-0.14,-2.97,2.83,-6.763,-6.422,40,0.55,0.18,0.0112,0.3027,False,False,0.4982,0.1326,0.5
48,SPY,low,-1.8603,9992.08,-0.08,2.93,-3.01,-5.249,-4.684,39,0.436,0.1,0.0136,0.3027,False,False,0.4982,0.1326,0.5
48,UNG,low,-4.0616,9860.25,-1.4,-12.49,11.09,-4.203,-2.745,42,0.429,2.23,0.0401,0.3027,False,False,0.4982,0.1326,0.5
48,USO,low,1.5887,10042.82,0.43,-3.51,3.94,1.898,1.46,40,0.55,1.35,0.0331,0.3027,False,False,0.4982,0.1326,0.5
48,XBI,low,-0.1287,9982.06,-0.18,7.22,-7.4,-3.924,-2.966,40,0.525,0.33,0.026,0.3027,False,False,0.4982,0.1326,0.5
48,XLE,low,-0.5563,9959.09,-0.41,4.1,-4.51,-1.628,-1.136,41,0.659,1.55,0.0343,0.3027,False,False,0.4982,0.1326,0.5
49,AAPL,low,-0.2713,9990.51,-0.09,-4.85,4.76,-3.036,-2.918,39,0.333,0.19,0.0152,0.3021,False,False,0.4741,0.1119,0.5
49,ARKK,low,-2.1078,9988.5,-0.11,4.4,-4.52,-1.25,-0.948,42,0.5,0.37,0.0403,0.3021,False,False,0.4741,0.1119,0.5
49,GLD,low,-2.642,9970.1,-0.3,0.92,-1.22,-9.655,-7.402,40,0.35,0.3,0.0206,0.3021,False,False,0.4741,0.1119,0.5
49,IWM,low,-1.8843,9964.24,-0.36,1.3,-1.66,-6.253,-5.526,39,0.564,0.47,0.0124,0.3021,False,False,0.4741,0.1119,0.5
49,KRE,low,-1.056,9969.68,-0.3,-6.82,6.52,-5.252,-3.809,40,0.475,0.32,0.0202,0.3021,False,False,0.4741,0.1119,0.5
49,NFLX,low,-0.7123,9956.69,-0.43,7.58,-8.01,-7.977,-6.577,40,0.325,0.44,0.026,0.3021,False,False,0.4741,0.1119,0.5
49,NVDA,low,-1.7629,9968.74,-0.31,3.81,-4.13,-3.236,-2.944,40,0.425,0.54,0.0238,0.3021,False,False,0.4741,0.1119,0.5
49,PYPL,low,-4.5217,9986.26,-0.14,15.78,-15.91,-2.574,-2.208,40,0.4,0.47,0.0206,0.3021,False,False,0.4741,0.1119,0.5
49,QQQ,low,0.6924,10005.49,0.05,1.19,-1.13,0.834,0.521,39,0.59,0.38,0.0077,0.3021,False,False,0.4741,0.1119,0.5
49,SPY,low,-4.4174,9947.54,-0.52,-2.39,1.86,-10.392,-7.182,40,0.45,0.61,0.0081,0.3021,False,False,0.4741,0.1119,0.5
49,UNG,low,4.3266,10043.3,0.43,-30.76,31.2,1.477,2.006,43,0.465,0.89,0.0388,0.3021,False,False,0.4741,0.1119,0.5
49,USO,low,-1.3098,9992.22,-0.08,2.27,-2.35,-1.458,-1.47,40,0.5,0.17,0.03,0.3021,False,False,0.4741,0.1119,0.5
49,XBI,low,3.4673,10098.37,0.98,8.93,-7.94,7.264,6.679,41,0.634,0.43,0.0309,0.3021,False,False,0.4741,0.1119,0.5
49,XLE,low,-1.993,9962.85,-0.37,1.82,-2.19,-9.09,-6.362,40,0.45,0.42,0.0357,0.3021,False,False,0.4741,0.1119,0.5
50,AAPL,low,0.8489,10014.58,0.15,-2.08,2.22,1.062,1.126,40,0.55,0.64,0.0208,0.3015,False,False,0.4462,0.0454,0.5
50,ARKK,low,1.6964,10005.21,0.05,-11.1,11.15,0.344,0.28,41,0.341,1.13,0.0361,0.3015,False,False,0.4462,0.0454,0.5
50,GLD,low,-2.6938,9977.68,-0.22,-2.55,2.33,-6.753,-4.429,40,0.375,0.29,0.0084,0.3015,False,False,0.4462,0.0454,0.5
50,IWM,low,0.8415,10013.53,0.14,2.49,-2.35,1.732,1.663,41,0.488,0.26,0.0107,0.3015,False,False,0.4462,0.0454,0.5
50,KRE,low,-2.7298,9987.2,-0.13,4.96,-5.09,-2.51,-2.464,40,0.45,0.32,0.0312,0.3015,False,False,0.4462,0.0454,0.5
50,NFLX,low,-0.8637,10003.29,0.03,0.07,-0.04,0.365,0.333,40,0.425,0.4,0.0233,0.3015,False,False,0.4462,0.0454,0.5
50,NVDA,low,0.4524,9958.14,-0.42,13.7,-14.12,-5.512,-3.605,40,0.4,0.6,0.022,0.3015,False,False,0.4462,0.0454,0.5
50,PYPL,low,-2.8924,9940.75,-0.59,5.45,-6.04,-7.283,-4.684,41,0.463,0.64,0.0357,0.3015,False,False,0.4462,0.0454,0.5
50,QQQ,low,-3.2597,9978.34,-0.22,-4.44,4.22,-10.949,-9.22,40,0.425,0.23,0.0209,0.3015,False,False,0.4462,0.0454,0.5
50,SPY,low,-1.9183,9989.72,-0.1,-1.88,1.78,-6.47,-5.711,40,0.425,0.11,0.0034,0.3015,False,False,0.4462,0.0454,0.5
50,UNG,low,-8.8089,9844.9,-1.55,-23.82,22.26,-2.455,-1.585,43,0.512,3.33,0.0407,0.3015,False,False,0.4462,0.0454,0.5
50,USO,low,-2.6167,9990.13,-0.1,6.34,-6.44,-3.583,-2.999,39,0.513,0.19,0.0225,0.3015,False,False,0.4462,0.0454,0.5
50,XBI,low,-1.6457,9975.78,-0.24,1.0,-1.24,-4.913,-4.325,40,0.425,0.35,0.0252,0.3015,False,False,0.4462,0.0454,0.5
50,XLE,low,-4.0186,9973.22,-0.27,-9.66,9.39,-2.475,-2.251,40,0.575,0.5,0.0265,0.3015,False,False,0.4462,0.0454,0.5
51,AAPL,low,-2.8833,9971.65,-0.28,5.43,-5.71,-8.756,-6.976,40,0.3,0.31,0.0137,0.3009,False,False,0.5,0.0599,0.5
51,ARKK,low,-2.7227,9936.99,-0.63,-3.21,2.58,-7.964,-4.671,41,0.39,0.63,0.035,0.3009,False,False,0.5,0.0599,0.5
51,GLD,low,-2.4151,9957.96,-0.42,1.71,-2.13,-14.161,-8.846,39,0.333,0.43,0.0125,0.3009,False,False,0.5,0.0599,0.5
51,IWM,low,0.9164,9992.36,-0.08,-3.24,3.17,-0.764,-0.584,40,0.5,0.56,0.0141,0.3009,False,False,0.5,0.0599,0.5
51,KRE,low,-2.6043,10002.71,0.03,6.39,-6.36,0.378,0.407,39,0.41,0.36,-0.0006,0.3009,False,False,0.5,0.0599,0.5
51,NFLX,low,-1.0597,9982.88,-0.17,3.05,-3.22,-2.829,-2.609,39,0.41,0.37,0.0251,0.3009,False,False,0.5,0.0599,0.5
51,NVDA,low,-5.0123,9954.18,-0.46,13.07,-13.53,-7.856,-7.228,40,0.35,0.69,0.0165,0.3009,False,False,0.5,0.0599,0.5
51,PYPL,low,-1.4521,9951.67,-0.48,-1.33,0.85,-6.477,-4.103,40,0.475,0.55,0.0214,0.3009,False,False,0.5,0.0599,0.5
51,QQQ,low,-1.5572,9988.28,-0.12,1.34,-1.46,-5.276,-4.808,39,0.41,0.13,-0.0022,0.3009,False,False,0.5,0.0599,0.5
51,SPY,low,0.0999,9988.3,-0.12,-5.14,5.03,-6.917,-5.205,40,0.5,0.17,0.0048,0.3009,False,False,0.5,0.0599,0.5
51,UNG,low,2.5303,9951.52,-0.48,18.79,-19.27,-2.999,-1.752,42,0.476,0.88,0.0404,0.3009,False,False,0.5,0.0599,0.5
51,USO,low,1.2112,9967.72,-0.32,19.46,-19.78,-5.422,-6.011,40,0.4,0.51,0.0259,0.3009,False,False,0.5,0.0599,0.5
51,XBI,low,-2.6644,9938.65,-0.61,-1.29,0.68,-4.872,-3.9,39,0.487,0.77,0.0232,0.3009,False,False,0.5,0.0599,0.5
51,XLE,low,-0.3208,9977.77,-0.22,-2.84,2.62,-4.003,-2.42,40,0.475,0.4,0.0201,0.3009,False,False,0.5,0.0599,0.5
52,AAPL,low,-1.3626,9958.8,-0.41,1.13,-1.54,-2.818,-2.157,41,0.585,0.7,0.0302,0.3003,False,False,0.486,0.114,0.5
52,ARKK,low,-0.9707,9975.15,-0.25,-3.81,3.56,-2.878,-2.723,39,0.359,0.42,0.0155,0.3003,False,False,0.486,0.114,0.5
52,GLD,low,-2.4646,9978.88,-0.21,-2.07,1.86,-5.965,-5.198,38,0.316,0.22,0.0013,0.3003,False,False,0.486,0.114,0.5
52,IWM,low,-1.4267,9985.12,-0.15,0.67,-0.82,-6.216,-4.488,40,0.4,0.18,0.0151,0.3003,False,False,0.486,0.114,0.5
52,KRE,low,-1.371,10030.1,0.3,-1.07,1.37,2.862,3.506,41,0.512,0.35,0.0116,0.3003,False,False,0.486,0.114,0.5
52,NFLX,low,-2.3669,9962.25,-0.38,-1.08,0.7,-9.017,-6.237,41,0.537,0.45,0.0327,0.3003,False,False,0.486,0.114,0.5
52,NVDA,low,-1.8072,9944.11,-0.56,-4.38,3.82,-2.302,-1.844,42,0.571,1.15,0.0339,0.3003,False,False,0.486,0.114,0.5
52,PYPL,low,-0.9161,9976.25,-0.24,-4.76,4.53,-7.208,-5.352,40,0.25,0.27,0.0155,0.3003,False,False,0.486,0.114,0.5
52,QQQ,low,-2.5452,9985.0,-0.15,-4.42,4.27,-8.988,-7.489,39,0.333,0.19,0.0092,0.3003,False,False,0.486,0.114,0.5
52,SPY,low,-2.2523,9998.77,-0.01,2.78,-2.79,-0.488,-0.579,40,0.325,0.17,-0.007,0.3003,False,False,0.486,0.114,0.5
52,UNG,low,-0.7582,9969.6,-0.3,2.69,-3.0,-4.182,-3.1,42,0.429,0.51,0.0454,0.3003,False,False,0.486,0.114,0.5
52,USO,low,-1.5869,9966.71,-0.33,1.29,-1.62,-1.492,-1.399,40,0.525,1.13,0.0317,0.3003,False,False,0.486,0.114,0.5
52,XBI,low,-4.0644,9954.13,-0.46,-8.02,7.56,-4.363,-4.219,40,0.55,0.58,0.0205,0.3003,False,False,0.486,0.114,0.5
52,XLE,low,-1.8526,9974.11,-0.26,-1.11,0.85,-2.133,-1.799,41,0.415,0.7,0.0154,0.3003,False,False,0.486,0.114,0.5
53,AAPL,low,0.4927,10051.1,0.51,-6.51,7.02,3.493,3.737,40,0.45,0.4,0.0098,0.2997,False,False,0.4665,0.0607,0.5
53,ARKK,low,-1.7999,9968.48,-0.32,2.28,-2.59,-2.056,-1.731,41,0.488,0.76,0.0291,0.2997,False,False,0.4665,0.0607,0.5
53,GLD,low,-1.7594,9993.49,-0.07,-1.73,1.67,-3.78,-4.005,40,0.375,0.09,0.0049,0.2997,False,False,0.4665,0.0607,0.5
53,IWM,low,-3.3171,9999.98,-0.0,7.71,-7.71,-0.0,-0.0,40,0.375,0.23,0.0029,0.2997,False,False,0.4665,0.0607,0.5
53,KRE,low,-3.6772,9969.32,-0.31,7.73,-8.04,-6.816,-5.761,40,0.45,0.38,0.0223,0.2997,False,False,0.4665,0.0607,0.5
53,NFLX,low,0.4347,9989.62,-0.1,7.74,-7.85,-2.065,-1.92,41,0.488,0.44,0.0279,0.2997,False,False,0.4665,0.0607,0.5
53,NVDA,low,-4.8319,9929.75,-0.7,11.04,-11.74,-4.753,-4.432,41,0.439,1.1,0.0356,0.2997,False,False,0.4665,0.0607,0.5
53,PYPL,low,-0.7066,10038.6,0.39,2.45,-2.06,3.159,3.479,40,0.45,0.45,0.0147,0.2997,False,False,0.4665,0.0607,0.5
53,QQQ,low,-2.9736,9969.02,-0.31,-1.93,1.62,-8.401,-6.494,39,0.513,0.33,0.0054,0.2997,False,False,0.4665,0.0607,0.5
53,SPY,low,-0.4451,10000.91,0.01,1.62,-1.61,0.298,0.256,39,0.359,0.12,-0.0014,0.2997,False,False,0.4665,0.0607,0.5
53,UNG,low,-5.9575,9891.21,-1.09,21.57,-22.66,-5.198,-3.497,42,0.476,1.48,0.036,0.2997,False,False,0.4665,0.0607,0.5
53,USO,low,0.9287,10215.26,2.15,0.28,1.87,5.848,8.898,39,0.538,0.85,0.0233,0.2997,False,False,0.4665,0.0607,0.5
53,XBI,low,-0.4444,10013.13,0.13,-1.27,1.4,0.846,0.864,40,0.5,1.06,0.0251,0.2997,False,False,0.4665,0.0607,0.5
53,XLE,low,-0.5591,9968.5,-0.32,5.34,-5.66,-7.514,-6.242,39,0.436,0.37,0.0226,0.2997,False,False,0.4665,0.0607,0.5
54,AAPL,low,-0.9341,9986.66,-0.13,0.5,-0.63,-1.54,-1.379,40,0.55,0.58,0.0042,0.2991,False,False,0.4599,0.0971,0.5
54,ARKK,low,0.2823,9961.74,-0.38,12.2,-12.59,-11.474,-10.216,41,0.317,0.43,0.0192,0.2991,False,False,0.4599,0.0971,0.5
54,GLD,low,-1.7401,9993.08,-0.07,-0.83,0.76,-1.693,-1.661,39,0.462,0.31,0.0021,0.2991,False,False,0.4599,0.0971,0.5
54,IWM,low,-2.1773,9977.31,-0.23,5.98,-6.21,-2.273,-2.3,40,0.475,0.8,0.006,0.2991,False,False,0.4599,0.0971,0.5
54,KRE,low,-0.3022,10047.05,0.47,2.27,-1.8,5.966,6.964,40,0.525,0.26,0.0078,0.2991,False,False,0.4599,0.0971,0.5
54,NFLX,low,-1.2075,9972.0,-0.28,-4.96,4.68,-3.253,-2.654,40,0.475,0.72,0.0194,0.2991,False,False,0.4599,0.0971,0.5
54,NVDA,low,-1.4098,9971.94,-0.28,2.8,-3.08,-3.228,-2.228,42,0.452,0.64,0.0185,0.2991,False,False,0.4599,0.0971,0.5
54,PYPL,low,-4.6327,9985.28,-0.15,14.59,-14.73,-5.109,-4.772,40,0.45,0.19,0.0233,0.2991,False,False,0.4599,0.0971,0.5
54,QQQ,low,-1.2589,9995.52,-0.04,1.12,-1.17,-2.915,-2.814,40,0.3,0.07,-0.003,0.2991,False,False,0.4599,0.0971,0.5
54,SPY,low,-0.269,9974.62,-0.25,3.35,-3.61,-4.102,-2.344,41,0.512,0.37,0.0017,0.2991,False,False,0.4599,0.0971,0.5
54,UNG,low,-2.0386,9932.89,-0.67,-1.53,0.86,-1.725,-1.29,42,0.524,1.74,0.038,0.2991,False,False,0.4599,0.0971,0.5
54,USO,low,-0.2342,9972.82,-0.27,-7.1,6.83,-3.507,-2.534,41,0.415,0.55,0.0255,0.2991,False,False,0.4599,0.0971,0.5
54,XBI,low,-2.1215,9958.82,-0.41,1.82,-2.23,-5.665,-4.722,41,0.463,0.45,0.0315,0.2991,False,False,0.4599,0.0971,0.5
54,XLE,low,-0.8128,9989.04,-0.11,-2.46,2.35,-3.54,-2.777,40,0.55,0.19,0.0025,0.2991,False,False,0.4599,0.0971,0.5
55,AAPL,low,-2.872,9973.59,-0.26,1.06,-1.33,-10.621,-8.849,40,0.225,0.31,-0.0106,0.2985,False,False,0.5,0.1341,0.5
55,ARKK,low,-1.656,9930.11,-0.7,-1.56,0.86,-6.357,-3.799,41,0.512,0.73,0.0139,0.2985,False,False,0.5,0.1341,0.5
55,GLD,low,-1.6961,9995.77,-0.04,1.56,-1.6,-2.899,-3.005,40,0.375,0.08,-0.0125,0.2985,False,False,0.5,0.1341,0.5
55,IWM,low,-1.0177,9983.07,-0.17,-2.82,2.65,-5.555,-4.461,40,0.5,0.22,0.0165,0.2985,False,False,0.5,0.1341,0.5
55,KRE,low,-3.2072,9950.88,-0.49,-3.69,3.2,-11.34,-8.38,41,0.293,0.5,0.0137,0.2985,False,False,0.5,0.1341,0.5
55,NFLX,low,-3.5647,9976.8,-0.23,-8.52,8.28,-1.206,-1.265,40,0.475,1.06,0.0213,0.2985,False,False,0.5,0.1341,0.5
55,NVDA,low,-0.716,9981.3,-0.19,4.22,-4.41,-3.542,-2.904,41,0.439,0.27,0.0154,0.2985,False,False,0.5,0.1341,0.5
55,PYPL,low,-4.7888,9954.48,-0.46,12.06,-12.51,-4.422,-4.201,40,0.35,0.69,0.0191,0.2985,False,False,0.5,0.1341,0.5
55,QQQ,low,-0.8176,9990.26,-0.1,3.68,-3.78,-3.944,-4.31,41,0.463,0.19,0.0038,0.2985,False,False,0.5,0.1341,0.5
55,SPY,low,-2.3881,9983.97,-0.16,-1.24,1.08,-7.501,-6.11,40,0.525,0.2,-0.0107,0.2985,False,False,0.5,0.1341,0.5
55,UNG,low,0.977,10012.82,0.13,-11.09,11.22,0.316,0.294,42,0.524,1.5,0.0279,0.2985,False,False,0.5,0.1341,0.5
55,USO,low,-3.4794,9967.01,-0.33,7.5,-7.83,-5.0,-3.926,41,0.415,0.36,0.0208,0.2985,False,False,0.5,0.1341,0.5
55,XBI,low,1.1504,10083.86,0.84,5.62,-4.78,4.875,5.568,39,0.615,0.67,0.0019,0.2985,False,False,0.5,0.1341,0.5
55,XLE,low,-2.5408,9974.67,-0.25,-3.14,2.89,-4.872,-4.172,40,0.525,0.4,0.0172,0.2985,False,False,0.5,0.1341,0.5
56,AAPL,low,-0.5696,9972.13,-0.28,-6.98,6.7,-3.156,-2.548,41,0.512,0.33,0.0108,0.2979,False,False,0.4334,0.1027,0.5
56,ARKK,low,-4.7968,9978.25,-0.22,-11.85,11.63,-5.183,-4.202,40,0.4,0.28,0.0131,0.2979,False,False,0.4334,0.1027,0.5
56,GLD,low,-1.8531,9987.21,-0.13,1.25,-1.38,-6.908,-5.55,41,0.366,0.14,-0.0075,0.2979,False,False,0.4334,0.1027,0.5
56,IWM,low,-2.2333,9980.62,-0.19,-1.83,1.64,-7.006,-6.414,41,0.317,0.3,0.0005,0.2979,False,False,0.4334,0.1027,0.5
56,KRE,low,-0.9711,9960.4,-0.4,2.53,-2.92,-7.004,-4.428,39,0.487,0.59,0.0033,0.2979,False,False,0.4334,0.1027,0.5
56,NFLX,low,-1.8935,9990.79,-0.09,-5.52,5.42,-1.816,-1.746,41,0.488,0.39,0.0188,0.2979,False,False,0.4334,0.1027,0.5
56,NVDA,low,-2.1765,9967.71,-0.32,2.71,-3.04,-4.416,-3.619,40,0.475,0.61,0.0265,0.2979,False,False,0.4334,0.1027,0.5
56,PYPL,low,-3.5393,9979.98,-0.2,11.62,-11.82,-4.989,-4.789,41,0.439,0.34,0.0154,0.2979,False,False,0.4334,0.1027,0.5
56,QQQ,low,-1.3893,9988.78,-0.11,-0.63,0.52,-5.896,-5.519,40,0.375,0.14,0.002,0.2979,False,False,0.4334,0.1027,0.5
56,SPY,low,-1.2103,9995.73,-0.04,0.7,-0.74,-3.653,-2.986,40,0.375,0.07,-0.0128,0.2979,False,False,0.4334,0.1027,0.5
56,UNG,low,-7.4964,9950.7,-0.49,24.36,-24.85,-5.926,-4.214,43,0.395,0.51,0.0292,0.2979,False,False,0.4334,0.1027,0.5
56,USO,low,-2.625,9970.62,-0.29,5.4,-5.69,-3.002,-1.947,41,0.512,0.54,0.031,0.2979,False,False,0.4334,0.1027,0.5
56,XBI,low,-0.1953,9969.89,-0.3,8.93,-9.23,-4.22,-4.288,41,0.415,0.62,0.0234,0.2979,False,False,0.4334,0.1027,0.5
56,XLE,low,0.4853,9976.42,-0.24,12.39,-12.62,-3.388,-2.816,41,0.366,0.55,0.0086,0.2979,False,False,0.4334,0.1027,0.5
57,AAPL,low,-2.3239,9958.99,-0.41,2.22,-2.63,-5.886,-3.574,41,0.585,0.42,-0.0059,0.2973,False,False,0.4056,0.0358,0.5
57,ARKK,low,0.6829,10121.02,1.21,1.17,0.04,5.932,7.213,40,0.575,0.5,0.0033,0.2973,False,False,0.4056,0.0358,0.5
57,GLD,low,-2.0145,9980.18,-0.2,0.1,-0.3,-8.449,-5.48,40,0.275,0.2,-0.0168,0.2973,False,False,0.4056,0.0358,0.5
57,IWM,low,0.3003,10003.38,0.03,6.56,-6.53,0.664,0.724,41,0.439,0.28,-0.0134,0.2973,False,False,0.4056,0.0358,0.5
57,KRE,low,-4.2005,9929.42,-0.71,-8.33,7.62,-11.758,-7.957,41,0.39,0.73,0.0194,0.2973,False,False,0.4056,0.0358,0.5
57,NFLX,low,-0.5254,10006.73,0.07,-4.35,4.42,0.526,0.622,40,0.475,0.81,-0.0047,0.2973,False,False,0.4056,0.0358,0.5
57,NVDA,low,-1.0432,10031.12,0.31,1.58,-1.27,1.433,1.561,40,0.525,1.25,0.0012,0.2973,False,False,0.4056,0.0358,0.5
57,PYPL,low,0.4367,10010.37,0.1,3.27,-3.16,0.801,0.809,40,0.575,0.62,0.0041,0.2973,False,False,0.4056,0.0358,0.5
57,QQQ,low,-1.2954,9993.04,-0.07,-1.39,1.32,-4.341,-4.792,40,0.4,0.1,-0.0129,0.2973,False,False,0.4056,0.0358,0.5
57,SPY,low,-1.3936,9979.89,-0.2,4.39,-4.59,-9.336,-7.325,39,0.359,0.27,-0.0171,0.2973,False,False,0.4056,0.0358,0.5
57,UNG,low,0.8138,9975.73,-0.24,-11.11,10.86,-2.329,-1.633,42,0.5,0.61,0.0265,0.2973,False,False,0.4056,0.0358,0.5
57,USO,low,-0.8147,9949.78,-0.5,-6.12,5.62,-4.315,-2.6,41,0.463,0.64,0.022,0.2973,False,False,0.4056,0.0358,0.5
57,XBI,low,-2.2072,9982.18,-0.18,-3.28,3.1,-4.003,-3.303,40,0.475,0.37,0.0048,0.2973,False,False,0.4056,0.0358,0.5
57,XLE,low,5.0644,10134.23,1.34,5.28,-3.94,11.576,14.242,40,0.6,0.28,-0.0053,0.2973,False,False,0.4056,0.0358,0.5
58,AAPL,low,-1.1825,9971.22,-0.29,-3.57,3.28,-5.634,-4.389,40,0.475,0.39,0.0007,0.2967,False,False,0.3281,0.042,0.5
58,ARKK,low,3.2958,9956.05,-0.44,31.04,-31.48,-2.836,-2.164,41,0.512,1.18,0.0103,0.2967,False,False,0.3281,0.042,0.5
58,GLD,low,-0.965,9998.08,-0.02,-3.04,3.02,-0.301,-0.327,39,0.385,0.34,-0.0136,0.2967,False,False,0.3281,0.042,0.5
58,IWM,low,-0.9437,9984.2,-0.16,4.9,-5.06,-3.315,-3.082,41,0.488,0.27,-0.0066,0.2967,False,False,0.3281,0.042,0.5
58,KRE,low,-1.0161,9994.41,-0.06,2.3,-2.36,-1.086,-0.993,40,0.5,0.21,0.0023,0.2967,False,False,0.3281,0.042,0.5
58,NFLX,low,-1.0937,9991.0,-0.09,-2.09,2.0,-3.097,-2.795,40,0.425,0.21,-0.0086,0.2967,False,False,0.3281,0.042,0.5
58,NVDA,low,-2.5589,9958.99,-0.41,5.63,-6.04,-2.743,-2.063,41,0.537,0.71,0.0009,0.2967,False,False,0.3281,0.042,0.5
58,PYPL,low,-1.3885,9989.71,-0.1,-3.03,2.93,-0.531,-0.596,40,0.5,1.17,0.0099,0.2967,False,False,0.3281,0.042,0.5
58,QQQ,low,-2.7037,9988.17,-0.12,5.59,-5.71,-3.241,-2.794,40,0.475,0.25,-0.0031,0.2967,False,False,0.3281,0.042,0.5
58,SPY,low,-2.2315,9980.32,-0.2,0.73,-0.92,-7.006,-6.395,40,0.525,0.23,-0.0057,0.2967,False,False,0.3281,0.042,0.5
58,UNG,low,-2.6254,10271.56,2.72,22.47,-19.76,6.677,10.314,39,0.59,1.04,0.0145,0.2967,False,False,0.3281,0.042,0.5
58,USO,low,-3.0752,9977.0,-0.23,10.65,-10.88,-1.39,-0.917,42,0.429,0.76,0.0077,0.2967,False,False,0.3281,0.042,0.5
58,XBI,low,-3.2031,9974.89,-0.25,-9.64,9.38,-3.379,-3.242,41,0.415,0.79,0.0166,0.2967,False,False,0.3281,0.042,0.5
58,XLE,low,-1.0142,9988.15,-0.12,2.67,-2.79,-1.697,-1.466,39,0.308,0.5,-0.0099,0.2967,False,False,0.3281,0.042,0.5
59,AAPL,low,0.3429,9977.39,-0.23,10.24,-10.46,-7.075,-6.023,40,0.45,0.34,0.0043,0.2961,False,False,0.4789,0.0412,0.5
59,ARKK,low,-1.7678,9937.75,-0.62,2.84,-3.47,-7.775,-5.201,40,0.4,0.69,0.0228,0.2961,False,False,0.4789,0.0412,0.5
59,GLD,low,-1.326,9982.47,-0.18,-2.38,2.2,-7.397,-5.262,40,0.425,0.18,-0.0148,0.2961,False,False,0.4789,0.0412,0.5
59,IWM,low,3.2921,10101.88,1.02,7.27,-6.25,7.428,7.778,41,0.585,0.34,-0.0072,0.2961,False,False,0.4789,0.0412,0.5
59,KRE,low,-1.7483,9943.99,-0.56,-1.17,0.61,-4.346,-3.486,40,0.375,1.04,0.0044,0.2961,False,False,0.4789,0.0412,0.5
59,NFLX,low,-2.3765,9981.23,-0.19,4.45,-4.63,-4.772,-3.894,40,0.4,0.27,-0.0027,0.2961,False,False,0.4789,0.0412,0.5
59,NVDA,low,1.2984,9952.51,-0.47,-14.47,14.0,-3.376,-3.267,42,0.429,0.97,0.0118,0.2961,False,False,0.4789,0.0412,0.5
59,PYPL,low,-4.4918,9949.25,-0.51,-11.59,11.08,-7.672,-6.118,42,0.31,0.69,0.0165,0.2961,False,False,0.4789,0.0412,0.5
59,QQQ,low,-0.4532,10024.93,0.25,2.73,-2.48,1.406,1.241,41,0.561,0.74,0.0118,0.2961,False,False,0.4789,0.0412,0.5
59,SPY,low,-1.1262,9996.98,-0.03,-0.87,0.84,-0.344,-0.344,40,0.575,0.33,-0.0148,0.2961,False,False,0.4789,0.0412,0.5
59,UNG,low,-0.8826,10435.36,4.35,18.22,-13.86,10.925,15.634,42,0.667,0.67,0.0189,0.2961,False,False,0.4789,0.0412,0.5
59,USO,low,-3.2637,10054.81,0.55,-13.78,14.33,1.705,1.616,41,0.585,1.01,0.0129,0.2961,False,False,0.4789,0.0412,0.5
59,XBI,low,-0.2066,10091.86,0.92,-3.16,4.08,5.826,6.278,40,0.525,0.37,-0.0013,0.2961,False,False,0.4789,0.0412,0.5
59,XLE,low,-1.2302,9995.73,-0.04,1.4,-1.45,-0.575,-0.554,40,0.4,0.43,-0.0059,0.2961,False,False,0.4789,0.0412,0.5
60,AAPL,low,-0.6646,9969.42,-0.31,2.22,-2.53,-4.75,-3.177,41,0.463,0.45,0.0012,0.2955,False,False,0.4804,0.1063,0.5
60,ARKK,low,0.253,9969.89,-0.3,7.09,-7.39,-3.312,-2.364,41,0.439,0.74,0.0127,0.2955,False,False,0.4804,0.1063,0.5
60,GLD,low,-1.6345,9990.29,-0.1,0.53,-0.62,-4.688,-3.246,39,0.359,0.13,-0.0152,0.2955,False,False,0.4804,0.1063,0.5
60,IWM,low,-2.5715,9986.69,-0.13,4.22,-4.35,-5.204,-4.364,41,0.341,0.17,-0.0193,0.2955,False,False,0.4804,0.1063,0.5
60,KRE,low,-2.4663,9975.72,-0.24,-1.2,0.95,-5.748,-4.266,41,0.39,0.43,0.0007,0.2955,False,False,0.4804,0.1063,0.5
60,NFLX,low,-3.35,9974.1,-0.26,7.17,-7.43,-7.356,-5.748,41,0.415,0.33,0.0078,0.2955,False,False,0.4804,0.1063,0.5
60,NVDA,low,0.6016,9966.41,-0.34,13.96,-14.29,-6.047,-5.165,41,0.39,0.41,0.0177,0.2955,False,False,0.4804,0.1063,0.5
60,PYPL,low,-2.1878,9965.54,-0.34,2.03,-2.37,-5.219,-5.024,40,0.35,0.43,-0.0009,0.2955,False,False,0.4804,0.1063,0.5
60,QQQ,low,-3.5534,9959.33,-0.41,4.29,-4.69,-11.726,-8.623,40,0.525,0.49,-0.0014,0.2955,False,False,0.4804,0.1063,0.5
60,SPY,low,-2.5667,9994.47,-0.06,-5.06,5.0,-3.725,-4.006,38,0.368,0.09,-0.0157,0.2955,False,False,0.4804,0.1063,0.5
60,UNG,low,-3.4307,9908.02,-0.92,-7.63,6.71,-8.136,-5.62,45,0.378,1.14,0.027,0.2955,False,False,0.4804,0.1063,0.5
60,USO,low,-1.936,9946.0,-0.54,-0.09,-0.45,-7.337,-6.176,41,0.341,0.79,0.0128,0.2955,False,False,0.4804,0.1063,0.5
60,XBI,low,-1.0228,9961.3,-0.39,5.41,-5.8,-10.524,-8.196,41,0.366,0.46,0.0077,0.2955,False,False,0.4804,0.1063,0.5
60,XLE,low,-1.6907,10005.59,0.06,-5.74,5.8,0.441,0.425,40,0.5,0.84,0.0009,0.2955,False,False,0.4804,0.1063,0.5
61,AAPL,low,-2.0598,9937.27,-0.63,-3.13,2.5,-6.535,-5.007,40,0.475,0.78,0.0106,0.295,False,False,0.4786,0.1229,0.5
61,ARKK,low,-5.9042,9908.42,-0.92,14.75,-15.67,-4.086,-3.53,43,0.465,1.5,0.0156,0.295,False,False,0.4786,0.1229,0.5
61,GLD,low,-1.0645,9995.49,-0.05,4.51,-4.55,-5.204,-4.907,40,0.4,0.07,-0.019,0.295,False,False,0.4786,0.1229,0.5
61,IWM,low,-0.6652,9973.83,-0.26,-3.99,3.73,-6.194,-5.216,41,0.463,0.34,0.0151,0.295,False,False,0.4786,0.1229,0.5
61,KRE,low,0.9372,9954.35,-0.46,16.65,-17.11,-8.094,-5.771,42,0.429,0.49,0.01,0.295,False,False,0.4786,0.1229,0.5
61,NFLX,low,-5.48,9911.41,-0.89,11.61,-12.49,-11.921,-8.339,42,0.429,0.93,0.0188,0.295,False,False,0.4786,0.1229,0.5
61,NVDA,low,-0.6774,9943.19,-0.57,11.03,-11.6,-3.444,-2.685,43,0.465,1.45,0.0206,0.295,False,False,0.4786,0.1229,0.5
61,PYPL,low,-2.7173,9966.19,-0.34,-4.57,4.23,-4.393,-4.135,41,0.439,0.65,0.02,0.295,False,False,0.4786,0.1229,0.5
61,QQQ,low,-5.3874,9964.57,-0.35,4.74,-5.1,-4.042,-3.7,40,0.475,0.7,-0.0063,0.295,False,False,0.4786,0.1229,0.5
61,SPY,low,-1.5528,9970.12,-0.3,6.27,-6.57,-13.659,-11.856,40,0.325,0.3,-0.0054,0.295,False,False,0.4786,0.1229,0.5
61,UNG,low,-1.1858,9952.8,-0.47,-5.93,5.46,-3.003,-2.426,41,0.488,0.97,0.0087,0.295,False,False,0.4786,0.1229,0.5
61,USO,low,-3.378,9961.86,-0.38,-6.76,6.38,-7.0,-4.923,40,0.4,0.48,0.008,0.295,False,False,0.4786,0.1229,0.5
61,XBI,low,-2.605,10004.55,0.05,5.56,-5.51,0.435,0.532,40,0.45,0.39,0.0066,0.295,False,False,0.4786,0.1229,0.5
61,XLE,low,-1.9509,9966.21,-0.34,6.19,-6.53,-5.43,-4.649,40,0.425,0.4,-0.0081,0.295,False,False,0.4786,0.1229,0.5
62,AAPL,low,3.1651,10170.41,1.7,7.88,-6.17,10.001,11.479,40,0.65,0.51,0.0009,0.2944,False,False,0.3656,0.045,0.5
62,ARKK,low,-1.637,9962.97,-0.37,-0.28,-0.09,-2.317,-2.039,44,0.341,1.07,0.0191,0.2944,False,False,0.3656,0.045,0.5
62,GLD,low,-1.6693,9994.96,-0.05,1.45,-1.5,-3.683,-3.445,39,0.308,0.1,-0.0175,0.2944,False,False,0.3656,0.045,0.5
62,IWM,low,-0.8045,9965.63,-0.34,-1.14,0.79,-3.69,-2.39,40,0.575,0.55,0.0028,0.2944,False,False,0.3656,0.045,0.5
62,KRE,low,-1.3527,9981.28,-0.19,0.97,-1.16,-2.097,-1.768,40,0.525,0.66,0.0019,0.2944,False,False,0.3656,0.045,0.5
62,NFLX,low,-1.1467,9998.68,-0.01,-1.22,1.2,-0.328,-0.255,39,0.41,0.18,0.001,0.2944,False,False,0.3656,0.045,0.5
62,NVDA,low,-0.2448,9974.07,-0.26,1.65,-1.91,-1.075,-0.868,41,0.61,1.22,0.0116,0.2944,False,False,0.3656,0.045,0.5
62,PYPL,low,-1.8289,9986.84,-0.13,0.57,-0.7,-2.753,-2.447,41,0.439,0.28,-0.0009,0.2944,False,False,0.3656,0.045,0.5
62,QQQ,low,-2.1864,9988.16,-0.12,-3.36,3.24,-3.014,-2.92,41,0.415,0.34,-0.0035,0.2944,False,False,0.3656,0.045,0.5
62,SPY,low,-2.5484,9989.49,-0.11,-2.0,1.9,-9.208,-10.521,39,0.41,0.13,-0.0187,0.2944,False,False,0.3656,0.045,0.5
62,UNG,low,-3.4545,10146.23,1.46,6.74,-5.28,3.29,5.496,41,0.415,1.92,0.0272,0.2944,False,False,0.3656,0.045,0.5
62,USO,low,-0.5999,9957.41,-0.43,11.35,-11.77,-12.498,-9.269,41,0.488,0.48,0.0062,0.2944,False,False,0.3656,0.045,0.5
62,XBI,low,-2.8792,9965.42,-0.35,5.47,-5.82,-5.69,-3.91,40,0.4,0.4,0.0067,0.2944,False,False,0.3656,0.045,0.5
62,XLE,low,-1.6384,9985.27,-0.15,1.22,-1.37,-1.629,-1.588,40,0.425,0.68,0.0095,0.2944,False,False,0.3656,0.045,0.5
63,AAPL,low,-2.6609,9989.91,-0.1,6.83,-6.93,-2.886,-2.791,39,0.41,0.31,-0.0047,0.2938,False,False,0.4346,0.1152,0.5
63,ARKK,low,-1.9272,9976.98,-0.23,7.02,-7.26,-1.234,-1.199,41,0.415,1.18,0.0186,0.2938,False,False,0.4346,0.1152,0.5
63,GLD,low,-2.3041,9983.55,-0.16,-1.67,1.51,-7.62,-5.142,39,0.436,0.18,-0.0082,0.2938,False,False,0.4346,0.1152,0.5
63,IWM,low,-3.9946,9970.54,-0.29,-4.24,3.94,-5.949,-4.871,39,0.385,0.54,-0.0082,0.2938,False,False,0.4346,0.1152,0.5
63,KRE,low,2.9043,10082.91,0.83,-9.98,10.81,6.385,7.126,39,0.513,0.42,0.001,0.2938,False,False,0.4346,0.1152,0.5
63,NFLX,low,-0.1241,9992.17,-0.08,10.57,-10.65,-1.091,-1.064,40,0.5,0.45,0.0016,0.2938,False,False,0.4346,0.1152,0.5
63,NVDA,low,0.2431,9966.81,-0.33,11.96,-12.3,-4.634,-4.549,41,0.488,0.45,0.0079,0.2938,False,False,0.4346,0.1152,0.5
63,PYPL,low,-3.9244,9985.58,-0.14,10.1,-10.25,-4.897,-4.576,40,0.375,0.2,-0.0024,0.2938,False,False,0.4346,0.1152,0.5
63,QQQ,low,-0.1305,9992.17,-0.08,-4.81,4.73,-1.138,-0.89,41,0.415,0.25,0.0145,0.2938,False,False,0.4346,0.1152,0.5
63,SPY,low,-3.0229,9993.97,-0.06,4.96,-5.02,-1.765,-1.621,39,0.487,0.2,-0.0126,0.2938,False,False,0.4346,0.1152,0.5
63,UNG,low,-1.953,9977.81,-0.22,-2.92,2.7,-1.309,-1.141,42,0.548,0.58,0.0253,0.2938,False,False,0.4346,0.1152,0.5
63,USO,low,-1.9255,9936.15,-0.64,-3.58,2.94,-2.331,-1.637,42,0.595,1.16,0.022,0.2938,False,False,0.4346,0.1152,0.5
63,XBI,low,-0.4356,9961.87,-0.38,6.66,-7.04,-4.832,-3.697,40,0.475,0.58,0.0143,0.2938,False,False,0.4346,0.1152,0.5
63,XLE,low,-0.8931,9980.04,-0.2,2.1,-2.3,-2.782,-1.8,40,0.425,0.38,0.0094,0.2938,False,False,0.4346,0.1152,0.5
64,AAPL,low,-1.5334,9961.56,-0.38,-2.41,2.03,-9.673,-6.88,41,0.39,0.41,0.0219,0.2932,False,False,0.489,0.0551,0.5
64,ARKK,low,0.3895,9975.31,-0.25,-8.77,8.53,-2.814,-2.799,40,0.4,0.52,0.0148,0.2932,False,False,0.489,0.0551,0.5
64,GLD,low,-1.6793,9994.14,-0.06,-1.46,1.4,-4.745,-4.171,40,0.275,0.07,-0.0127,0.2932,False,False,0.489,0.0551,0.5
64,IWM,low,-0.5858,10031.89,0.32,0.6,-0.28,3.718,4.226,39,0.59,0.31,0.0065,0.2932,False,False,0.489,0.0551,0.5
64,KRE,low,-0.7195,9962.59,-0.37,-5.78,5.41,-2.826,-2.584,40,0.425,1.03,0.0202,0.2932,False,False,0.489,0.0551,0.5
64,NFLX,low,0.6596,10059.93,0.6,-9.19,9.79,2.098,2.094,42,0.548,0.96,0.0379,0.2932,False,False,0.489,0.0551,0.5
64,NVDA,low,-0.5925,9984.33,-0.16,-2.51,2.36,-3.727,-2.704,39,0.487,0.24,0.0083,0.2932,False,False,0.489,0.0551,0.5
64,PYPL,low,-2.9822,9961.41,-0.39,3.46,-3.85,-3.531,-3.466,40,0.5,0.7,0.0113,0.2932,False,False,0.489,0.0551,0.5
64,QQQ,low,-0.5765,9966.75,-0.33,4.34,-4.67,-4.23,-3.78,40,0.475,0.57,0.0036,0.2932,False,False,0.489,0.0551,0.5
64,SPY,low,-0.7031,9983.29,-0.17,-2.27,2.1,-5.619,-4.98,39,0.487,0.3,0.0045,0.2932,False,False,0.489,0.0551,0.5
64,UNG,low,0.5047,10005.73,0.06,5.82,-5.76,0.254,0.288,41,0.488,1.44,0.0303,0.2932,False,False,0.489,0.0551,0.5
64,USO,low,-1.1307,10128.92,1.29,9.52,-8.23,6.887,8.909,40,0.525,0.38,0.0104,0.2932,False,False,0.489,0.0551,0.5
64,XBI,low,-4.2618,9905.92,-0.94,-1.21,0.26,-15.059,-11.397,40,0.35,0.98,0.0247,0.2932,False,False,0.489,0.0551,0.5
64,XLE,low,-0.1953,10018.64,0.19,3.69,-3.5,3.721,3.598,40,0.425,0.3,0.0116,0.2932,False,False,0.489,0.0551,0.5
65,AAPL,low,-1.6237,9979.81,-0.2,3.13,-3.33,-9.373,-8.417,40,0.425,0.22,-0.0029,0.2926,False,False,0.3018,0.0453,0.5
65,ARKK,low,-0.8282,10200.1,2.0,13.16,-11.16,5.592,6.08,41,0.683,1.48,0.0198,0.2926,False,False,0.3018,0.0453,0.5
65,GLD,low,-2.9665,9973.26,-0.27,-2.81,2.55,-5.737,-4.216,40,0.375,0.41,-0.0051,0.2926,False,False,0.3018,0.0453,0.5
65,IWM,low,0.8954,9993.92,-0.06,-10.03,9.97,-0.492,-0.357,39,0.41,0.53,0.0127,0.2926,False,False,0.3018,0.0453,0.5
65,KRE,low,-4.2339,9959.77,-0.4,-10.81,10.4,-5.63,-4.451,42,0.548,0.63,0.0202,0.2926,False,False,0.3018,0.0453,0.5
65,NFLX,low,-1.4671,9960.45,-0.4,7.93,-8.33,-10.24,-7.972,40,0.4,0.4,0.0062,0.2926,False,False,0.3018,0.0453,0.5
65,NVDA,low,1.8192,10045.32,0.45,-11.61,12.06,2.422,2.308,40,0.55,0.47,0.0214,0.2926,False,False,0.3018,0.0453,0.5
65,PYPL,low,0.01,9926.08,-0.74,-8.14,7.4,-3.488,-2.638,41,0.488,1.19,0.0342,0.2926,False,False,0.3018,0.0453,0.5
65,QQQ,low,-1.266,10012.37,0.12,1.42,-1.3,3.73,4.533,39,0.538,0.12,-0.001,0.2926,False,False,0.3018,0.0453,0.5
65,SPY,low,-2.693,9987.5,-0.13,-3.22,3.1,-11.061,-9.508,41,0.366,0.13,-0.0071,0.2926,False,False,0.3018,0.0453,0.5
65,UNG,low,-3.5348,9909.64,-0.9,6.87,-7.77,-9.41,-6.992,43,0.419,1.12,0.0327,0.2926,False,False,0.3018,0.0453,0.5
65,USO,low,-4.4262,10032.96,0.33,19.57,-19.24,2.439,2.516,40,0.5,0.71,0.0148,0.2926,False,False,0.3018,0.0453,0.5
65,XBI,low,-1.5138,9973.24,-0.27,-1.72,1.46,-1.968,-2.046,40,0.4,0.56,0.024,0.2926,False,False,0.3018,0.0453,0.5
65,XLE,low,-2.6435,9993.32,-0.07,-7.59,7.52,-1.752,-1.806,42,0.452,0.19,0.0193,0.2926,False,False,0.3018,0.0453,0.5
66,AAPL,low,0.8851,10084.21,0.84,4.25,-3.41,4.554,5.556,40,0.7,0.82,0.021,0.292,False,False,0.5,0.0515,0.5
66,ARKK,low,-0.7117,9939.32,-0.61,-3.7,3.09,-4.017,-3.369,41,0.415,1.31,0.0216,0.292,False,False,0.5,0.0515,0.5
66,GLD,low,-1.6978,9995.74,-0.04,-2.16,2.12,-3.283,-3.022,40,0.425,0.06,-0.0058,0.292,False,False,0.5,0.0515,0.5
66,IWM,low,0.1964,10019.37,0.19,8.09,-7.89,1.439,1.514,40,0.475,1.02,0.0132,0.292,False,False,0.5,0.0515,0.5
66,KRE,low,-1.0627,9993.01,-0.07,1.08,-1.15,-0.931,-0.714,40,0.45,0.44,0.0199,0.292,False,False,0.5,0.0515,0.5
66,NFLX,low,-2.8728,9969.47,-0.31,4.4,-4.7,-7.837,-6.139,40,0.4,0.34,0.0121,0.292,False,False,0.5,0.0515,0.5
66,NVDA,low,1.5111,9961.46,-0.39,17.24,-17.62,-4.176,-3.639,44,0.295,0.85,0.0355,0.292,False,False,0.5,0.0515,0.5
66,PYPL,low,2.3681,9986.87,-0.13,-17.56,17.42,-3.075,-2.702,41,0.415,0.32,0.0241,0.292,False,False,0.5,0.0515,0.5
66,QQQ,low,-1.2407,9985.83,-0.14,2.5,-2.64,-4.965,-4.384,39,0.385,0.2,0.0,0.292,False,False,0.5,0.0515,0.5
66,SPY,low,-1.1577,9974.35,-0.26,-6.22,5.96,-8.599,-6.346,40,0.475,0.28,0.0163,0.292,False,False,0.5,0.0515,0.5
66,UNG,low,-3.019,9928.24,-0.72,-5.32,4.6,-7.658,-5.102,42,0.524,0.9,0.043,0.292,False,False,0.5,0.0515,0.5
66,USO,low,-3.6592,9995.04,-0.05,9.65,-9.7,-0.734,-0.776,40,0.425,0.31,0.0222,0.292,False,False,0.5,0.0515,0.5
66,XBI,low,-2.65,9960.36,-0.4,-10.22,9.82,-2.636,-2.037,40,0.55,0.99,0.0263,0.292,False,False,0.5,0.0515,0.5
66,XLE,low,-1.2208,9973.87,-0.26,0.62,-0.88,-2.285,-1.532,41,0.463,0.64,0.0215,0.292,False,False,0.5,0.0515,0.5
67,AAPL,low,-3.4942,9970.67,-0.29,-6.22,5.93,-9.251,-6.137,41,0.366,0.35,0.0136,0.2914,False,False,0.477,0.0642,0.5
67,ARKK,low,0.0494,9948.32,-0.52,-10.51,9.99,-11.132,-8.936,41,0.293,0.52,0.0333,0.2914,False,False,0.477,0.0642,0.5
67,GLD,low,-2.9354,9963.44,-0.37,-1.46,1.09,-5.235,-3.62,41,0.439,0.52,0.0022,0.2914,False,False,0.477,0.0642,0.5
67,IWM,low,-1.3673,9974.68,-0.25,1.82,-2.07,-5.748,-4.408,40,0.425,0.46,0.0163,0.2914,False,False,0.477,0.0642,0.5
67,KRE,low,-1.704,9958.35,-0.42,-1.0,0.59,-2.847,-2.021,41,0.415,0.82,0.0352,0.2914,False,False,0.477,0.0642,0.5
67,NFLX,low,-3.3793,9976.3,-0.24,7.82,-8.06,-5.63,-4.485,40,0.475,0.28,0.0161,0.2914,False,False,0.477,0.0642,0.5
67,NVDA,low,-4.4599,9939.41,-0.61,-12.06,11.46,-10.13,-7.379,42,0.452,0.68,0.0426,0.2914,False,False,0.477,0.0642,0.5
67,PYPL,low,-2.26,9942.54,-0.57,-0.66,0.08,-8.482,-6.492,41,0.39,0.63,0.0368,0.2914,False,False,0.477,0.0642,0.5
67,QQQ,low,-3.2555,9981.23,-0.19,-8.82,8.63,-4.178,-3.997,40,0.525,0.38,0.0226,0.2914,False,False,0.477,0.0642,0.5
67,SPY,low,-1.027,9995.88,-0.04,1.92,-1.96,-3.669,-3.008,40,0.325,0.07,-0.0019,0.2914,False,False,0.477,0.0642,0.5
67,UNG,low,3.1781,9920.69,-0.79,22.12,-22.91,-3.233,-2.965,41,0.463,1.51,0.0357,0.2914,False,False,0.477,0.0642,0.5
67,USO,low,-3.0649,9971.45,-0.29,7.69,-7.97,-3.667,-2.788,40,0.575,0.71,0.0346,0.2914,False,False,0.477,0.0642,0.5
67,XBI,low,-4.1521,9979.48,-0.21,-12.4,12.2,-1.092,-1.009,40,0.575,1.34,0.0258,0.2914,False,False,0.477,0.0642,0.5
67,XLE,low,-1.2317,9960.68,-0.39,4.97,-5.37,-8.29,-5.463,41,0.366,0.44,0.0144,0.2914,False,False,0.477,0.0642,0.5
68,AAPL,low,-1.6034,9980.68,-0.19,0.18,-0.37,-5.03,-4.466,40,0.325,0.28,0.0289,0.2909,False,False,0.5,0.1283,0.5
68,ARKK,low,4.1257,10133.44,1.33,18.6,-17.26,4.306,4.536,40,0.625,0.77,0.0376,0.2909,False,False,0.5,0.1283,0.5
68,GLD,low,-1.9075,10002.15,0.02,-0.92,0.94,0.302,0.417,40,0.475,0.32,0.0177,0.2909,False,False,0.5,0.1283,0.5
68,IWM,low,-1.6282,10000.4,0.0,-0.99,1.0,0.047,0.051,40,0.475,0.79,0.0256,0.2909,False,False,0.5,0.1283,0.5
68,KRE,low,-3.5087,9981.18,-0.19,-8.88,8.7,-6.448,-5.697,41,0.39,0.22,0.0179,0.2909,False,False,0.5,0.1283,0.5
68,NFLX,low,1.6418,10016.45,0.16,-10.66,10.83,1.122,1.09,43,0.419,1.08,0.0435,0.2909,False,False,0.5,0.1283,0.5
68,NVDA,low,-1.1861,9943.17,-0.57,1.99,-2.56,-4.984,-3.362,43,0.488,1.07,0.0454,0.2909,False,False,0.5,0.1283,0.5
68,PYPL,low,-2.8199,9970.09,-0.3,1.86,-2.16,-2.444,-2.605,41,0.415,0.89,0.0267,0.2909,False,False,0.5,0.1283,0.5
68,QQQ,low,-2.9206,9960.05,-0.4,3.88,-4.28,-6.807,-4.129,41,0.512,0.52,0.0267,0.2909,False,False,0.5,0.1283,0.5
68,SPY,low,-1.7806,9963.31,-0.37,4.36,-4.73,-10.897,-8.3,40,0.35,0.42,0.0152,0.2909,False,False,0.5,0.1283,0.5
68,UNG,low,0.4093,9922.15,-0.78,-9.91,9.13,-6.006,-3.538,40,0.425,1.09,0.0341,0.2909,False,False,0.5,0.1283,0.5
68,USO,low,-1.3137,9970.4,-0.3,2.12,-2.42,-2.033,-1.333,41,0.512,0.93,0.0412,0.2909,False,False,0.5,0.1283,0.5
68,XBI,low,0.3203,9980.47,-0.2,-9.42,9.22,-5.422,-5.277,41,0.366,0.23,0.0256,0.2909,False,False,0.5,0.1283,0.5
68,XLE,low,-4.7626,9925.35,-0.75,8.16,-8.91,-11.14,-6.984,41,0.463,0.89,0.0398,0.2909,False,False,0.5,0.1283,0.5
69,AAPL,low,-2.84,9952.92,-0.47,-6.05,5.58,-4.607,-4.003,41,0.463,0.57,0.0262,0.2903,False,False,0.3381,0.0281,0.4942
69,ARKK,low,-1.7834,9984.42,-0.16,0.76,-0.92,-4.561,-4.047,41,0.341,0.32,0.0213,0.2903,False,False,0.3381,0.0281,0.4942
69,GLD,low,-3.1988,9983.62,-0.16,6.98,-7.14,-5.636,-4.19,40,0.45,0.26,0.0191,0.2903,False,False,0.3381,0.0281,0.4942
69,IWM,low,-0.8735,10018.99,0.19,-4.83,5.02,1.826,1.933,40,0.575,0.52,0.0127,0.2903,False,False,0.3381,0.0281,0.4942
69,KRE,low,-2.0679,9973.64,-0.26,-0.04,-0.22,-8.016,-5.789,41,0.488,0.29,0.0189,0.2903,False,False,0.3381,0.0281,0.4942
69,NFLX,low,2.2167,10167.21,1.67,-11.23,12.9,5.932,8.366,39,0.564,1.13,0.0206,0.2903,False,False,0.3381,0.0281,0.4942
69,NVDA,low,-1.5986,9980.23,-0.2,1.07,-1.27,-3.134,-2.635,40,0.45,0.27,0.0268,0.2903,False,False,0.3381,0.0281,0.4942
69,PYPL,low,-3.4777,9987.39,-0.13,6.43,-6.55,-1.522,-1.463,40,0.55,0.49,0.0183,0.2903,False,False,0.3381,0.0281,0.4942
69,QQQ,low,-2.1181,9978.52,-0.21,0.39,-0.61,-7.571,-5.755,38,0.5,0.25,0.0042,0.2903,False,False,0.3381,0.0281,0.4942
69,SPY,low,-0.9484,9989.91,-0.1,2.46,-2.57,-4.846,-3.925,40,0.4,0.15,0.0098,0.2903,False,False,0.3381,0.0281,0.4942
69,UNG,low,-3.5387,10030.36,0.3,12.43,-12.13,2.794,5.221,42,0.429,0.32,0.0419,0.2903,False,False,0.3381,0.0281,0.4942
69,USO,low,0.8202,9995.03,-0.05,11.32,-11.37,-0.714,-0.689,40,0.475,0.39,0.035,0.2903,False,False,0.3381,0.0281,0.4942
69,XBI,low,-2.3985,9992.53,-0.07,6.76,-6.83,-1.21,-1.009,41,0.512,0.33,0.0244,0.2903,False,False,0.3381,0.0281,0.4942
69,XLE,low,-2.8833,10069.05,0.69,-11.57,12.26,2.911,3.174,40,0.55,0.94,0.0426,0.2903,False,False,0.3381,0.0281,0.4942
70,AAPL,low,-1.6676,9979.54,-0.2,1.37,-1.58,-2.978,-2.249,40,0.45,0.42,0.0342,0.2897,False,False,0.3647,0.0539,0.5
70,ARKK,low,-2.9305,9943.88,-0.56,1.41,-1.97,-2.261,-2.051,42,0.452,1.86,0.0386,0.2897,False,False,0.3647,0.0539,0.5
70,GLD,low,-1.983,9986.1,-0.14,0.31,-0.45,-2.373,-1.836,39,0.385,0.3,0.0112,0.2897,False,False,0.3647,0.0539,0.5
70,IWM,low,-1.1076,9979.71,-0.2,-8.12,7.92,-4.603,-3.751,40,0.475,0.44,0.0335,0.2897,False,False,0.3647,0.0539,0.5
70,KRE,low,-2.6636,9977.41,-0.23,-3.82,3.59,-1.982,-1.632,38,0.447,0.7,0.026,0.2897,False,False,0.3647,0.0539,0.5
70,NFLX,low,-2.9143,9974.84,-0.25,-3.57,3.31,-4.526,-4.022,40,0.475,0.44,0.0345,0.2897,False,False,0.3647,0.0539,0.5
70,NVDA,low,-2.0016,9985.98,-0.14,0.65,-0.79,-2.823,-2.607,41,0.39,0.4,0.0237,0.2897,False,False,0.3647,0.0539,0.5
70,PYPL,low,-1.6864,10197.15,1.97,16.25,-14.28,7.861,9.574,41,0.585,0.44,0.0374,0.2897,False,False,0.3647,0.0539,0.5
70,QQQ,low,-1.2842,9992.97,-0.07,1.96,-2.03,-4.186,-3.286,39,0.487,0.12,0.0093,0.2897,False,False,0.3647,0.0539,0.5
70,SPY,low,-1.1762,9974.22,-0.26,5.6,-5.86,-6.785,-4.476,40,0.425,0.33,0.0081,0.2897,False,False,0.3647,0.0539,0.5
70,UNG,low,-6.8904,9955.66,-0.44,28.08,-28.53,-5.903,-4.999,42,0.405,0.59,0.049,0.2897,False,False,0.3647,0.0539,0.5
70,USO,low,-0.3886,9986.52,-0.13,5.33,-5.46,-1.273,-1.222,40,0.525,0.68,0.0324,0.2897,False,False,0.3647,0.0539,0.5
70,XBI,low,-2.2654,9974.91,-0.25,-4.51,4.26,-1.804,-1.522,40,0.575,0.89,0.0239,0.2897,False,False,0.3647,0.0539,0.5
70,XLE,low,-0.4945,9973.97,-0.26,6.02,-6.28,-5.061,-3.75,41,0.439,0.31,0.0334,0.2897,False,False,0.3647,0.0539,0.5
71,AAPL,low,-2.5394,9972.19,-0.28,0.48,-0.76,-8.694,-6.714,40,0.325,0.4,0.0155,0.2891,False,False,0.2858,0.0292,0.4993
71,ARKK,low,1.2819,9959.27,-0.41,-12.26,11.85,-2.521,-2.128,40,0.475,0.82,0.0308,0.2891,False,False,0.2858,0.0292,0.4993
71,GLD,low,-1.5486,9990.64,-0.09,2.56,-2.65,-1.567,-1.143,39,0.462,0.41,0.0086,0.2891,False,False,0.2858,0.0292,0.4993
71,IWM,low,-0.4083,9989.7,-0.1,2.46,-2.57,-1.309,-1.085,40,0.55,0.61,0.0178,0.2891,False,False,0.2858,0.0292,0.4993
71,KRE,low,-3.482,9939.75,-0.6,-6.55,5.95,-2.521,-2.359,41,0.585,1.35,0.0314,0.2891,False,False,0.2858,0.0292,0.4993
71,NFLX,low,-3.7636,9949.15,-0.51,3.88,-4.39,-11.196,-8.808,40,0.375,0.58,0.027,0.2891,False,False,0.2858,0.0292,0.4993
71,NVDA,low,-3.289,10011.63,0.12,9.73,-9.61,0.92,0.963,40,0.5,0.53,0.0169,0.2891,False,False,0.2858,0.0292,0.4993
71,PYPL,low,2.9735,10241.38,2.41,-5.3,7.71,8.357,10.084,41,0.537,0.95,0.033,0.2891,False,False,0.2858,0.0292,0.4993
71,QQQ,low,-0.5699,9952.88,-0.47,-6.88,6.4,-5.088,-4.26,40,0.525,0.67,0.0345,0.2891,False,False,0.2858,0.0292,0.4993
71,SPY,low,-2.1133,9989.76,-0.1,-0.34,0.23,-7.51,-6.651,40,0.4,0.13,0.0078,0.2891,False,False,0.2858,0.0292,0.4993
71,UNG,low,-4.484,9947.54,-0.52,13.24,-13.76,-3.861,-4.135,43,0.372,1.4,0.0393,0.2891,False,False,0.2858,0.0292,0.4993
71,USO,low,-4.3635,9975.21,-0.25,15.08,-15.33,-2.695,-1.886,42,0.476,0.49,0.0439,0.2891,False,False,0.2858,0.0292,0.4993
71,XBI,low,-2.8764,9985.34,-0.15,7.7,-7.85,-1.48,-1.211,40,0.5,0.75,0.0327,0.2891,False,False,0.2858,0.0292,0.4993
71,XLE,low,-2.4563,9980.2,-0.2,-3.46,3.26,-8.307,-6.841,40,0.4,0.26,0.013,0.2891,False,False,0.2858,0.0292,0.4993
72,AAPL,low,-2.4289,9974.12,-0.26,0.85,-1.11,-7.12,-5.692,39,0.333,0.34,0.0183,0.2885,False,False,0.339,0.0242,0.5
72,ARKK,low,3.1006,10076.62,0.77,7.44,-6.67,4.85,4.979,41,0.537,0.62,0.0199,0.2885,False,False,0.339,0.0242,0.5
72,GLD,low,-2.6212,9984.2,-0.16,1.51,-1.67,-10.078,-7.885,40,0.3,0.17,0.0081,0.2885,False,False,0.339,0.0242,0.5
72,IWM,low,-2.1991,9962.71,-0.37,1.47,-1.84,-5.034,-4.215,40,0.5,0.65,0.0221,0.2885,False,False,0.339,0.0242,0.5
72,KRE,low,-2.5585,9969.42,-0.31,5.05,-5.36,-4.318,-2.979,39,0.487,0.59,0.0226,0.2885,False,False,0.339,0.0242,0.5
72,NFLX,low,-2.8873,9954.22,-0.46,-1.32,0.87,-8.28,-7.339,40,0.3,0.68,0.029,0.2885,False,False,0.339,0.0242,0.5
72,NVDA,low,-2.1137,9930.08,-0.7,0.39,-1.09,-4.792,-4.703,41,0.512,1.07,0.0378,0.2885,False,False,0.339,0.0242,0.5
72,PYPL,low,0.8636,9955.23,-0.45,-14.39,13.94,-5.716,-4.257,41,0.366,0.49,0.0449,0.2885,False,False,0.339,0.0242,0.5
72,QQQ,low,-1.58,9980.78,-0.19,2.24,-2.44,-5.667,-4.052,40,0.3,0.27,0.0075,0.2885,False,False,0.339,0.0242,0.5
72,SPY,low,-4.1537,9976.27,-0.24,7.22,-7.45,-4.743,-5.01,40,0.425,0.32,0.0162,0.2885,False,False,0.339,0.0242,0.5
72,UNG,low,-0.6517,9931.53,-0.68,7.45,-8.13,-7.558,-5.046,44,0.386,0.82,0.0406,0.2885,False,False,0.339,0.0242,0.5
72,USO,low,-3.9124,9909.82,-0.9,-10.91,10.01,-3.268,-2.244,42,0.429,1.92,0.0399,0.2885,False,False,0.339,0.0242,0.5
72,XBI,low,-2.0653,9955.99,-0.44,0.17,-0.61,-8.754,-8.162,41,0.317,0.47,0.0346,0.2885,False,False,0.339,0.0242,0.5
72,XLE,low,-3.21,9974.06,-0.26,5.46,-5.72,-4.856,-4.026,40,0.375,0.34,0.0293,0.2885,False,False,0.339,0.0242,0.5
73,AAPL,low,-1.9689,9922.66,-0.77,0.07,-0.84,-4.48,-2.617,41,0.415,0.95,0.0203,0.288,False,False,0.4442,0.0366,0.5
73,ARKK,low,-1.8032,9990.08,-0.1,-3.67,3.57,-0.779,-0.884,42,0.381,0.58,0.0351,0.288,False,False,0.4442,0.0366,0.5
73,GLD,low,-2.0205,9990.71,-0.09,-2.74,2.65,-5.507,-5.331,39,0.333,0.11,0.0065,0.288,False,False,0.4442,0.0366,0.5
73,IWM,low,-0.5499,9987.44,-0.13,3.74,-3.87,-1.126,-0.989,40,0.55,0.47,0.0229,0.288,False,False,0.4442,0.0366,0.5
73,KRE,low,-0.0271,9992.9,-0.07,5.71,-5.78,-1.751,-1.382,40,0.55,0.25,0.0151,0.288,False,False,0.4442,0.0366,0.5
73,NFLX,low,-2.9548,9986.76,-0.13,-6.58,6.44,-2.08,-1.973,41,0.463,0.43,0.0315,0.288,False,False,0.4442,0.0366,0.5
73,NVDA,low,-1.8385,9990.51,-0.09,-2.8,2.71,-1.416,-1.318,40,0.55,0.19,0.0284,0.288,False,False,0.4442,0.0366,0.5
73,PYPL,low,-2.4561,9962.41,-0.38,-1.61,1.23,-7.716,-7.126,39,0.436,0.38,0.0306,0.288,False,False,0.4442,0.0366,0.5
73,QQQ,low,1.5665,10105.04,1.05,2.28,-1.22,8.194,10.342,39,0.615,0.5,0.0152,0.288,False,False,0.4442,0.0366,0.5
73,SPY,low,-1.316,9997.07,-0.03,0.6,-0.63,-2.749,-3.501,40,0.45,0.04,0.0091,0.288,False,False,0.4442,0.0366,0.5
73,UNG,low,-5.2035,9992.58,-0.07,18.84,-18.91,-0.945,-0.882,42,0.452,0.32,0.0391,0.288,False,False,0.4442,0.0366,0.5
73,USO,low,-5.2364,9976.96,-0.23,13.18,-13.41,-2.296,-1.674,41,0.512,0.8,0.0249,0.288,False,False,0.4442,0.0366,0.5
73,XBI,low,3.465,10084.69,0.85,-12.02,12.87,3.417,3.243,40,0.6,1.12,0.0309,0.288,False,False,0.4442,0.0366,0.5
73,XLE,low,-1.5894,9954.49,-0.46,1.21,-1.66,-8.875,-7.161,40,0.325,0.54,0.0283,0.288,False,False,0.4442,0.0366,0.5
74,AAPL,low,-2.821,9982.43,-0.18,-6.08,5.9,-6.447,-5.043,41,0.561,0.21,0.0255,0.2874,False,False,0.4369,0.0467,0.5
74,ARKK,low,-4.6696,9924.86,-0.75,-12.93,12.18,-8.39,-6.306,41,0.585,0.98,0.0266,0.2874,False,False,0.4369,0.0467,0.5
74,GLD,low,-2.608,9987.37,-0.13,3.43,-3.56,-8.234,-5.84,39,0.256,0.13,0.0061,0.2874,False,False,0.4369,0.0467,0.5
74,IWM,low,-1.4026,9988.66,-0.11,-0.75,0.64,-3.034,-2.23,40,0.525,0.24,0.0179,0.2874,False,False,0.4369,0.0467,0.5
74,KRE,low,0.0441,9969.23,-0.31,9.42,-9.73,-3.084,-2.228,41,0.61,0.55,0.019,0.2874,False,False,0.4369,0.0467,0.5
74,NFLX,low,-1.2457,9957.49,-0.43,-2.32,1.9,-4.15,-2.947,41,0.512,0.63,0.0353,0.2874,False,False,0.4369,0.0467,0.5
74,NVDA,low,-1.7744,9951.1,-0.49,-4.07,3.58,-1.675,-1.442,42,0.548,1.62,0.0388,0.2874,False,False,0.4369,0.0467,0.5
74,PYPL,low,-0.9949,10010.41,0.1,5.11,-5.01,0.665,0.643,40,0.475,1.02,0.0205,0.2874,False,False,0.4369,0.0467,0.5
74,QQQ,low,-2.223,9988.42,-0.12,-3.28,3.16,-3.491,-2.708,40,0.425,0.22,0.016,0.2874,False,False,0.4369,0.0467,0.5
74,SPY,low,-2.1524,9992.9,-0.07,4.96,-5.03,-5.267,-4.588,40,0.375,0.08,0.006,0.2874,False,False,0.4369,0.0467,0.5
74,UNG,low,-0.2977,9979.38,-0.21,2.88,-3.09,-0.37,-0.338,43,0.442,2.48,0.0448,0.2874,False,False,0.4369,0.0467,0.5
74,USO,low,-2.9555,9972.29,-0.28,7.59,-7.86,-3.941,-3.244,40,0.4,0.36,0.0396,0.2874,False,False,0.4369,0.0467,0.5
74,XBI,low,0.0237,9957.9,-0.42,-7.49,7.07,-3.477,-2.506,42,0.476,0.76,0.0421,0.2874,False,False,0.4369,0.0467,0.5
74,XLE,low,-1.8011,9945.8,-0.54,-5.17,4.63,-5.276,-3.31,41,0.463,0.93,0.0236,0.2874,False,False,0.4369,0.0467,0.5
75,AAPL,low,-1.9881,9991.52,-0.08,-2.64,2.55,-2.779,-2.292,41,0.512,0.17,0.0224,0.2868,False,False,0.2912,0.0626,0.5
75,ARKK,low,-2.9138,9912.42,-0.88,-2.3,1.42,-6.708,-4.417,43,0.442,0.92,0.0478,0.2868,False,False,0.2912,0.0626,0.5
75,GLD,low,-0.4099,9990.82,-0.09,4.18,-4.27,-2.513,-1.929,40,0.3,0.2,0.0121,0.2868,False,False,0.2912,0.0626,0.5
75,IWM,low,-2.2647,9969.58,-0.3,-2.32,2.01,-8.839,-7.852,41,0.439,0.43,0.0384,0.2868,False,False,0.2912,0.0626,0.5
75,KRE,low,-2.1494,9962.09,-0.38,-4.21,3.83,-3.372,-3.433,41,0.439,0.94,0.0179,0.2868,False,False,0.2912,0.0626,0.5
75,NFLX,low,-2.1915,10004.66,0.05,2.59,-2.55,0.668,0.654,40,0.525,0.32,0.0299,0.2868,False,False,0.2912,0.0626,0.5
75,NVDA,low,-2.8192,9988.6,-0.11,-7.39,7.28,-2.621,-2.427,41,0.463,0.25,0.034,0.2868,False,False,0.2912,0.0626,0.5
75,PYPL,low,-1.6205,9969.05,-0.31,-1.27,0.96,-6.338,-6.011,40,0.425,0.42,0.0361,0.2868,False,False,0.2912,0.0626,0.5
75,QQQ,low,-1.0107,9966.81,-0.33,-5.36,5.03,-12.514,-10.519,40,0.3,0.37,0.0264,0.2868,False,False,0.2912,0.0626,0.5
75,SPY,low,-3.6981,9967.88,-0.32,-2.75,2.43,-10.51,-8.411,40,0.3,0.35,0.0144,0.2868,False,False,0.2912,0.0626,0.5
75,UNG,low,1.8985,9846.06,-1.54,-25.25,23.71,-4.801,-3.134,41,0.585,1.8,0.0478,0.2868,False,False,0.2912,0.0626,0.5
75,USO,low,-3.1464,9876.3,-1.24,-0.06,-1.17,-9.705,-7.31,42,0.452,1.35,0.0427,0.2868,False,False,0.2912,0.0626,0.5
75,XBI,low,-3.9324,9985.84,-0.14,-10.4,10.26,-3.112,-2.484,40,0.525,0.31,0.0441,0.2868,False,False,0.2912,0.0626,0.5
75,XLE,low,-3.8761,9979.91,-0.2,-9.42,9.22,-5.602,-4.92,39,0.385,0.28,0.0275,0.2868,False,False,0.2912,0.0626,0.5
76,AAPL,low,0.1928,9984.0,-0.16,-8.75,8.59,-3.651,-2.726,40,0.35,0.22,0.0245,0.2862,False,False,0.3546,0.0533,0.5
76,ARKK,low,-2.4752,9927.71,-0.72,0.55,-1.27,-5.418,-5.69,40,0.4,0.94,0.0365,0.2862,False,False,0.3546,0.0533,0.5
76,GLD,low,-1.6689,9984.26,-0.16,-3.16,3.0,-3.482,-3.822,39,0.513,0.3,0.0156,0.2862,False,False,0.3546,0.0533,0.5
76,IWM,low,-0.6882,9994.84,-0.05,2.08,-2.13,-0.932,-0.814,41,0.488,0.43,0.0356,0.2862,False,False,0.3546,0.0533,0.5
76,KRE,low,-1.1853,9994.97,-0.05,-1.19,1.14,-0.598,-0.558,41,0.512,0.53,0.0235,0.2862,False,False,0.3546,0.0533,0.5
76,NFLX,low,-1.5371,9973.54,-0.26,-0.5,0.24,-4.293,-3.415,40,0.325,0.49,0.0266,0.2862,False,False,0.3546,0.0533,0.5
76,NVDA,low,-0.9221,9981.49,-0.19,0.81,-1.0,-2.055,-1.744,40,0.575,0.5,0.0263,0.2862,False,False,0.3546,0.0533,0.5
76,PYPL,low,-1.7339,9980.94,-0.19,-0.57,0.38,-3.843,-3.265,40,0.4,0.36,0.0356,0.2862,False,False,0.3546,0.0533,0.5
76,QQQ,low,-0.1644,9976.64,-0.23,8.73,-8.96,-4.821,-3.197,41,0.415,0.33,0.0273,0.2862,False,False,0.3546,0.0533,0.5
76,SPY,low,-3.0055,9984.58,-0.15,3.51,-3.66,-8.387,-7.779,39,0.385,0.18,0.0036,0.2862,False,False,0.3546,0.0533,0.5
76,UNG,low,0.1125,9964.75,-0.35,13.76,-14.11,-5.277,-4.587,42,0.452,0.38,0.0432,0.2862,False,False,0.3546,0.0533,0.5
76,USO,low,-0.6864,9954.0,-0.46,-5.01,4.55,-4.633,-3.399,40,0.575,0.64,0.0372,0.2862,False,False,0.3546,0.0533,0.5
76,XBI,low,-2.0723,9978.05,-0.22,-0.09,-0.13,-4.553,-4.266,41,0.512,0.41,0.0468,0.2862,False,False,0.3546,0.0533,0.5
76,XLE,low,-2.648,9967.63,-0.32,3.6,-3.93,-10.564,-9.394,41,0.39,0.39,0.0345,0.2862,False,False,0.3546,0.0533,0.5
77,AAPL,low,-3.4725,9990.31,-0.1,7.41,-7.5,-3.434,-3.797,40,0.475,0.17,0.0117,0.2857,False,False,0.4874,0.1058,0.5
77,ARKK,low,0.8794,9978.61,-0.21,9.08,-9.29,-3.972,-2.877,41,0.463,0.39,0.0351,0.2857,False,False,0.4874,0.1058,0.5
77,GLD,low,-2.8657,9978.11,-0.22,-0.9,0.69,-11.023,-9.027,39,0.308,0.24,0.0127,0.2857,False,False,0.4874,0.1058,0.5
77,IWM,low,-2.3292,9994.26,-0.06,-6.81,6.75,-0.534,-0.527,40,0.7,0.39,0.0339,0.2857,False,False,0.4874,0.1058,0.5
77,KRE,low,-0.733,9980.78,-0.19,-8.42,8.23,-1.548,-1.662,40,0.5,0.82,0.0164,0.2857,False,False,0.4874,0.1058,0.5
77,NFLX,low,-3.4962,9943.56,-0.56,9.54,-10.1,-6.765,-5.233,41,0.463,0.72,0.0518,0.2857,False,False,0.4874,0.1058,0.5
77,NVDA,low,-1.056,10148.61,1.49,-6.48,7.97,3.624,4.001,41,0.585,1.13,0.0364,0.2857,False,False,0.4874,0.1058,0.5
77,PYPL,low,-2.744,9961.3,-0.39,-5.4,5.01,-9.852,-7.276,40,0.5,0.49,0.0208,0.2857,False,False,0.4874,0.1058,0.5
77,QQQ,low,-0.6323,9984.96,-0.15,-4.84,4.69,-5.315,-4.576,40,0.425,0.22,0.0183,0.2857,False,False,0.4874,0.1058,0.5
77,SPY,low,-1.3274,9978.57,-0.21,3.35,-3.56,-7.34,-6.401,40,0.475,0.23,0.0202,0.2857,False,False,0.4874,0.1058,0.5
77,UNG,low,0.4268,9944.28,-0.56,7.21,-7.77,-2.865,-2.29,41,0.415,1.26,0.0373,0.2857,False,False,0.4874,0.1058,0.5
77,USO,low,-0.7232,9964.25,-0.36,-2.18,1.83,-3.875,-2.312,42,0.524,0.58,0.0368,0.2857,False,False,0.4874,0.1058,0.5
77,XBI,low,-2.809,9963.73,-0.36,4.41,-4.78,-5.445,-4.13,41,0.512,0.38,0.0469,0.2857,False,False,0.4874,0.1058,0.5
77,XLE,low,-1.8773,9977.77,-0.22,0.17,-0.39,-6.7,-6.979,41,0.341,0.25,0.0286,0.2857,False,False,0.4874,0.1058,0.5
78,AAPL,low,-1.9027,9988.23,-0.12,-1.59,1.47,-5.538,-4.721,40,0.3,0.13,0.0105,0.2851,False,False,0.3957,0.0785,0.5
78,ARKK,low,-2.9551,9995.94,-0.04,8.65,-8.69,-0.73,-0.586,40,0.525,0.22,0.0364,0.2851,False,False,0.3957,0.0785,0.5
78,GLD,low,-2.4021,9993.31,-0.07,-2.92,2.85,-2.257,-2.312,40,0.4,0.16,0.0038,0.2851,False,False,0.3957,0.0785,0.5
78,IWM,low,-1.803,9987.15,-0.13,-1.4,1.27,-4.018,-4.127,41,0.537,0.22,0.0239,0.2851,False,False,0.3957,0.0785,0.5
78,KRE,low,-0.2974,9973.82,-0.26,7.81,-8.07,-6.771,-5.158,40,0.325,0.27,0.0276,0.2851,False,False,0.3957,0.0785,0.5
78,NFLX,low,-2.6608,9988.78,-0.11,3.56,-3.67,-2.132,-1.884,41,0.463,0.27,0.0352,0.2851,False,False,0.3957,0.0785,0.5
78,NVDA,low,-2.9648,9915.31,-0.85,0.93,-1.78,-7.69,-4.604,42,0.548,1.1,0.0449,0.2851,False,False,0.3957,0.0785,0.5
78,PYPL,low,-0.6266,9988.73,-0.11,1.11,-1.23,-1.59,-1.195,41,0.512,0.44,0.0439,0.2851,False,False,0.3957,0.0785,0.5
78,QQQ,low,-3.6781,10012.35,0.12,2.95,-2.83,1.886,2.084,40,0.45,0.38,0.0055,0.2851,False,False,0.3957,0.0785,0.5
78,SPY,low,-1.2162,9992.93,-0.07,3.26,-3.33,-1.606,-1.691,39,0.436,0.22,0.0051,0.2851,False,False,0.3957,0.0785,0.5
78,UNG,low,1.527,9928.42,-0.72,14.18,-14.9,-3.44,-2.185,41,0.537,1.17,0.037,0.2851,False,False,0.3957,0.0785,0.5
78,USO,low,0.0891,10085.95,0.86,4.23,-3.37,5.335,9.836,40,0.6,0.34,0.0426,0.2851,False,False,0.3957,0.0785,0.5
78,XBI,low,-1.2143,9970.91,-0.29,-4.56,4.27,-8.604,-5.829,40,0.475,0.34,0.0249,0.2851,False,False,0.3957,0.0785,0.5
78,XLE,low,0.9906,9970.21,-0.3,12.73,-13.03,-3.043,-2.769,40,0.475,0.76,0.0155,0.2851,False,False,0.3957,0.0785,0.5
79,AAPL,low,-1.6339,10069.66,0.7,8.38,-7.69,4.023,5.61,40,0.5,0.76,0.0242,0.2845,False,False,0.4661,0.0731,0.5
79,ARKK,low,-2.9144,9983.61,-0.16,-8.24,8.07,-0.911,-0.687,40,0.45,1.16,0.0379,0.2845,False,False,0.4661,0.0731,0.5
79,GLD,low,-1.4682,9993.17,-0.07,1.42,-1.49,-1.88,-1.306,40,0.35,0.23,0.005,0.2845,False,False,0.4661,0.0731,0.5
79,IWM,low,1.0649,10114.85,1.15,3.92,-2.77,6.149,10.841,39,0.59,0.63,0.016,0.2845,False,False,0.4661,0.0731,0.5
79,KRE,low,0.8608,9999.82,-0.0,15.6,-15.6,0.012,0.012,40,0.475,0.44,0.0328,0.2845,False,False,0.4661,0.0731,0.5
79,NFLX,low,-1.6287,9987.25,-0.13,4.26,-4.39,-2.944,-2.141,40,0.4,0.29,0.0245,0.2845,False,False,0.4661,0.0731,0.5
79,NVDA,low,-2.6681,9969.31,-0.31,6.2,-6.51,-2.574,-2.363,42,0.429,0.94,0.0316,0.2845,False,False,0.4661,0.0731,0.5
79,PYPL,low,3.0256,10213.32,2.13,-7.01,9.14,6.151,7.8,41,0.585,1.19,0.037,0.2845,False,False,0.4661,0.0731,0.5
79,QQQ,low,-1.8735,9979.45,-0.21,3.49,-3.7,-1.718,-1.503,39,0.462,0.61,0.0295,0.2845,False,False,0.4661,0.0731,0.5
79,SPY,low,-2.6006,9984.56,-0.15,0.07,-0.22,-12.872,-11.173,39,0.205,0.16,0.0064,0.2845,False,False,0.4661,0.0731,0.5
79,UNG,low,1.0385,9962.25,-0.38,12.5,-12.88,-1.77,-1.186,42,0.381,1.55,0.0433,0.2845,False,False,0.4661,0.0731,0.5
79,USO,low,-1.254,9972.54,-0.27,4.82,-5.09,-5.04,-4.505,41,0.537,0.47,0.0359,0.2845,False,False,0.4661,0.0731,0.5
79,XBI,low,-1.2939,10048.06,0.48,-9.4,9.88,2.32,2.475,39,0.564,1.28,0.0316,0.2845,False,False,0.4661,0.0731,0.5
79,XLE,low,-3.8124,9964.13,-0.36,10.39,-10.75,-6.302,-4.608,41,0.366,0.56,0.034,0.2845,False,False,0.4661,0.0731,0.5
80,AAPL,low,-0.9379,9964.67,-0.35,4.98,-5.34,-5.324,-3.6,40,0.3,0.47,0.0338,0.2839,False,False,0.5,0.1709,0.5
80,ARKK,low,0.6006,9971.38,-0.29,-10.3,10.02,-3.712,-2.399,40,0.475,0.47,0.0387,0.2839,False,False,0.5,0.1709,0.5
80,GLD,low,-3.0747,9976.19,-0.24,1.49,-1.72,-4.398,-3.411,40,0.375,0.33,0.0268,0.2839,False,False,0.5,0.1709,0.5
80,IWM,low,0.0866,9965.93,-0.34,4.45,-4.79,-2.385,-1.778,40,0.55,0.99,0.0302,0.2839,False,False,0.5,0.1709,0.5
80,KRE,low,-2.1681,9969.88,-0.3,1.93,-2.23,-7.521,-6.757,41,0.512,0.34,0.0414,0.2839,False,False,0.5,0.1709,0.5
80,NFLX,low,-2.4404,9967.08,-0.33,3.78,-4.1,-3.305,-2.51,40,0.525,0.77,0.0326,0.2839,False,False,0.5,0.1709,0.5
80,NVDA,low,-1.5461,9971.11,-0.29,0.28,-0.57,-7.897,-6.518,41,0.463,0.29,0.0452,0.2839,False,False,0.5,0.1709,0.5
80,PYPL,low,-3.5589,9990.79,-0.09,-10.59,10.5,-1.147,-0.859,40,0.4,0.46,0.0258,0.2839,False,False,0.5,0.1709,0.5
80,QQQ,low,-2.0955,10002.01,0.02,3.55,-3.53,0.324,0.327,41,0.39,0.32,0.0242,0.2839,False,False,0.5,0.1709,0.5
80,SPY,low,-1.9467,9990.23,-0.1,-0.13,0.03,-8.21,-7.68,40,0.375,0.11,0.0161,0.2839,False,False,0.5,0.1709,0.5
80,UNG,low,0.3497,9917.33,-0.83,14.55,-15.38,-4.894,-4.277,40,0.475,1.16,0.0486,0.2839,False,False,0.5,0.1709,0.5
80,USO,low,0.9729,10024.21,0.24,12.25,-12.0,1.083,1.507,40,0.475,1.47,0.0309,0.2839,False,False,0.5,0.1709,0.5
80,XBI,low,-3.5106,9945.3,-0.55,-3.92,3.38,-7.071,-5.399,40,0.6,0.66,0.0349,0.2839,False,False,0.5,0.1709,0.5
80,XLE,low,-2.557,9947.5,-0.52,-4.26,3.73,-6.787,-4.324,41,0.366,0.56,0.0432,0.2839,False,False,0.5,0.1709,0.5
81,AAPL,low,-2.2078,9993.83,-0.06,4.61,-4.67,-0.94,-0.845,40,0.5,0.34,0.0316,0.2834,False,False,0.4068,0.0327,0.5
81,ARKK,low,-1.0315,10031.53,0.32,-3.8,4.11,2.164,2.626,40,0.525,0.61,0.0353,0.2834,False,False,0.4068,0.0327,0.5
81,GLD,low,-1.4577,10033.81,0.34,-2.93,3.27,3.641,5.563,40,0.475,0.34,0.0259,0.2834,False,False,0.4068,0.0327,0.5
81,IWM,low,-0.3285,9997.54,-0.02,-5.28,5.25,-0.654,-0.592,40,0.525,0.15,0.0368,0.2834,False,False,0.4068,0.0327,0.5
81,KRE,low,1.2456,10073.96,0.74,-5.62,6.36,6.799,9.735,39,0.462,0.41,0.0357,0.2834,False,False,0.4068,0.0327,0.5
81,NFLX,low,-7.3844,10005.82,0.06,20.37,-20.32,0.219,0.491,40,0.45,1.09,0.0533,0.2834,False,False,0.4068,0.0327,0.5
81,NVDA,low,-0.5994,9931.91,-0.68,-0.28,-0.4,-2.718,-1.636,41,0.512,1.34,0.057,0.2834,False,False,0.4068,0.0327,0.5
81,PYPL,low,-1.4273,10015.1,0.15,-0.37,0.52,2.57,3.274,39,0.487,0.23,0.03,0.2834,False,False,0.4068,0.0327,0.5
81,QQQ,low,-0.5386,9986.08,-0.14,4.16,-4.3,-4.345,-3.895,40,0.4,0.19,0.036,0.2834,False,False,0.4068,0.0327,0.5
81,SPY,low,-2.9054,9993.49,-0.07,-3.03,2.96,-1.402,-1.412,39,0.487,0.27,0.0222,0.2834,False,False,0.4068,0.0327,0.5
81,UNG,low,-4.2215,9908.62,-0.91,12.16,-13.07,-4.465,-3.498,42,0.452,1.92,0.0585,0.2834,False,False,0.4068,0.0327,0.5
81,USO,low,-1.6361,9937.05,-0.63,-0.57,-0.05,-5.672,-3.516,42,0.571,1.0,0.0641,0.2834,False,False,0.4068,0.0327,0.5
81,XBI,low,-2.458,9975.85,-0.24,7.72,-7.96,-0.892,-0.89,41,0.585,1.46,0.0442,0.2834,False,False,0.4068,0.0327,0.5
81,XLE,low,-2.101,9958.49,-0.42,-3.25,2.83,-3.547,-3.425,40,0.45,0.97,0.0368,0.2834,False,False,0.4068,0.0327,0.5
82,AAPL,low,-2.3488,9945.59,-0.54,-3.71,3.17,-5.476,-3.636,41,0.512,0.76,0.0552,0.2828,False,False,0.4682,0.0447,0.5
82,ARKK,low,0.5585,9994.09,-0.06,-10.64,10.58,-0.985,-0.846,41,0.537,0.3,0.0575,0.2828,False,False,0.4682,0.0447,0.5
82,GLD,low,-3.4972,9987.98,-0.12,-4.26,4.14,-1.796,-2.019,40,0.5,0.3,0.0266,0.2828,False,False,0.4682,0.0447,0.5
82,IWM,low,-0.9191,9985.91,-0.14,-4.19,4.05,-3.192,-2.98,40,0.425,0.25,0.0251,0.2828,False,False,0.4682,0.0447,0.5
82,KRE,low,-3.0662,9966.84,-0.33,-3.31,2.97,-4.182,-2.877,41,0.512,0.61,0.0309,0.2828,False,False,0.4682,0.0447,0.5
82,NFLX,low,-1.7225,9995.92,-0.04,-1.47,1.43,-0.717,-0.591,40,0.4,0.35,0.0414,0.2828,False,False,0.4682,0.0447,0.5
82,NVDA,low,0.2855,9965.56,-0.34,7.54,-7.88,-5.569,-4.505,41,0.366,0.41,0.055,0.2828,False,False,0.4682,0.0447,0.5
82,PYPL,low,2.5924,9995.78,-0.04,14.2,-14.24,-0.126,-0.1,40,0.525,1.42,0.0464,0.2828,False,False,0.4682,0.0447,0.5
82,QQQ,low,-1.0756,9975.7,-0.24,-3.92,3.68,-7.385,-6.503,40,0.45,0.3,0.042,0.2828,False,False,0.4682,0.0447,0.5
82,SPY,low,1.4926,10010.88,0.11,7.61,-7.51,1.095,1.401,40,0.6,0.37,0.0244,0.2828,False,False,0.4682,0.0447,0.5
82,UNG,low,-5.9624,10092.17,0.92,-17.13,18.05,2.127,2.57,42,0.405,2.73,0.0517,0.2828,False,False,0.4682,0.0447,0.5
82,USO,low,-3.889,9977.91,-0.22,11.68,-11.91,-5.432,-4.257,40,0.4,0.36,0.0479,0.2828,False,False,0.4682,0.0447,0.5
82,XBI,low,-0.9378,9989.43,-0.11,-2.83,2.72,-0.882,-0.958,42,0.452,0.5,0.0576,0.2828,False,False,0.4682,0.0447,0.5
82,XLE,low,-0.5035,9990.79,-0.09,3.96,-4.06,-4.414,-3.789,40,0.475,0.11,0.0305,0.2828,False,False,0.4682,0.0447,0.5
83,AAPL,low,-1.3447,9987.64,-0.12,-0.97,0.85,-6.792,-6.298,40,0.425,0.14,0.0258,0.2822,False,False,0.4724,0.0435,0.5
83,ARKK,low,-2.9606,9967.53,-0.32,-8.01,7.68,-4.986,-4.423,40,0.375,0.46,0.0374,0.2822,False,False,0.4724,0.0435,0.5
83,GLD,low,-0.1987,10002.11,0.02,7.65,-7.63,0.181,0.127,40,0.35,0.66,0.0286,0.2822,False,False,0.4724,0.0435,0.5
83,IWM,low,-1.2922,10011.05,0.11,2.29,-2.18,1.224,1.098,40,0.5,0.42,0.0328,0.2822,False,False,0.4724,0.0435,0.5
83,KRE,low,-1.8432,9989.26,-0.11,2.44,-2.54,-2.692,-2.838,41,0.537,0.34,0.0398,0.2822,False,False,0.4724,0.0435,0.5
83,NFLX,low,-4.439,9922.74,-0.77,5.17,-5.94,-6.757,-6.058,40,0.45,1.1,0.0448,0.2822,False,False,0.4724,0.0435,0.5
83,NVDA,low,-5.5543,9958.78,-0.41,16.08,-16.49,-7.187,-6.015,41,0.341,0.46,0.0461,0.2822,False,False,0.4724,0.0435,0.5
83,PYPL,low,0.7279,9947.82,-0.52,-17.03,16.51,-8.355,-7.625,41,0.366,0.53,0.0527,0.2822,False,False,0.4724,0.0435,0.5
83,QQQ,low,-1.1782,9979.21,-0.21,3.87,-4.08,-5.364,-4.594,38,0.447,0.31,0.0283,0.2822,False,False,0.4724,0.0435,0.5
83,SPY,low,-1.9216,9982.87,-0.17,-0.14,-0.03,-5.309,-4.506,41,0.512,0.19,0.0231,0.2822,False,False,0.4724,0.0435,0.5
83,UNG,low,0.961,9986.59,-0.13,15.06,-15.19,-0.187,-0.173,42,0.5,2.01,0.0551,0.2822,False,False,0.4724,0.0435,0.5
83,USO,low,-3.3983,9905.71,-0.94,-9.39,8.44,-5.615,-3.215,42,0.381,1.12,0.0605,0.2822,False,False,0.4724,0.0435,0.5
83,XBI,low,-2.2444,9991.08,-0.09,-3.98,3.89,-2.356,-2.28,41,0.39,0.24,0.0416,0.2822,False,False,0.4724,0.0435,0.5
83,XLE,low,-2.1312,9955.35,-0.45,2.92,-3.37,-7.793,-4.914,39,0.436,0.57,0.0465,0.2822,False,False,0.4724,0.0435,0.5
84,AAPL,low,-0.2185,9991.7,-0.08,-5.08,5.0,-1.036,-0.915,41,0.561,0.24,0.0449,0.2817,False,False,0.4942,0.048,0.5
84,ARKK,low,-0.2585,9941.73,-0.58,-4.92,4.33,-2.529,-2.237,41,0.488,1.21,0.0491,0.2817,False,False,0.4942,0.048,0.5
84,GLD,low,-2.4007,9989.36,-0.11,3.82,-3.93,-5.366,-3.195,40,0.375,0.14,0.0168,0.2817,False,False,0.4942,0.048,0.5
84,IWM,low,-1.196,9996.82,-0.03,0.13,-0.17,-1.374,-1.414,40,0.5,0.17,0.0235,0.2817,False,False,0.4942,0.048,0.5
84,KRE,low,1.428,9957.96,-0.42,15.34,-15.76,-2.823,-2.19,40,0.375,0.81,0.0453,0.2817,False,False,0.4942,0.048,0.5
84,NFLX,low,1.96,10013.62,0.14,-15.75,15.89,1.489,1.363,41,0.488,0.27,0.0436,0.2817,False,False,0.4942,0.048,0.5
84,NVDA,low,-2.7487,9972.35,-0.28,3.73,-4.0,-1.416,-1.094,41,0.585,1.51,0.038,0.2817,False,False,0.4942,0.048,0.5
84,PYPL,low,-1.9054,9974.82,-0.25,-0.75,0.5,-1.453,-1.465,42,0.429,1.11,0.0492,0.2817,False,False,0.4942,0.048,0.5
84,QQQ,low,-0.2258,9996.17,-0.04,-4.57,4.53,-1.741,-1.611,40,0.425,0.13,0.0304,0.2817,False,False,0.4942,0.048,0.5
84,SPY,low,-2.178,9974.05,-0.26,-1.53,1.27,-7.82,-5.367,40,0.35,0.27,0.0199,0.2817,False,False,0.4942,0.048,0.5
84,UNG,low,-1.0685,9917.96,-0.82,6.64,-7.46,-4.576,-3.735,44,0.364,1.36,0.0542,0.2817,False,False,0.4942,0.048,0.5
84,USO,low,2.1358,10238.61,2.39,0.24,2.14,6.995,7.603,41,0.561,1.07,0.0491,0.2817,False,False,0.4942,0.048,0.5
84,XBI,low,-1.3527,9960.14,-0.4,4.07,-4.47,-3.984,-3.398,40,0.4,0.81,0.0374,0.2817,False,False,0.4942,0.048,0.5
84,XLE,low,0.7609,9996.86,-0.03,9.37,-9.41,-0.684,-0.585,41,0.537,0.28,0.0381,0.2817,False,False,0.4942,0.048,0.5
85,AAPL,low,-0.5637,9977.03,-0.23,-4.13,3.9,-2.385,-2.035,41,0.488,0.81,0.0381,0.2811,False,False,0.2973,0.0303,0.4897
85,ARKK,low,-8.566,9925.19,-0.75,26.72,-27.47,-3.204,-2.586,42,0.548,1.33,0.052,0.2811,False,False,0.2973,0.0303,0.4897
85,GLD,low,-2.3281,9991.7,-0.08,3.0,-3.08,-4.54,-3.209,40,0.375,0.12,0.0213,0.2811,False,False,0.2973,0.0303,0.4897
85,IWM,low,-0.2677,10010.44,0.1,-2.76,2.86,2.258,2.497,40,0.45,0.31,0.0336,0.2811,False,False,0.2973,0.0303,0.4897
85,KRE,low,-0.3954,9993.24,-0.07,-0.3,0.23,-0.46,-0.428,40,0.55,1.22,0.0284,0.2811,False,False,0.2973,0.0303,0.4897
85,NFLX,low,-1.1297,9981.93,-0.18,2.46,-2.64,-3.421,-3.373,39,0.487,0.34,0.0397,0.2811,False,False,0.2973,0.0303,0.4897
85,NVDA,low,-2.6628,9963.6,-0.36,-3.8,3.43,-8.621,-7.085,41,0.415,0.46,0.0413,0.2811,False,False,0.2973,0.0303,0.4897
85,PYPL,low,2.6831,10151.04,1.51,7.98,-6.47,5.067,5.774,41,0.585,1.09,0.0406,0.2811,False,False,0.2973,0.0303,0.4897
85,QQQ,low,-1.7488,9980.68,-0.19,0.59,-0.78,-6.175,-5.172,39,0.436,0.27,0.0217,0.2811,False,False,0.2973,0.0303,0.4897
85,SPY,low,-2.6457,9979.5,-0.2,3.36,-3.56,-7.764,-5.39,39,0.282,0.24,0.0157,0.2811,False,False,0.2973,0.0303,0.4897
85,UNG,low,3.1954,9973.86,-0.26,22.78,-23.04,-1.227,-1.003,42,0.524,1.32,0.0497,0.2811,False,False,0.2973,0.0303,0.4897
85,USO,low,-2.7186,9969.24,-0.31,5.84,-6.15,-2.373,-2.069,42,0.476,0.78,0.0525,0.2811,False,False,0.2973,0.0303,0.4897
85,XBI,low,-2.5253,9941.12,-0.59,0.79,-1.38,-3.46,-2.592,42,0.476,1.17,0.036,0.2811,False,False,0.2973,0.0303,0.4897
85,XLE,low,-1.1538,9990.83,-0.09,0.0,-0.09,-4.995,-5.509,39,0.462,0.15,0.0283,0.2811,False,False,0.2973,0.0303,0.4897
86,AAPL,low,-1.7699,9976.1,-0.24,4.64,-4.88,-9.08,-7.405,40,0.275,0.25,0.0162,0.2806,False,False,0.5,0.0703,0.5
86,ARKK,low,-3.4223,9967.33,-0.33,-10.11,9.78,-4.499,-3.068,40,0.475,0.55,0.0301,0.2806,False,False,0.5,0.0703,0.5
86,GLD,low,-3.2741,9984.2,-0.16,7.23,-7.38,-6.955,-4.923,40,0.425,0.22,0.0217,0.2806,False,False,0.5,0.0703,0.5
86,IWM,low,-1.0642,9955.34,-0.45,-8.33,7.88,-7.5,-6.857,40,0.45,0.52,0.0291,0.2806,False,False,0.5,0.0703,0.5
86,KRE,low,0.286,9959.55,-0.4,4.58,-4.98,-3.698,-2.091,40,0.525,0.54,0.0349,0.2806,False,False,0.5,0.0703,0.5
86,NFLX,low,-2.0073,9945.29,-0.55,-4.2,3.65,-8.146,-7.172,41,0.415,0.73,0.0495,0.2806,False,False,0.5,0.0703,0.5
86,NVDA,low,-2.9697,9970.25,-0.3,6.11,-6.41,-7.051,-5.524,40,0.425,0.39,0.0373,0.2806,False,False,0.5,0.0703,0.5
86,PYPL,low,-2.5891,10010.45,0.1,5.39,-5.29,1.006,1.192,40,0.525,0.36,0.0217,0.2806,False,False,0.5,0.0703,0.5
86,QQQ,low,-3.4632,9979.35,-0.21,3.48,-3.69,-6.695,-5.169,40,0.525,0.25,0.0223,0.2806,False,False,0.5,0.0703,0.5
86,SPY,low,-2.4684,9967.85,-0.32,1.27,-1.59,-9.9,-7.935,40,0.425,0.34,0.0234,0.2806,False,False,0.5,0.0703,0.5
86,UNG,low,-2.2576,9920.43,-0.8,0.37,-1.16,-6.596,-4.806,42,0.5,1.26,0.0527,0.2806,False,False,0.5,0.0703,0.5
86,USO,low,0.0643,9952.94,-0.47,8.42,-8.89,-3.143,-2.483,40,0.675,0.75,0.0348,0.2806,False,False,0.5,0.0703,0.5
86,XBI,low,-0.782,9980.52,-0.19,-2.28,2.09,-3.122,-2.624,40,0.525,0.28,0.0314,0.2806,False,False,0.5,0.0703,0.5
86,XLE,low,-1.2484,9973.76,-0.26,6.81,-7.07,-4.908,-3.446,40,0.4,0.36,0.0322,0.2806,False,False,0.5,0.0703,0.5
87,AAPL,low,-1.7163,9968.65,-0.31,-1.79,1.48,-7.023,-4.97,41,0.415,0.42,0.0348,0.28,False,False,0.4908,0.061,0.5
87,ARKK,low,-0.9817,9991.48,-0.09,-3.39,3.3,-0.617,-0.492,39,0.538,0.7,0.0259,0.28,False,False,0.4908,0.061,0.5
87,GLD,low,-0.966,9984.89,-0.15,-4.17,4.02,-4.996,-3.965,39,0.385,0.16,0.0127,0.28,False,False,0.4908,0.061,0.5
87,IWM,low,-1.4833,9983.4,-0.17,2.05,-2.22,-6.188,-5.671,41,0.488,0.28,0.0283,0.28,False,False,0.4908,0.061,0.5
87,KRE,low,-2.734,9955.94,-0.44,1.35,-1.8,-8.268,-6.664,40,0.4,0.47,0.0298,0.28,False,False,0.4908,0.061,0.5
87,NFLX,low,-0.9903,9969.16,-0.31,2.7,-3.01,-3.507,-2.902,41,0.439,0.51,0.0425,0.28,False,False,0.4908,0.061,0.5
87,NVDA,low,-2.754,10156.63,1.57,-14.06,15.63,4.302,4.672,41,0.561,0.95,0.0476,0.28,False,False,0.4908,0.061,0.5
87,PYPL,low,-1.5948,9958.86,-0.41,2.14,-2.55,-11.175,-8.428,40,0.4,0.48,0.0283,0.28,False,False,0.4908,0.061,0.5
87,QQQ,low,-1.6643,9985.19,-0.15,0.91,-1.06,-5.894,-3.883,40,0.45,0.22,0.0103,0.28,False,False,0.4908,0.061,0.5
87,SPY,low,-1.8328,9989.99,-0.1,1.47,-1.57,-5.955,-4.848,39,0.359,0.12,0.0098,0.28,False,False,0.4908,0.061,0.5
87,UNG,low,-4.084,9917.12,-0.83,11.91,-12.74,-4.903,-3.046,42,0.5,1.08,0.0423,0.28,False,False,0.4908,0.061,0.5
87,USO,low,1.2893,10067.52,0.68,6.7,-6.02,4.422,5.527,39,0.538,0.61,0.0279,0.28,False,False,0.4908,0.061,0.5
87,XBI,low,-1.5147,9979.86,-0.2,-2.61,2.41,-1.167,-1.29,40,0.525,0.86,0.0318,0.28,False,False,0.4908,0.061,0.5
87,XLE,low,-2.4645,9973.7,-0.26,1.62,-1.88,-2.639,-2.152,40,0.4,0.65,0.0161,0.28,False,False,0.4908,0.061,0.5
88,AAPL,low,-1.018,9988.19,-0.12,-4.98,4.86,-1.864,-1.591,41,0.512,0.41,0.0323,0.2794,False,False,0.3756,0.0406,0.5
88,ARKK,low,-1.552,9969.11,-0.31,-0.75,0.44,-4.527,-3.211,40,0.45,0.42,0.0354,0.2794,False,False,0.3756,0.0406,0.5
88,GLD,low,-1.7342,9991.34,-0.09,0.62,-0.71,-5.139,-4.158,39,0.462,0.11,0.0119,0.2794,False,False,0.3756,0.0406,0.5
88,IWM,low,-1.2928,9977.41,-0.23,2.15,-2.37,-3.018,-2.956,40,0.575,0.35,0.0249,0.2794,False,False,0.3756,0.0406,0.5
88,KRE,low,-0.8269,9996.73,-0.03,2.85,-2.89,-0.578,-0.495,41,0.512,0.19,0.0292,0.2794,False,False,0.3756,0.0406,0.5
88,NFLX,low,-0.2707,9981.81,-0.18,6.97,-7.15,-4.584,-3.868,41,0.463,0.24,0.0338,0.2794,False,False,0.3756,0.0406,0.5
88,NVDA,low,-3.9266,10002.71,0.03,-11.51,11.54,0.145,0.129,41,0.512,1.32,0.0372,0.2794,False,False,0.3756,0.0406,0.5
88,PYPL,low,-2.1492,9965.81,-0.34,1.94,-2.28,-5.853,-4.469,40,0.375,0.41,0.0344,0.2794,False,False,0.3756,0.0406,0.5
88,QQQ,low,-1.5568,9983.85,-0.16,1.7,-1.86,-5.292,-3.59,39,0.359,0.22,0.0092,0.2794,False,False,0.3756,0.0406,0.5
88,SPY,low,-0.1853,10007.19,0.07,1.77,-1.7,4.366,5.172,40,0.525,0.06,0.0121,0.2794,False,False,0.3756,0.0406,0.5
88,UNG,low,-5.0267,9886.16,-1.14,10.73,-11.86,-10.084,-6.171,42,0.476,1.23,0.0381,0.2794,False,False,0.3756,0.0406,0.5
88,USO,low,-0.4891,10018.1,0.18,-6.6,6.78,0.676,0.855,41,0.415,1.23,0.0419,0.2794,False,False,0.3756,0.0406,0.5
88,XBI,low,0.5043,9976.9,-0.23,-8.37,8.14,-6.52,-5.695,41,0.463,0.37,0.0307,0.2794,False,False,0.3756,0.0406,0.5
88,XLE,low,-4.4519,10008.95,0.09,-15.57,15.66,0.339,0.398,40,0.5,1.38,0.0401,0.2794,False,False,0.3756,0.0406,0.5
89,AAPL,low,-3.0856,9977.08,-0.23,3.86,-4.09,-13.485,-11.605,40,0.35,0.24,0.0194,0.2789,False,False,0.4669,0.0335,0.5
89,ARKK,low,-0.7703,9967.18,-0.33,0.49,-0.82,-1.657,-1.508,42,0.429,0.86,0.0435,0.2789,False,False,0.4669,0.0335,0.5
89,GLD,low,-0.7043,9996.33,-0.04,-2.0,1.96,-1.302,-1.434,39,0.462,0.14,0.0157,0.2789,False,False,0.4669,0.0335,0.5
89,IWM,low,-0.1023,9977.35,-0.23,7.82,-8.04,-3.91,-3.056,40,0.425,0.31,0.0271,0.2789,False,False,0.4669,0.0335,0.5
89,KRE,low,1.5171,10149.89,1.5,-0.95,2.45,7.649,10.066,40,0.65,0.72,0.0219,0.2789,False,False,0.4669,0.0335,0.5
89,NFLX,low,-1.4988,9992.41,-0.08,-5.74,5.66,-0.673,-0.59,40,0.5,0.67,0.021,0.2789,False,False,0.4669,0.0335,0.5
89,NVDA,low,-2.4341,9963.28,-0.37,-1.6,1.24,-2.084,-2.373,41,0.585,1.75,0.0497,0.2789,False,False,0.4669,0.0335,0.5
89,PYPL,low,1.1468,10133.07,1.33,-1.07,2.4,5.777,5.984,39,0.615,1.27,0.0363,0.2789,False,False,0.4669,0.0335,0.5
89,QQQ,low,-0.8487,10083.14,0.83,4.81,-3.97,4.399,7.135,40,0.575,0.46,0.032,0.2789,False,False,0.4669,0.0335,0.5
89,SPY,low,-1.5809,9992.89,-0.07,-1.63,1.56,-3.655,-2.756,40,0.375,0.08,0.0088,0.2789,False,False,0.4669,0.0335,0.5
89,UNG,low,-1.9019,9993.51,-0.06,0.87,-0.94,-0.093,-0.089,43,0.488,2.84,0.0443,0.2789,False,False,0.4669,0.0335,0.5
89,USO,low,-3.827,9972.14,-0.28,9.39,-9.67,-3.22,-2.924,40,0.475,0.52,0.0352,0.2789,False,False,0.4669,0.0335,0.5
89,XBI,low,-0.5866,9974.34,-0.26,3.14,-3.4,-3.623,-3.01,41,0.39,0.42,0.0348,0.2789,False,False,0.4669,0.0335,0.5
89,XLE,low,-1.9578,9972.38,-0.28,1.23,-1.5,-9.334,-7.778,39,0.436,0.3,0.0198,0.2789,False,False,0.4669,0.0335,0.5
90,AAPL,low,0.2405,9978.56,-0.21,12.17,-12.39,-6.009,-5.989,41,0.39,0.25,0.0268,0.2783,False,False,0.4809,0.0369,0.5
90,ARKK,low,-4.4672,9963.13,-0.37,13.45,-13.82,-3.261,-2.713,40,0.5,0.97,0.0273,0.2783,False,False,0.4809,0.0369,0.5
90,GLD,low,-3.1305,9984.79,-0.15,5.04,-5.19,-8.724,-6.861,39,0.41,0.2,0.012,0.2783,False,False,0.4809,0.0369,0.5
90,IWM,low,-3.059,9970.06,-0.3,4.75,-5.05,-7.832,-5.656,39,0.282,0.31,0.0171,0.2783,False,False,0.4809,0.0369,0.5
90,KRE,low,-1.0365,9999.73,-0.0,4.11,-4.11,-0.024,-0.018,40,0.675,0.43,0.0157,0.2783,False,False,0.4809,0.0369,0.5
90,NFLX,low,0.2824,9999.0,-0.01,6.16,-6.17,-0.067,-0.071,40,0.525,0.48,0.0217,0.2783,False,False,0.4809,0.0369,0.5
90,NVDA,low,0.1012,9982.76,-0.17,3.34,-3.51,-1.61,-1.678,40,0.425,0.71,0.0253,0.2783,False,False,0.4809,0.0369,0.5
90,PYPL,low,-3.4525,9937.57,-0.62,-7.39,6.76,-5.612,-3.502,42,0.381,0.71,0.0476,0.2783,False,False,0.4809,0.0369,0.5
90,QQQ,low,0.4435,9981.51,-0.18,-9.57,9.39,-4.715,-3.217,41,0.463,0.39,0.0137,0.2783,False,False,0.4809,0.0369,0.5
90,SPY,low,-1.1018,9992.91,-0.07,1.22,-1.29,-3.938,-3.763,40,0.4,0.1,0.0029,0.2783,False,False,0.4809,0.0369,0.5
90,UNG,low,-6.3992,9917.2,-0.83,16.68,-17.51,-3.997,-3.393,42,0.476,1.24,0.0383,0.2783,False,False,0.4809,0.0369,0.5
90,USO,low,-1.441,9960.68,-0.39,3.59,-3.98,-3.458,-2.415,41,0.463,0.68,0.0418,0.2783,False,False,0.4809,0.0369,0.5
90,XBI,low,-0.1209,10019.27,0.19,-0.75,0.94,2.138,2.272,40,0.525,0.36,0.0335,0.2783,False,False,0.4809,0.0369,0.5
90,XLE,low,-3.1815,9961.29,-0.39,-7.36,6.97,-3.72,-3.038,41,0.463,0.76,0.0301,0.2783,False,False,0.4809,0.0369,0.5
91,AAPL,low,-2.3775,9995.31,-0.05,7.56,-7.61,-0.224,-0.325,40,0.45,1.01,0.0242,0.2778,False,False,0.5,0.0653,0.5
91,ARKK,low,1.5538,9961.86,-0.38,-18.16,17.78,-2.017,-1.749,41,0.463,1.36,0.0322,0.2778,False,False,0.5,0.0653,0.5
91,GLD,low,-0.1691,10030.46,0.3,-3.23,3.53,2.062,2.154,39,0.436,0.7,0.0165,0.2778,False,False,0.5,0.0653,0.5
91,IWM,low,-1.362,9985.6,-0.14,-1.6,1.45,-3.715,-3.172,41,0.463,0.18,0.0234,0.2778,False,False,0.5,0.0653,0.5
91,KRE,low,-0.7633,9977.53,-0.22,-3.4,3.17,-2.127,-2.188,40,0.5,0.57,0.0337,0.2778,False,False,0.5,0.0653,0.5
91,NFLX,low,0.1839,9992.6,-0.07,-9.45,9.38,-0.465,-0.465,41,0.61,0.87,0.034,0.2778,False,False,0.5,0.0653,0.5
91,NVDA,low,-2.4841,10007.8,0.08,6.19,-6.11,0.589,0.566,41,0.659,0.96,0.0326,0.2778,False,False,0.5,0.0653,0.5
91,PYPL,low,-2.2414,9945.77,-0.54,1.54,-2.08,-5.696,-3.885,40,0.45,0.64,0.0355,0.2778,False,False,0.5,0.0653,0.5
91,QQQ,low,0.7032,10005.78,0.06,-6.41,6.46,0.747,0.69,39,0.564,0.31,0.0196,0.2778,False,False,0.5,0.0653,0.5
91,SPY,low,-2.7953,9987.57,-0.12,6.8,-6.92,-5.07,-4.057,40,0.5,0.15,0.0187,0.2778,False,False,0.5,0.0653,0.5
91,UNG,low,0.7351,9934.83,-0.65,-12.81,12.16,-3.943,-2.747,42,0.548,0.89,0.0526,0.2778,False,False,0.5,0.0653,0.5
91,USO,low,0.4982,9937.17,-0.63,13.83,-14.46,-5.711,-3.242,40,0.45,0.64,0.0315,0.2778,False,False,0.5,0.0653,0.5
91,XBI,low,3.1549,10276.27,2.76,7.08,-4.32,7.058,8.502,40,0.6,1.77,0.0368,0.2778,False,False,0.5,0.0653,0.5
91,XLE,low,-0.1145,9981.2,-0.19,-5.89,5.7,-2.679,-2.271,41,0.39,0.66,0.0315,0.2778,False,False,0.5,0.0653,0.5
92,AAPL,low,-3.0611,9952.42,-0.48,-7.27,6.8,-6.307,-4.853,40,0.525,0.55,0.0301,0.2772,False,False,0.447,0.0906,0.5
92,ARKK,low,-3.263,9933.18,-0.67,-5.08,4.41,-3.167,-2.869,41,0.463,1.52,0.0363,0.2772,False,False,0.447,0.0906,0.5
92,GLD,low,-2.4708,9977.29,-0.23,2.29,-2.52,-9.522,-6.179,39,0.282,0.26,0.0009,0.2772,False,False,0.447,0.0906,0.5
92,IWM,low,-0.4589,9981.22,-0.19,5.54,-5.73,-2.055,-1.863,40,0.45,0.69,0.0217,0.2772,False,False,0.447,0.0906,0.5
92,KRE,low,-0.0404,9977.67,-0.22,8.81,-9.03,-3.81,-2.799,41,0.488,0.46,0.0348,0.2772,False,False,0.447,0.0906,0.5
92,NFLX,low,-2.6637,10056.36,0.56,12.66,-12.1,2.641,2.557,39,0.641,0.67,0.0289,0.2772,False,False,0.447,0.0906,0.5
92,NVDA,low,0.1859,9936.88,-0.63,11.64,-12.27,-10.689,-7.661,42,0.357,0.73,0.0351,0.2772,False,False,0.447,0.0906,0.5
92,PYPL,low,0.5995,9957.44,-0.43,-12.34,11.92,-5.71,-4.304,41,0.439,0.54,0.0236,0.2772,False,False,0.447,0.0906,0.5
92,QQQ,low,-3.3592,9962.52,-0.37,-3.33,2.96,-15.89,-12.341,39,0.359,0.39,0.0112,0.2772,False,False,0.447,0.0906,0.5
92,SPY,low,-1.6697,9989.2,-0.11,-0.49,0.38,-7.162,-7.381,39,0.359,0.13,0.0045,0.2772,False,False,0.447,0.0906,0.5
92,UNG,low,1.5464,9952.55,-0.47,14.37,-14.85,-3.28,-2.07,41,0.488,0.93,0.0465,0.2772,False,False,0.447,0.0906,0.5
92,USO,low,0.1324,9986.11,-0.14,6.57,-6.71,-4.195,-3.664,42,0.429,0.31,0.0302,0.2772,False,False,0.447,0.0906,0.5
92,XBI,low,-1.9144,9977.32,-0.23,-3.11,2.88,-4.699,-4.06,40,0.4,0.54,0.0216,0.2772,False,False,0.447,0.0906,0.5
92,XLE,low,2.6473,10081.29,0.81,1.12,-0.3,7.557,11.126,39,0.564,0.21,0.0094,0.2772,False,False,0.447,0.0906,0.5
93,AAPL,low,3.526,10169.55,1.7,7.2,-5.5,9.226,14.17,39,0.641,0.5,0.017,0.2767,False,False,0.5,0.218,0.5
93,ARKK,low,-2.2078,9949.1,-0.51,0.4,-0.91,-10.853,-8.148,41,0.415,0.69,0.0335,0.2767,False,False,0.5,0.218,0.5
93,GLD,low,-2.6507,9979.61,-0.2,-0.03,-0.17,-11.63,-8.175,39,0.333,0.21,-0.0014,0.2767,False,False,0.5,0.218,0.5
93,IWM,low,-1.6051,9982.49,-0.18,-0.57,0.4,-4.978,-4.072,41,0.512,0.18,0.0226,0.2767,False,False,0.5,0.218,0.5
93,KRE,low,0.5099,9960.39,-0.4,16.37,-16.76,-2.628,-1.883,40,0.45,1.08,0.02,0.2767,False,False,0.5,0.218,0.5
93,NFLX,low,3.264,10023.87,0.24,25.55,-25.31,0.968,0.87,41,0.463,1.37,0.0452,0.2767,False,False,0.5,0.218,0.5
93,NVDA,low,-1.4953,9992.4,-0.08,-0.23,0.15,-0.706,-0.764,40,0.375,0.62,0.029,0.2767,False,False,0.5,0.218,0.5
93,PYPL,low,-1.7032,9979.65,-0.2,-1.08,0.87,-1.92,-1.592,41,0.463,0.55,0.0321,0.2767,False,False,0.5,0.218,0.5
93,QQQ,low,-1.2158,9990.1,-0.1,-3.88,3.78,-1.939,-2.074,40,0.375,0.29,0.0291,0.2767,False,False,0.5,0.218,0.5
93,SPY,low,-0.9538,9985.7,-0.14,3.34,-3.48,-6.046,-5.32,40,0.375,0.16,0.0111,0.2767,False,False,0.5,0.218,0.5
93,UNG,low,-5.7765,9928.67,-0.71,-17.3,16.58,-1.469,-1.226,45,0.467,2.66,0.0429,0.2767,False,False,0.5,0.218,0.5
93,USO,low,-3.2652,9980.6,-0.19,6.58,-6.78,-2.204,-1.932,41,0.366,0.55,0.0306,0.2767,False,False,0.5,0.218,0.5
93,XBI,low,-0.9651,9978.36,-0.22,-3.49,3.28,-5.034,-4.469,41,0.439,0.34,0.0382,0.2767,False,False,0.5,0.218,0.5
93,XLE,low,0.3289,9960.84,-0.39,11.7,-12.09,-7.809,-7.165,41,0.488,0.42,0.0327,0.2767,False,False,0.5,0.218,0.5
94,AAPL,low,-1.7379,9981.07,-0.19,-0.27,0.08,-4.3,-2.872,40,0.575,0.3,0.0193,0.2761,False,False,0.4784,0.1112,0.5
94,ARKK,low,2.1679,10048.22,0.48,12.05,-11.57,3.942,6.073,39,0.41,0.9,0.0249,0.2761,False,False,0.4784,0.1112,0.5
94,GLD,low,-1.1069,9987.58,-0.12,1.59,-1.72,-3.438,-2.123,40,0.425,0.22,0.007,0.2761,False,False,0.4784,0.1112,0.5
94,IWM,low,-2.656,10041.02,0.41,10.61,-10.2,3.893,4.412,41,0.488,0.27,0.0204,0.2761,False,False,0.4784,0.1112,0.5
94,KRE,low,-3.3348,9999.14,-0.01,10.2,-10.2,-0.08,-0.074,40,0.575,0.29,0.0231,0.2761,False,False,0.4784,0.1112,0.5
94,NFLX,low,-1.3487,9991.64,-0.08,1.33,-1.41,-1.058,-1.108,40,0.575,0.43,0.0304,0.2761,False,False,0.4784,0.1112,0.5
94,NVDA,low,2.2236,10111.1,1.11,14.8,-13.69,3.451,3.917,41,0.561,1.86,0.041,0.2761,False,False,0.4784,0.1112,0.5
94,PYPL,low,-0.2104,9990.73,-0.09,-3.08,2.99,-1.912,-1.506,40,0.475,0.24,0.0299,0.2761,False,False,0.4784,0.1112,0.5
94,QQQ,low,-2.1826,9975.31,-0.25,1.87,-2.12,-8.111,-7.233,39,0.436,0.25,0.0023,0.2761,False,False,0.4784,0.1112,0.5
94,SPY,low,-1.7628,9993.24,-0.07,1.9,-1.97,-4.342,-4.18,39,0.41,0.12,0.0025,0.2761,False,False,0.4784,0.1112,0.5
94,UNG,low,-5.4264,9936.77,-0.63,-13.4,12.77,-7.381,-5.878,42,0.31,0.65,0.0401,0.2761,False,False,0.4784,0.1112,0.5
94,USO,low,-2.3342,9929.37,-0.71,1.22,-1.93,-5.477,-3.697,42,0.286,0.77,0.0411,0.2761,False,False,0.4784,0.1112,0.5
94,XBI,low,-3.1326,9983.9,-0.16,-8.52,8.36,-2.22,-1.914,40,0.55,0.44,0.0357,0.2761,False,False,0.4784,0.1112,0.5
94,XLE,low,-2.9736,9957.61,-0.42,-4.29,3.87,-5.106,-4.574,40,0.425,0.62,0.029,0.2761,False,False,0.4784,0.1112,0.5
95,AAPL,low,-0.7445,9975.26,-0.25,4.75,-5.0,-3.803,-3.512,40,0.55,0.31,0.0257,0.2755,False,False,0.5,0.0898,0.5
95,ARKK,low,3.028,9975.89,-0.24,13.64,-13.88,-0.603,-0.485,40,0.475,1.55,0.0474,0.2755,False,False,0.5,0.0898,0.5
95,GLD,low,0.2487,9977.8,-0.22,9.73,-9.96,-2.41,-1.448,40,0.6,0.55,0.0153,0.2755,False,False,0.5,0.0898,0.5
95,IWM,low,-2.8425,9981.03,-0.19,7.55,-7.74,-3.819,-2.879,40,0.525,0.45,0.0214,0.2755,False,False,0.5,0.0898,0.5
95,KRE,low,-1.7582,9959.87,-0.4,0.9,-1.3,-7.125,-5.012,40,0.55,0.56,0.0258,0.2755,False,False,0.5,0.0898,0.5
95,NFLX,low,-2.4813,9955.38,-0.45,-3.67,3.22,-3.691,-3.222,39,0.538,0.68,0.0219,0.2755,False,False,0.5,0.0898,0.5
95,NVDA,low,-1.5399,9993.39,-0.07,1.83,-1.9,-0.831,-0.857,40,0.575,0.53,0.0331,0.2755,False,False,0.5,0.0898,0.5
95,PYPL,low,0.4463,9966.4,-0.34,-9.35,9.01,-7.994,-6.197,40,0.45,0.48,0.0228,0.2755,False,False,0.5,0.0898,0.5
95,QQQ,low,-1.5163,9987.63,-0.12,-0.04,-0.09,-4.418,-4.196,40,0.4,0.2,0.0036,0.2755,False,False,0.5,0.0898,0.5
95,SPY,low,-4.1826,9970.8,-0.29,-5.17,4.88,-11.483,-9.142,40,0.375,0.31,0.0115,0.2755,False,False,0.5,0.0898,0.5
95,UNG,low,4.2451,10143.4,1.43,20.21,-18.78,7.022,8.381,41,0.61,0.68,0.042,0.2755,False,False,0.5,0.0898,0.5
95,USO,low,-1.5898,9952.0,-0.48,4.53,-5.01,-4.194,-4.154,40,0.45,0.71,0.046,0.2755,False,False,0.5,0.0898,0.5
95,XBI,low,-2.3298,9957.72,-0.42,-1.62,1.2,-7.471,-5.703,40,0.45,0.45,0.0353,0.2755,False,False,0.5,0.0898,0.5
95,XLE,low,-1.1477,10014.26,0.14,-4.06,4.2,1.127,1.105,40,0.6,0.64,0.0149,0.2755,False,False,0.5,0.0898,0.5
96,AAPL,low,-3.2913,9994.07,-0.06,9.03,-9.09,-1.316,-1.405,40,0.425,0.22,0.0245,0.275,False,False,0.4469,0.0608,0.5
96,ARKK,low,0.7986,10106.6,1.07,-0.19,1.25,4.567,4.847,41,0.537,0.84,0.0289,0.275,False,False,0.4469,0.0608,0.5
96,GLD,low,-2.4716,9989.42,-0.11,-4.85,4.74,-8.116,-7.383,40,0.55,0.16,0.0108,0.275,False,False,0.4469,0.0608,0.5
96,IWM,low,-0.938,9983.9,-0.16,-2.57,2.4,-4.426,-2.885,40,0.525,0.21,0.0089,0.275,False,False,0.4469,0.0608,0.5
96,KRE,low,-2.6765,9968.93,-0.31,-4.34,4.03,-5.436,-3.486,40,0.375,0.35,0.0245,0.275,False,False,0.4469,0.0608,0.5
96,NFLX,low,-1.6644,9997.61,-0.02,-2.58,2.56,-0.342,-0.264,39,0.538,0.35,0.0066,0.275,False,False,0.4469,0.0608,0.5
96,NVDA,low,1.6085,9971.1,-0.29,-14.67,14.39,-1.297,-1.102,42,0.476,2.01,0.0445,0.275,False,False,0.4469,0.0608,0.5
96,PYPL,low,-0.6435,9985.1,-0.15,4.25,-4.4,-2.749,-2.162,41,0.39,0.33,0.0242,0.275,False,False,0.4469,0.0608,0.5
96,QQQ,low,-1.3393,9984.78,-0.15,2.23,-2.39,-6.71,-6.418,40,0.45,0.23,0.0079,0.275,False,False,0.4469,0.0608,0.5
96,SPY,low,-3.8344,9961.21,-0.39,-7.56,7.17,-6.912,-4.176,41,0.488,0.43,0.0268,0.275,False,False,0.4469,0.0608,0.5
96,UNG,low,-2.5742,9964.21,-0.36,-4.1,3.75,-1.865,-1.848,44,0.455,0.92,0.0438,0.275,False,False,0.4469,0.0608,0.5
96,USO,low,-0.4299,9922.56,-0.77,-6.99,6.22,-5.275,-3.195,42,0.381,0.81,0.0406,0.275,False,False,0.4469,0.0608,0.5
96,XBI,low,-0.6603,9966.96,-0.33,4.79,-5.12,-4.818,-4.097,40,0.525,0.44,0.0285,0.275,False,False,0.4469,0.0608,0.5
96,XLE,low,-2.0308,9913.5,-0.86,-4.34,3.47,-6.776,-4.068,39,0.359,0.87,0.0245,0.275,False,False,0.4469,0.0608,0.5
97,AAPL,low,1.1231,9990.69,-0.09,8.71,-8.8,-0.816,-0.849,40,0.475,0.89,0.0098,0.2744,False,False,0.5,0.0365,0.5
97,ARKK,low,-1.2778,9918.68,-0.81,-4.48,3.66,-2.923,-2.874,42,0.524,1.38,0.0452,0.2744,False,False,0.5,0.0365,0.5
97,GLD,low,0.0999,10061.44,0.61,3.79,-3.17,4.844,8.826,39,0.59,0.34,0.0055,0.2744,False,False,0.5,0.0365,0.5
97,IWM,low,-3.4552,9975.63,-0.24,7.42,-7.67,-8.148,-7.308,40,0.4,0.3,0.0103,0.2744,False,False,0.5,0.0365,0.5
97,KRE,low,-2.6371,9990.82,-0.09,4.71,-4.81,-2.654,-2.633,40,0.25,0.28,0.0109,0.2744,False,False,0.5,0.0365,0.5
97,NFLX,low,-5.4743,9930.14,-0.7,11.31,-12.01,-8.781,-8.309,41,0.561,0.73,0.0356,0.2744,False,False,0.5,0.0365,0.5
97,NVDA,low,-5.5453,9949.0,-0.51,-15.53,15.02,-9.4,-8.501,42,0.405,0.6,0.0352,0.2744,False,False,0.5,0.0365,0.5
97,PYPL,low,-0.7794,9970.6,-0.29,-3.94,3.64,-4.683,-4.31,40,0.45,0.43,0.0277,0.2744,False,False,0.5,0.0365,0.5
97,QQQ,low,-1.8449,9957.99,-0.42,4.54,-4.96,-11.722,-7.506,40,0.375,0.42,0.0175,0.2744,False,False,0.5,0.0365,0.5
97,SPY,low,-2.5463,9978.03,-0.22,-1.48,1.27,-15.926,-11.832,39,0.385,0.22,0.0021,0.2744,False,False,0.5,0.0365,0.5
97,UNG,low,5.4578,9954.49,-0.46,-37.44,36.99,-2.339,-3.091,45,0.378,1.57,0.0441,0.2744,False,False,0.5,0.0365,0.5
97,USO,low,-3.3015,9979.53,-0.2,6.47,-6.67,-2.771,-2.824,42,0.286,0.44,0.0225,0.2744,False,False,0.5,0.0365,0.5
97,XBI,low,-0.3661,9922.95,-0.77,13.98,-14.75,-4.256,-4.004,42,0.5,1.43,0.0351,0.2744,False,False,0.5,0.0365,0.5
97,XLE,low,-3.1067,9975.59,-0.24,-8.0,7.75,-3.373,-2.453,40,0.325,0.38,0.0337,0.2744,False,False,0.5,0.0365,0.5
98,AAPL,low,-1.4835,9992.43,-0.08,-1.9,1.83,-3.915,-4.479,39,0.333,0.14,0.0086,0.2739,False,False,0.4952,0.0341,0.5
98,ARKK,low,-0.9419,9986.12,-0.14,-0.37,0.23,-1.343,-1.11,41,0.415,0.69,0.0273,0.2739,False,False,0.4952,0.0341,0.5
98,GLD,low,-1.4489,9991.38,-0.09,-3.32,3.24,-3.981,-4.395,40,0.425,0.13,0.0016,0.2739,False,False,0.4952,0.0341,0.5
98,IWM,low,-2.8287,9961.25,-0.39,3.72,-4.11,-6.231,-5.346,39,0.359,0.51,0.0217,0.2739,False,False,0.4952,0.0341,0.5
98,KRE,low,-2.4048,9948.73,-0.51,-0.94,0.43,-4.501,-3.156,40,0.475,0.83,0.0155,0.2739,False,False,0.4952,0.0341,0.5
98,NFLX,low,0.8445,10110.08,1.1,5.12,-4.01,4.149,4.907,39,0.564,0.87,0.0287,0.2739,False,False,0.4952,0.0341,0.5
98,NVDA,low,-1.1723,9972.74,-0.27,-2.62,2.35,-1.076,-1.083,41,0.488,0.98,0.0278,0.2739,False,False,0.4952,0.0341,0.5
98,PYPL,low,-3.4669,9929.73,-0.7,-6.23,5.53,-5.346,-4.418,41,0.366,1.19,0.0268,0.2739,False,False,0.4952,0.0341,0.5
98,QQQ,low,-1.6453,9973.54,-0.26,3.32,-3.58,-6.615,-5.606,39,0.41,0.38,0.0006,0.2739,False,False,0.4952,0.0341,0.5
98,SPY,low,-1.5369,9989.87,-0.1,0.34,-0.44,-4.926,-3.769,40,0.375,0.17,0.0127,0.2739,False,False,0.4952,0.0341,0.5
98,UNG,low,-5.182,10034.79,0.35,-13.47,13.82,1.095,1.404,40,0.45,1.12,0.0358,0.2739,False,False,0.4952,0.0341,0.5
98,USO,low,-0.5646,10133.16,1.33,-6.71,8.05,6.004,6.54,40,0.575,0.86,0.0269,0.2739,False,False,0.4952,0.0341,0.5
98,XBI,low,0.5264,9996.58,-0.03,6.76,-6.8,-0.524,-0.417,41,0.512,0.57,0.0233,0.2739,False,False,0.4952,0.0341,0.5
98,XLE,low,-1.3858,9991.13,-0.09,-0.15,0.06,-3.653,-2.736,39,0.487,0.15,0.0127,0.2739,False,False,0.4952,0.0341,0.5
99,AAPL,low,-0.0234,9978.43,-0.22,-8.78,8.57,-6.662,-5.658,41,0.39,0.3,0.0212,0.2733,False,False,0.4974,0.1113,0.5
99,ARKK,low,-4.5784,9932.8,-0.67,-17.08,16.41,-4.692,-3.494,43,0.372,1.26,0.0334,0.2733,False,False,0.4974,0.1113,0.5
99,GLD,low,-2.0695,9982.31,-0.18,-0.7,0.52,-5.538,-3.334,39,0.333,0.21,0.0008,0.2733,False,False,0.4974,0.1113,0.5
99,IWM,low,-1.5353,9972.78,-0.27,-0.24,-0.04,-8.195,-6.24,41,0.341,0.35,0.0144,0.2733,False,False,0.4974,0.1113,0.5
99,KRE,low,-0.9169,9980.33,-0.2,-2.33,2.14,-4.03,-3.597,40,0.425,0.42,0.0189,0.2733,False,False,0.4974,0.1113,0.5
99,NFLX,low,-3.5689,9965.95,-0.34,-9.54,9.2,-4.071,-2.917,42,0.571,0.62,0.0442,0.2733,False,False,0.4974,0.1113,0.5
99,NVDA,low,1.1269,9904.97,-0.95,-12.42,11.47,-5.073,-3.835,41,0.512,1.72,0.0373,0.2733,False,False,0.4974,0.1113,0.5
99,PYPL,low,-1.4052,9970.16,-0.3,2.76,-3.06,-6.439,-5.614,40,0.4,0.36,0.023,0.2733,False,False,0.4974,0.1113,0.5
99,QQQ,low,-1.832,9987.08,-0.13,2.18,-2.31,-2.267,-2.105,39,0.462,0.37,0.0055,0.2733,False,False,0.4974,0.1113,0.5
99,SPY,low,-2.6975,10004.1,0.04,-7.18,7.22,1.202,1.234,40,0.525,0.13,0.0045,0.2733,False,False,0.4974,0.1113,0.5
99,UNG,low,1.7534,9838.69,-1.61,-19.38,17.77,-7.567,-4.726,42,0.429,1.77,0.0419,0.2733,False,False,0.4974,0.1113,0.5
99,USO,low,-3.0131,9988.4,-0.12,9.85,-9.96,-3.788,-2.628,40,0.55,0.25,0.0218,0.2733,False,False,0.4974,0.1113,0.5
99,XBI,low,-0.4676,9965.71,-0.34,-5.46,5.12,-5.235,-3.304,40,0.5,0.5,0.0194,0.2733,False,False,0.4974,0.1113,0.5
99,XLE,low,-1.3793,9982.88,-0.17,-1.26,1.09,-4.059,-3.447,40,0.375,0.27,0.0152,0.2733,False,False,0.4974,0.1113,0.5
100,AAPL,low,-1.6893,10016.93,0.17,8.33,-8.17,1.059,1.041,41,0.463,0.72,0.0266,0.2728,False,False,0.4387,0.0887,0.5
100,ARKK,low,0.417,9974.65,-0.25,-7.99,7.73,-4.484,-3.705,41,0.537,0.31,0.026,0.2728,False,False,0.4387,0.0887,0.5
100,GLD,low,-1.2869,9993.65,-0.06,-0.09,0.03,-1.732,-1.267,40,0.475,0.18,0.0158,0.2728,False,False,0.4387,0.0887,0.5
100,IWM,low,-1.6867,9996.71,-0.03,1.09,-1.12,-0.308,-0.346,40,0.3,0.48,0.0051,0.2728,False,False,0.4387,0.0887,0.5
100,KRE,low,-0.9775,9967.73,-0.32,-0.82,0.49,-3.632,-2.99,39,0.487,0.61,0.0169,0.2728,False,False,0.4387,0.0887,0.5
100,NFLX,low,1.0759,10278.79,2.79,9.5,-6.72,7.662,8.404,41,0.659,0.91,0.0433,0.2728,False,False,0.4387,0.0887,0.5
100,NVDA,low,-5.3797,9966.06,-0.34,-16.6,16.26,-3.408,-2.851,41,0.488,0.7,0.0427,0.2728,False,False,0.4387,0.0887,0.5
100,PYPL,low,3.4087,9971.51,-0.28,-25.58,25.29,-1.797,-2.043,40,0.425,0.9,0.034,0.2728,False,False,0.4387,0.0887,0.5
100,QQQ,low,-1.7805,9990.89,-0.09,-2.25,2.16,-1.922,-1.726,39,0.564,0.26,0.0121,0.2728,False,False,0.4387,0.0887,0.5
100,SPY,low,-1.0633,9994.29,-0.06,2.36,-2.42,-1.762,-1.538,40,0.375,0.15,-0.0064,0.2728,False,False,0.4387,0.0887,0.5
100,UNG,low,-4.5352,10053.26,0.53,-13.55,14.09,1.121,1.424,41,0.415,2.29,0.0401,0.2728,False,False,0.4387,0.0887,0.5
100,USO,low,-1.1645,9965.51,-0.34,1.2,-1.54,-6.667,-5.726,40,0.4,0.53,0.0392,0.2728,False,False,0.4387,0.0887,0.5
100,XBI,low,1.8088,10064.82,0.65,0.06,0.59,4.147,4.018,40,0.6,0.73,0.0187,0.2728,False,False,0.4387,0.0887,0.5
100,XLE,low,-1.2745,9955.49,-0.45,5.29,-5.74,-4.788,-4.42,40,0.425,0.65,0.0246,0.2728,False,False,0.4387,0.0887,0.5
1,AAPL,low,-1.5435,9982.26,-0.18,0.91,-1.09,-7.278,-6.018,39,0.333,0.21,-0.0006,0.2723,False,False,0.4691,0.1047,0.5
1,ARKK,low,-4.1375,9951.92,-0.48,-10.99,10.51,-7.848,-6.26,42,0.381,0.53,0.0379,0.2723,False,False,0.4691,0.1047,0.5
1,GLD,low,-4.9599,9978.29,-0.22,-7.07,6.86,-2.535,-2.24,39,0.436,0.51,0.0095,0.2723,False,False,0.4691,0.1047,0.5
1,IWM,low,-4.36,9960.75,-0.39,5.22,-5.61,-8.045,-7.125,39,0.487,0.41,0.0173,0.2723,False,False,0.4691,0.1047,0.5
1,KRE,low,-3.1371,9966.37,-0.34,6.31,-6.65,-1.991,-1.912,40,0.575,0.96,0.02,0.2723,False,False,0.4691,0.1047,0.5
1,NFLX,low,-3.0567,9952.96,-0.47,-7.88,7.41,-1.932,-1.69,41,0.61,1.5,0.042,0.2723,False,False,0.4691,0.1047,0.5
1,NVDA,low,0.7558,10043.8,0.44,2.89,-2.45,2.581,2.638,40,0.6,0.66,0.0171,0.2723,False,False,0.4691,0.1047,0.5
1,PYPL,low,0.4123,9998.08,-0.02,-7.52,7.5,-0.463,-0.45,41,0.561,0.24,0.0376,0.2723,False,False,0.4691,0.1047,0.5
1,QQQ,low,-1.8598,9986.1,-0.14,-0.01,-0.13,-8.282,-7.922,39,0.385,0.19,0.0127,0.2723,False,False,0.4691,0.1047,0.5
1,SPY,low,-0.9742,9997.67,-0.02,-0.21,0.19,-0.713,-0.635,39,0.564,0.16,0.0001,0.2723,False,False,0.4691,0.1047,0.5
1,UNG,low,-4.6373,9968.88,-0.31,-15.19,14.88,-0.762,-0.6,42,0.571,1.23,0.0465,0.2723,False,False,0.4691,0.1047,0.5
1,USO,low,-1.153,9965.09,-0.35,5.78,-6.12,-7.7,-5.15,41,0.512,0.39,0.0223,0.2723,False,False,0.4691,0.1047,0.5
1,XBI,low,-3.3324,9985.93,-0.14,9.37,-9.51,-2.51,-2.336,40,0.45,0.37,0.0285,0.2723,False,False,0.4691,0.1047,0.5
1,XLE,low,-0.9821,9985.59,-0.14,-0.83,0.69,-3.075,-2.095,39,0.41,0.38,0.0144,0.2723,False,False,0.4691,0.1047,0.5
2,AAPL,low,0.6651,9993.01,-0.07,-4.14,4.07,-1.399,-1.274,40,0.475,0.41,0.026,0.2717,False,False,0.4395,0.1044,0.5
2,ARKK,low,1.2254,10250.55,2.51,-7.15,9.65,9.794,10.837,41,0.634,0.66,0.0467,0.2717,False,False,0.4395,0.1044,0.5
2,GLD,low,-2.0722,9978.2,-0.22,0.35,-0.57,-7.029,-5.386,40,0.375,0.25,0.0152,0.2717,False,False,0.4395,0.1044,0.5
2,IWM,low,-1.6209,9990.98,-0.09,-0.43,0.34,-6.455,-6.014,39,0.436,0.11,0.0014,0.2717,False,False,0.4395,0.1044,0.5
2,KRE,low,-1.4025,9974.56,-0.25,3.86,-4.12,-9.499,-7.029,40,0.475,0.32,0.0206,0.2717,False,False,0.4395,0.1044,0.5
2,NFLX,low,0.506,9982.79,-0.17,11.65,-11.82,-0.641,-0.639,41,0.488,1.3,0.0499,0.2717,False,False,0.4395,0.1044,0.5
2,NVDA,low,-3.8108,10027.48,0.27,12.83,-12.55,0.984,0.948,40,0.575,1.07,0.0388,0.2717,False,False,0.4395,0.1044,0.5
2,PYPL,low,-2.0733,9983.77,-0.16,1.74,-1.9,-1.82,-1.898,40,0.45,0.47,0.0207,0.2717,False,False,0.4395,0.1044,0.5
2,QQQ,low,-3.6823,10004.21,0.04,-6.94,6.98,0.44,0.445,40,0.475,0.61,0.031,0.2717,False,False,0.4395,0.1044,0.5
2,SPY,low,-1.9548,9990.15,-0.1,0.14,-0.23,-13.793,-12.285,39,0.282,0.1,-0.0028,0.2717,False,False,0.4395,0.1044,0.5
2,UNG,low,-5.3615,9926.93,-0.73,19.17,-19.9,-1.102,-0.781,44,0.477,3.57,0.0476,0.2717,False,False,0.4395,0.1044,0.5
2,USO,low,-1.1005,9946.72,-0.53,-3.6,3.07,-6.107,-5.52,41,0.366,0.75,0.0364,0.2717,False,False,0.4395,0.1044,0.5
2,XBI,low,0.2862,10003.67,0.04,-5.73,5.77,1.077,0.911,40,0.525,0.21,0.0284,0.2717,False,False,0.4395,0.1044,0.5
2,XLE,low,-2.1867,9945.01,-0.55,0.21,-0.76,-6.203,-5.143,40,0.45,0.79,0.0361,0.2717,False,False,0.4395,0.1044,0.5
3,AAPL,low,-2.2108,9966.05,-0.34,2.64,-2.98,-4.875,-3.866,40,0.475,0.53,0.0367,0.2712,False,False,0.4907,0.1138,0.5
3,ARKK,low,-0.11,9954.81,-0.45,9.1,-9.55,-6.792,-5.366,42,0.357,0.67,0.0473,0.2712,False,False,0.4907,0.1138,0.5
3,GLD,low,-2.1895,9971.8,-0.28,-1.42,1.13,-6.841,-4.249,40,0.475,0.3,0.0153,0.2712,False,False,0.4907,0.1138,0.5
3,IWM,low,-2.8225,9963.92,-0.36,-4.08,3.72,-6.769,-4.362,40,0.45,0.5,0.0305,0.2712,False,False,0.4907,0.1138,0.5
3,KRE,low,-1.7961,9982.81,-0.17,1.48,-1.65,-3.726,-2.647,40,0.525,0.27,0.0323,0.2712,False,False,0.4907,0.1138,0.5
3,NFLX,low,-1.1796,9908.17,-0.92,-1.38,0.46,-5.822,-3.609,41,0.488,1.01,0.0483,0.2712,False,False,0.4907,0.1138,0.5
3,NVDA,low,-6.6647,9892.65,-1.07,-16.1,15.03,-9.907,-7.346,42,0.5,1.11,0.053,0.2712,False,False,0.4907,0.1138,0.5
3,PYPL,low,0.2036,9985.63,-0.14,-5.41,5.26,-0.69,-0.51,40,0.425,1.48,0.0331,0.2712,False,False,0.4907,0.1138,0.5
3,QQQ,low,-0.9465,9986.36,-0.14,-3.21,3.07,-6.617,-5.852,39,0.513,0.15,0.0253,0.2712,False,False,0.4907,0.1138,0.5
3,SPY,low,-2.2997,9988.46,-0.12,-2.55,2.43,-6.076,-4.988,39,0.513,0.15,0.0172,0.2712,False,False,0.4907,0.1138,0.5
3,UNG,low,2.3702,9933.36,-0.67,-25.4,24.74,-1.884,-2.688,43,0.349,1.9,0.0527,0.2712,False,False,0.4907,0.1138,0.5
3,USO,low,-4.6745,9953.03,-0.47,13.67,-14.14,-7.4,-4.91,41,0.463,0.48,0.0324,0.2712,False,False,0.4907,0.1138,0.5
3,XBI,low,0.161,9969.68,-0.3,9.72,-10.02,-5.43,-4.681,42,0.452,0.46,0.053,0.2712,False,False,0.4907,0.1138,0.5
3,XLE,low,-2.6545,9966.83,-0.33,-2.69,2.36,-3.33,-3.524,39,0.487,0.54,0.0461,0.2712,False,False,0.4907,0.1138,0.5
4,AAPL,low,-3.1143,9984.15,-0.16,6.13,-6.29,-4.016,-3.717,39,0.513,0.19,0.0261,0.2706,False,False,0.4363,0.1278,0.5
4,ARKK,low,0.9415,9928.82,-0.71,21.92,-22.63,-3.302,-2.976,41,0.415,1.64,0.0577,0.2706,False,False,0.4363,0.1278,0.5
4,GLD,low,-0.7728,10013.23,0.13,-2.09,2.22,2.639,3.033,40,0.375,0.16,0.011,0.2706,False,False,0.4363,0.1278,0.5
4,IWM,low,-1.3849,9993.59,-0.06,-0.64,0.57,-2.245,-2.042,40,0.525,0.16,0.0201,0.2706,False,False,0.4363,0.1278,0.5
4,KRE,low,-1.117,10014.54,0.15,-1.24,1.39,1.23,1.173,41,0.488,0.76,0.0467,0.2706,False,False,0.4363,0.1278,0.5
4,NFLX,low,-2.9671,9978.21,-0.22,-0.25,0.03,-2.995,-3.58,40,0.475,0.38,0.0198,0.2706,False,False,0.4363,0.1278,0.5
4,NVDA,low,-1.6041,9914.36,-0.86,-0.87,0.02,-7.048,-4.862,42,0.405,1.16,0.0553,0.2706,False,False,0.4363,0.1278,0.5
4,PYPL,low,-2.2942,9984.15,-0.16,2.26,-2.42,-2.447,-2.283,40,0.525,0.5,0.0221,0.2706,False,False,0.4363,0.1278,0.5
4,QQQ,low,-1.4317,9990.91,-0.09,0.1,-0.19,-3.169,-2.64,40,0.4,0.17,0.0098,0.2706,False,False,0.4363,0.1278,0.5
4,SPY,low,-0.5552,9974.41,-0.26,5.52,-5.78,-4.268,-3.922,39,0.385,0.48,0.0218,0.2706,False,False,0.4363,0.1278,0.5
4,UNG,low,-0.3461,9966.95,-0.33,7.42,-7.75,-2.883,-1.956,44,0.5,0.87,0.059,0.2706,False,False,0.4363,0.1278,0.5
4,USO,low,0.3411,9965.68,-0.34,-10.2,9.86,-1.923,-1.369,41,0.488,0.98,0.0366,0.2706,False,False,0.4363,0.1278,0.5
4,XBI,low,-2.6928,9983.15,-0.17,-8.34,8.18,-2.595,-2.228,41,0.463,0.34,0.0422,0.2706,False,False,0.4363,0.1278,0.5
4,XLE,low,0.7762,10009.89,0.1,-6.6,6.7,0.479,0.666,40,0.45,2.17,0.0383,0.2706,False,False,0.4363,0.1278,0.5
5,AAPL,low,1.0003,9992.95,-0.07,9.57,-9.64,-0.378,-0.323,41,0.512,0.79,0.0465,0.2701,False,False,0.4512,0.123,0.5
5,ARKK,low,1.0225,9966.76,-0.33,17.41,-17.74,-4.796,-3.499,42,0.452,0.46,0.0589,0.2701,False,False,0.4512,0.123,0.5
5,GLD,low,-1.7697,9992.81,-0.07,-1.53,1.46,-3.993,-3.386,40,0.45,0.13,0.018,0.2701,False,False,0.4512,0.123,0.5
5,IWM,low,-1.0183,9973.37,-0.27,-5.64,5.38,-4.327,-3.776,40,0.45,0.39,0.0359,0.2701,False,False,0.4512,0.123,0.5
5,KRE,low,-0.7614,9957.65,-0.42,-5.12,4.69,-6.488,-4.382,41,0.341,0.6,0.046,0.2701,False,False,0.4512,0.123,0.5
5,NFLX,low,-0.9562,9960.3,-0.4,5.23,-5.63,-6.152,-4.487,40,0.5,0.47,0.0365,0.2701,False,False,0.4512,0.123,0.5
5,NVDA,low,-2.0345,10264.37,2.64,-11.87,14.51,5.317,6.61,42,0.548,1.35,0.0535,0.2701,False,False,0.4512,0.123,0.5
5,PYPL,low,-1.7365,10008.15,0.08,-3.56,3.64,0.721,0.592,41,0.488,0.54,0.0407,0.2701,False,False,0.4512,0.123,0.5
5,QQQ,low,-2.604,9921.07,-0.79,-1.39,0.6,-7.659,-5.325,40,0.55,0.8,0.045,0.2701,False,False,0.4512,0.123,0.5
5,SPY,low,-2.6433,9982.92,-0.17,-2.24,2.07,-7.682,-5.669,40,0.3,0.21,0.0154,0.2701,False,False,0.4512,0.123,0.5
5,UNG,low,1.1363,9901.83,-0.98,15.58,-16.56,-4.284,-2.806,44,0.341,1.93,0.0592,0.2701,False,False,0.4512,0.123,0.5
5,USO,low,2.2021,10060.64,0.61,-9.08,9.68,1.36,1.208,42,0.595,2.11,0.0567,0.2701,False,False,0.4512,0.123,0.5
5,XBI,low,0.3923,9966.98,-0.33,-7.27,6.94,-2.979,-2.186,40,0.575,1.02,0.061,0.2701,False,False,0.4512,0.123,0.5
5,XLE,low,-0.1502,10086.79,0.87,-0.18,1.04,5.119,7.024,40,0.5,0.61,0.0443,0.2701,False,False,0.4512,0.123,0.5
6,AAPL,low,0.214,10004.16,0.04,-3.71,3.75,0.36,0.391,40,0.525,0.75,0.0377,0.2695,False,False,0.4893,0.0486,0.5
6,ARKK,low,0.2225,9955.92,-0.44,11.56,-12.0,-5.569,-4.488,42,0.524,0.59,0.0481,0.2695,False,False,0.4893,0.0486,0.5
6,GLD,low,-3.0325,9990.52,-0.09,5.65,-5.75,-7.082,-6.853,39,0.282,0.14,0.0103,0.2695,False,False,0.4893,0.0486,0.5
6,IWM,low,-3.2107,9981.39,-0.19,-7.71,7.52,-4.913,-3.718,40,0.475,0.27,0.0467,0.2695,False,False,0.4893,0.0486,0.5
6,KRE,low,-4.0885,9969.66,-0.3,9.78,-10.09,-8.784,-5.712,39,0.41,0.32,0.0282,0.2695,False,False,0.4893,0.0486,0.5
6,NFLX,low,-2.5225,9945.28,-0.55,-0.16,-0.39,-6.199,-6.401,41,0.537,0.57,0.0467,0.2695,False,False,0.4893,0.0486,0.5
6,NVDA,low,-1.884,9975.89,-0.24,-0.67,0.43,-4.466,-4.008,40,0.35,0.35,0.0342,0.2695,False,False,0.4893,0.0486,0.5
6,PYPL,low,-3.6124,9965.15,-0.35,9.34,-9.68,-2.092,-2.072,42,0.452,1.6,0.0509,0.2695,False,False,0.4893,0.0486,0.5
6,QQQ,low,0.2619,9990.03,-0.1,4.65,-4.75,-3.154,-2.747,40,0.5,0.29,0.0418,0.2695,False,False,0.4893,0.0486,0.5
6,SPY,low,-2.4722,9957.61,-0.42,-0.04,-0.38,-9.609,-6.847,40,0.35,0.43,0.0326,0.2695,False,False,0.4893,0.0486,0.5
6,UNG,low,0.5305,9929.03,-0.71,14.15,-14.86,-5.134,-3.125,42,0.429,1.27,0.0647,0.2695,False,False,0.4893,0.0486,0.5
6,USO,low,0.0036,10149.44,1.49,2.83,-1.33,6.956,11.206,41,0.585,0.55,0.0308,0.2695,False,False,0.4893,0.0486,0.5
6,XBI,low,-2.8191,9949.76,-0.5,-2.3,1.8,-6.046,-4.586,41,0.341,0.63,0.0485,0.2695,False,False,0.4893,0.0486,0.5
6,XLE,low,2.7377,10130.92,1.31,1.87,-0.56,9.746,12.683,40,0.6,0.31,0.0366,0.2695,False,False,0.4893,0.0486,0.5
7,AAPL,low,-0.6607,9996.07,-0.04,6.44,-6.48,-0.594,-0.68,40,0.3,0.32,0.0245,0.269,False,False,0.3853,0.1019,0.5
7,ARKK,low,-0.5691,10033.16,0.33,-7.04,7.37,1.43,2.122,41,0.537,1.21,0.0415,0.269,False,False,0.3853,0.1019,0.5
7,GLD,low,-3.8399,10005.86,0.06,1.06,-1.0,0.854,1.491,40,0.3,0.32,0.0129,0.269,False,False,0.3853,0.1019,0.5
7,IWM,low,-1.2452,9972.21,-0.28,3.4,-3.68,-6.497,-4.489,40,0.525,0.36,0.0336,0.269,False,False,0.3853,0.1019,0.5
7,KRE,low,-0.7086,9976.61,-0.23,5.15,-5.38,-3.849,-3.901,40,0.4,0.39,0.0444,0.269,False,False,0.3853,0.1019,0.5
7,NFLX,low,-0.0319,9971.14,-0.29,3.61,-3.9,-2.016,-1.691,41,0.463,1.21,0.0607,0.269,False,False,0.3853,0.1019,0.5
7,NVDA,low,0.8008,9974.8,-0.25,9.99,-10.24,-4.035,-3.806,42,0.429,0.6,0.0517,0.269,False,False,0.3853,0.1019,0.5
7,PYPL,low,-1.1639,9962.46,-0.38,-0.21,-0.17,-2.894,-2.414,40,0.4,1.01,0.0354,0.269,False,False,0.3853,0.1019,0.5
7,QQQ,low,-1.6411,9980.84,-0.19,-0.49,0.3,-8.028,-6.984,40,0.45,0.25,0.0254,0.269,False,False,0.3853,0.1019,0.5
7,SPY,low,-2.1447,9993.73,-0.06,0.76,-0.82,-8.41,-8.117,39,0.308,0.08,-0.0011,0.269,False,False,0.3853,0.1019,0.5
7,UNG,low,0.385,9936.15,-0.64,14.12,-14.76,-7.047,-5.181,43,0.395,0.88,0.0562,0.269,False,False,0.3853,0.1019,0.5
7,USO,low,-4.0581,9897.84,-1.02,-6.28,5.26,-10.422,-7.486,42,0.357,1.14,0.0543,0.269,False,False,0.3853,0.1019,0.5
7,XBI,low,-2.761,9981.57,-0.18,-4.45,4.27,-1.41,-1.411,39,0.564,0.77,0.0494,0.269,False,False,0.3853,0.1019,0.5
7,XLE,low,-2.2713,9961.02,-0.39,0.97,-1.36,-9.116,-6.348,40,0.45,0.47,0.033,0.269,False,False,0.3853,0.1019,0.5
8,AAPL,low,-1.1196,9949.43,-0.51,8.14,-8.64,-13.174,-9.356,40,0.4,0.52,0.0346,0.2685,False,False,0.4842,0.0405,0.5
8,ARKK,low,-2.6661,9930.79,-0.69,-0.73,0.04,-10.688,-7.192,41,0.488,0.8,0.054,0.2685,False,False,0.4842,0.0405,0.5
8,GLD,low,-2.4034,9999.47,-0.01,-5.85,5.85,-0.203,-0.178,40,0.35,0.13,0.0128,0.2685,False,False,0.4842,0.0405,0.5
8,IWM,low,-1.8466,9978.01,-0.22,0.66,-0.88,-8.692,-8.161,41,0.244,0.22,0.034,0.2685,False,False,0.4842,0.0405,0.5
8,KRE,low,-0.5196,9932.66,-0.67,3.85,-4.52,-3.09,-2.021,41,0.488,1.18,0.0375,0.2685,False,False,0.4842,0.0405,0.5
8,NFLX,low,1.0601,9983.03,-0.17,-12.15,11.98,-2.943,-2.674,40,0.4,0.29,0.0285,0.2685,False,False,0.4842,0.0405,0.5
8,NVDA,low,-6.0062,9953.37,-0.47,22.49,-22.96,-4.149,-2.496,39,0.513,0.67,0.0307,0.2685,False,False,0.4842,0.0405,0.5
8,PYPL,low,-3.0052,9951.24,-0.49,5.82,-6.31,-6.62,-4.299,41,0.488,0.7,0.0346,0.2685,False,False,0.4842,0.0405,0.5
8,QQQ,low,-2.6062,9982.35,-0.18,3.41,-3.59,-3.001,-3.43,40,0.475,0.54,0.0166,0.2685,False,False,0.4842,0.0405,0.5
8,SPY,low,-2.1406,9988.12,-0.12,0.79,-0.91,-1.909,-1.945,39,0.487,0.4,0.0119,0.2685,False,False,0.4842,0.0405,0.5
8,UNG,low,-3.7754,9964.16,-0.36,-13.21,12.85,-1.448,-1.272,41,0.512,1.4,0.0557,0.2685,False,False,0.4842,0.0405,0.5
8,USO,low,-4.3336,10116.15,1.16,19.12,-17.96,3.194,4.371,41,0.537,1.29,0.0348,0.2685,False,False,0.4842,0.0405,0.5
8,XBI,low,-0.9467,9990.62,-0.09,-4.19,4.09,-0.703,-0.895,40,0.55,0.84,0.0374,0.2685,False,False,0.4842,0.0405,0.5
8,XLE,low,0.1779,10124.37,1.24,1.77,-0.52,5.239,9.514,41,0.512,0.91,0.028,0.2685,False,False,0.4842,0.0405,0.5
9,AAPL,low,-0.4175,10044.05,0.44,-4.66,5.1,3.694,5.384,40,0.4,0.35,0.0112,0.2679,False,False,0.4468,0.0884,0.5
9,ARKK,low,-0.8956,10081.07,0.81,9.72,-8.91,3.758,5.003,40,0.5,0.58,0.0275,0.2679,False,False,0.4468,0.0884,0.5
9,GLD,low,-2.9545,9988.59,-0.11,-0.51,0.39,-3.298,-2.583,39,0.41,0.22,0.0093,0.2679,False,False,0.4468,0.0884,0.5
9,IWM,low,-2.4869,9988.78,-0.11,-4.04,3.93,-3.464,-2.873,40,0.375,0.18,0.0108,0.2679,False,False,0.4468,0.0884,0.5
9,KRE,low,-1.3787,10011.77,0.12,4.13,-4.01,0.937,0.729,38,0.447,0.59,0.0199,0.2679,False,False,0.4468,0.0884,0.5
9,NFLX,low,-3.6841,9976.24,-0.24,-7.1,6.86,-4.427,-4.038,41,0.317,0.28,0.0463,0.2679,False,False,0.4468,0.0884,0.5
9,NVDA,low,-2.1927,9994.88,-0.05,4.77,-4.82,-0.746,-0.702,41,0.415,0.26,0.0374,0.2679,False,False,0.4468,0.0884,0.5
9,PYPL,low,-0.9642,9980.99,-0.19,-0.28,0.09,-1.529,-1.582,40,0.475,0.71,0.0329,0.2679,False,False,0.4468,0.0884,0.5
9,QQQ,low,-1.0502,9996.27,-0.04,1.68,-1.72,-0.53,-0.451,40,0.45,0.53,0.0191,0.2679,False,False,0.4468,0.0884,0.5
9,SPY,low,-2.3884,9984.97,-0.15,-0.83,0.68,-9.775,-9.908,39,0.333,0.2,0.0091,0.2679,False,False,0.4468,0.0884,0.5
9,UNG,low,-2.373,9958.13,-0.42,5.58,-6.0,-3.006,-2.684,41,0.561,1.1,0.0482,0.2679,False,False,0.4468,0.0884,0.5
9,USO,low,-3.2792,9925.24,-0.75,-1.47,0.72,-7.968,-7.54,41,0.366,0.93,0.0397,0.2679,False,False,0.4468,0.0884,0.5
9,XBI,low,-3.462,9976.37,-0.24,-6.03,5.79,-2.258,-2.219,40,0.55,0.6,0.0453,0.2679,False,False,0.4468,0.0884,0.5
9,XLE,low,-1.9709,9941.83,-0.58,-6.04,5.46,-4.662,-3.046,40,0.525,1.03,0.0252,0.2679,False,False,0.4468,0.0884,0.5
10,AAPL,low,-0.3563,9989.51,-0.1,-4.95,4.85,-2.211,-1.766,40,0.375,0.31,0.0274,0.2674,False,False,0.4904,0.1065,0.5
10,ARKK,low,-0.1165,9936.22,-0.64,-8.21,7.57,-6.954,-4.785,42,0.357,0.66,0.0446,0.2674,False,False,0.4904,0.1065,0.5
10,GLD,low,-2.2427,9999.7,-0.0,-5.08,5.08,-0.099,-0.141,40,0.4,0.21,0.0102,0.2674,False,False,0.4904,0.1065,0.5
10,IWM,low,-2.8465,9947.61,-0.52,3.24,-3.76,-8.16,-6.621,40,0.25,0.62,0.0312,0.2674,False,False,0.4904,0.1065,0.5
10,KRE,low,-0.9899,9991.43,-0.09,-3.67,3.59,-0.898,-0.636,40,0.575,0.58,0.0354,0.2674,False,False,0.4904,0.1065,0.5
10,NFLX,low,-0.1902,9976.49,-0.24,9.17,-9.41,-4.68,-4.25,41,0.463,0.29,0.0536,0.2674,False,False,0.4904,0.1065,0.5
10,NVDA,low,-3.3519,9948.57,-0.51,-6.26,5.75,-5.275,-4.301,43,0.488,0.95,0.0586,0.2674,False,False,0.4904,0.1065,0.5
10,PYPL,low,1.0427,9945.52,-0.54,-10.11,9.57,-2.406,-1.855,42,0.5,1.76,0.0445,0.2674,False,False,0.4904,0.1065,0.5
10,QQQ,low,-3.6551,9967.83,-0.32,5.31,-5.63,-4.518,-3.958,39,0.538,0.51,0.0221,0.2674,False,False,0.4904,0.1065,0.5
10,SPY,low,-2.4744,9975.86,-0.24,1.28,-1.52,-3.241,-2.304,39,0.564,0.43,0.003,0.2674,False,False,0.4904,0.1065,0.5
10,UNG,low,-14.0624,9963.2,-0.37,-34.35,33.98,-0.814,-0.882,44,0.386,3.01,0.052,0.2674,False,False,0.4904,0.1065,0.5
10,USO,low,-1.8319,10029.54,0.3,4.54,-4.24,1.262,1.557,41,0.561,1.02,0.0395,0.2674,False,False,0.4904,0.1065,0.5
10,XBI,low,-1.8677,9980.19,-0.2,-2.14,1.94,-2.096,-1.87,40,0.375,0.54,0.0278,0.2674,False,False,0.4904,0.1065,0.5
10,XLE,low,-1.1721,10095.6,0.96,6.47,-5.51,4.05,5.098,40,0.525,0.86,0.0254,0.2674,False,False,0.4904,0.1065,0.5
11,AAPL,low,-1.8466,9981.47,-0.19,0.96,-1.15,-6.93,-5.032,39,0.59,0.29,0.0211,0.2669,False,False,0.4118,0.0689,0.5
11,ARKK,low,-5.3027,9981.25,-0.19,18.93,-19.11,-1.934,-1.611,40,0.5,0.64,0.0365,0.2669,False,False,0.4118,0.0689,0.5
11,GLD,low,-3.2242,9980.86,-0.19,-5.65,5.46,-9.138,-7.54,40,0.275,0.22,0.0183,0.2669,False,False,0.4118,0.0689,0.5
11,IWM,low,-1.9796,9993.25,-0.07,4.05,-4.12,-0.726,-0.674,39,0.462,0.48,0.0038,0.2669,False,False,0.4118,0.0689,0.5
11,KRE,low,-0.6341,10045.41,0.45,4.26,-3.8,3.546,3.608,40,0.6,0.53,0.0312,0.2669,False,False,0.4118,0.0689,0.5
11,NFLX,low,-1.8906,9961.17,-0.39,0.67,-1.06,-11.54,-9.391,41,0.39,0.39,0.0343,0.2669,False,False,0.4118,0.0689,0.5
11,NVDA,low,-2.0701,9958.82,-0.41,-3.02,2.61,-5.325,-4.591,40,0.375,0.7,0.0225,0.2669,False,False,0.4118,0.0689,0.5
11,PYPL,low,4.3527,9645.5,-3.55,-33.6,30.06,-5.811,-3.303,41,0.415,3.62,0.0471,0.2669,False,False,0.4118,0.0689,0.5
11,QQQ,low,0.2354,9992.58,-0.07,-7.34,7.26,-2.371,-2.099,41,0.512,0.26,0.0195,0.2669,False,False,0.4118,0.0689,0.5
11,SPY,low,-0.6892,9991.76,-0.08,4.42,-4.5,-1.671,-1.449,40,0.475,0.32,0.0292,0.2669,False,False,0.4118,0.0689,0.5
11,UNG,low,-2.756,9890.17,-1.1,-4.37,3.27,-6.819,-3.751,41,0.512,1.31,0.0596,0.2669,False,False,0.4118,0.0689,0.5
11,USO,low,0.2699,9929.38,-0.71,-13.03,12.32,-6.114,-5.268,41,0.561,1.09,0.0364,0.2669,False,False,0.4118,0.0689,0.5
11,XBI,low,-2.7369,9973.88,-0.26,2.61,-2.87,-11.719,-9.778,40,0.325,0.27,0.0139,0.2669,False,False,0.4118,0.0689,0.5
11,XLE,low,-0.5113,9983.5,-0.16,-5.9,5.74,-4.423,-3.427,40,0.35,0.28,0.0125,0.2669,False,False,0.4118,0.0689,0.5
12,AAPL,low,-0.8298,9992.11,-0.08,2.04,-2.12,-3.184,-2.952,40,0.525,0.17,0.0287,0.2663,False,False,0.4561,0.062,0.5
12,ARKK,low,-3.8627,9964.12,-0.36,8.91,-9.27,-4.264,-3.489,40,0.4,0.47,0.0334,0.2663,False,False,0.4561,0.062,0.5
12,GLD,low,-2.0526,9979.56,-0.2,3.72,-3.92,-15.361,-12.83,39,0.231,0.21,0.0072,0.2663,False,False,0.4561,0.062,0.5
12,IWM,low,-1.3801,9996.34,-0.04,-1.01,0.98,-0.385,-0.409,40,0.5,0.67,0.0278,0.2663,False,False,0.4561,0.062,0.5
12,KRE,low,-2.2092,9946.64,-0.53,-3.73,3.19,-4.206,-2.627,41,0.463,0.76,0.0384,0.2663,False,False,0.4561,0.062,0.5
12,NFLX,low,-0.321,9955.83,-0.44,-10.11,9.66,-10.219,-8.487,40,0.4,0.5,0.0348,0.2663,False,False,0.4561,0.062,0.5
12,NVDA,low,-3.5165,9938.16,-0.62,9.71,-10.33,-4.25,-2.944,41,0.415,1.23,0.0336,0.2663,False,False,0.4561,0.062,0.5
12,PYPL,low,-3.5349,9970.67,-0.29,-9.72,9.42,-4.997,-4.409,41,0.439,0.4,0.0394,0.2663,False,False,0.4561,0.062,0.5
12,QQQ,low,-1.7032,9972.7,-0.27,-0.74,0.47,-7.627,-6.251,40,0.325,0.43,0.022,0.2663,False,False,0.4561,0.062,0.5
12,SPY,low,-1.8786,9987.63,-0.12,1.46,-1.58,-6.57,-5.729,40,0.35,0.16,0.0084,0.2663,False,False,0.4561,0.062,0.5
12,UNG,low,-1.1879,9983.72,-0.16,1.95,-2.11,-1.191,-1.31,41,0.439,0.53,0.0505,0.2663,False,False,0.4561,0.062,0.5
12,USO,low,-2.3506,9987.51,-0.12,5.59,-5.72,-1.131,-1.058,40,0.525,0.6,0.0261,0.2663,False,False,0.4561,0.062,0.5
12,XBI,low,2.262,10058.41,0.58,9.77,-9.19,3.756,4.013,40,0.475,1.29,0.0312,0.2663,False,False,0.4561,0.062,0.5
12,XLE,low,-3.3806,9949.46,-0.51,-0.94,0.44,-10.287,-6.87,40,0.4,0.53,0.0397,0.2663,False,False,0.4561,0.062,0.5
13,AAPL,low,-0.013,9984.6,-0.15,7.84,-7.99,-3.312,-2.773,41,0.439,0.31,0.0348,0.2658,False,False,0.5,0.0872,0.5
13,ARKK,low,-1.5834,9966.64,-0.33,4.57,-4.9,-5.181,-4.569,41,0.39,0.55,0.0428,0.2658,False,False,0.5,0.0872,0.5
13,GLD,low,-2.2508,9984.62,-0.15,-2.76,2.61,-7.192,-5.566,39,0.282,0.22,-0.0002,0.2658,False,False,0.5,0.0872,0.5
13,IWM,low,-1.6867,9981.29,-0.19,0.68,-0.86,-2.066,-2.006,40,0.5,0.55,0.0182,0.2658,False,False,0.5,0.0872,0.5
13,KRE,low,-2.0948,9979.78,-0.2,-1.72,1.51,-3.863,-3.491,38,0.553,0.28,0.0146,0.2658,False,False,0.5,0.0872,0.5
13,NFLX,low,3.4045,10000.78,0.01,18.21,-18.21,0.063,0.053,41,0.512,1.15,0.0368,0.2658,False,False,0.5,0.0872,0.5
13,NVDA,low,0.0848,10155.11,1.55,10.28,-8.73,6.805,8.826,40,0.575,0.71,0.0382,0.2658,False,False,0.5,0.0872,0.5
13,PYPL,low,-3.0691,9986.2,-0.14,-7.67,7.53,-0.58,-0.585,42,0.405,1.72,0.0349,0.2658,False,False,0.5,0.0872,0.5
13,QQQ,low,-2.6853,9993.63,-0.06,3.09,-3.15,-4.148,-3.582,39,0.41,0.13,-0.0059,0.2658,False,False,0.5,0.0872,0.5
13,SPY,low,-0.1569,10003.24,0.03,-2.51,2.54,0.298,0.225,39,0.538,0.52,0.0252,0.2658,False,False,0.5,0.0872,0.5
13,UNG,low,0.0758,9931.09,-0.69,-11.18,10.49,-1.866,-1.627,42,0.429,1.88,0.048,0.2658,False,False,0.5,0.0872,0.5
13,USO,low,-3.0789,9930.87,-0.69,-2.42,1.73,-5.37,-4.317,40,0.45,1.08,0.0341,0.2658,False,False,0.5,0.0872,0.5
13,XBI,low,-0.1664,9984.45,-0.16,-8.47,8.32,-0.885,-1.017,40,0.425,1.06,0.0297,0.2658,False,False,0.5,0.0872,0.5
13,XLE,low,-1.5004,9944.92,-0.55,-4.08,3.53,-10.939,-8.857,41,0.341,0.66,0.0345,0.2658,False,False,0.5,0.0872,0.5
14,AAPL,low,-1.139,9989.79,-0.1,2.3,-2.41,-3.982,-4.369,40,0.45,0.14,0.0282,0.2653,False,False,0.4821,0.1207,0.5
14,ARKK,low,-2.7475,9981.9,-0.18,7.38,-7.57,-5.635,-4.174,41,0.439,0.28,0.0252,0.2653,False,False,0.4821,0.1207,0.5
14,GLD,low,-1.6812,9994.24,-0.06,2.21,-2.27,-4.272,-3.969,41,0.366,0.1,0.0101,0.2653,False,False,0.4821,0.1207,0.5
14,IWM,low,0.4369,10093.93,0.94,1.11,-0.17,6.372,8.142,38,0.605,0.47,0.0213,0.2653,False,False,0.4821,0.1207,0.5
14,KRE,low,-0.5822,9996.66,-0.03,2.88,-2.91,-0.333,-0.278,40,0.5,0.48,0.031,0.2653,False,False,0.4821,0.1207,0.5
14,NFLX,low,-3.6288,9950.97,-0.49,7.8,-8.29,-3.511,-3.518,40,0.5,0.8,0.0282,0.2653,False,False,0.4821,0.1207,0.5
14,NVDA,low,-3.8116,10041.81,0.42,11.89,-11.47,2.284,2.327,40,0.625,0.61,0.0265,0.2653,False,False,0.4821,0.1207,0.5
14,PYPL,low,1.1966,9961.47,-0.39,-15.49,15.11,-6.404,-4.576,41,0.366,0.45,0.0333,0.2653,False,False,0.4821,0.1207,0.5
14,QQQ,low,-1.8356,9987.84,-0.12,0.59,-0.71,-8.295,-7.93,41,0.244,0.13,0.0076,0.2653,False,False,0.4821,0.1207,0.5
14,SPY,low,-2.125,9965.57,-0.34,1.5,-1.85,-8.102,-5.14,40,0.55,0.48,0.0362,0.2653,False,False,0.4821,0.1207,0.5
14,UNG,low,3.4041,9961.8,-0.38,-22.83,22.45,-4.177,-2.928,42,0.333,0.77,0.0517,0.2653,False,False,0.4821,0.1207,0.5
14,USO,low,-0.1747,10100.75,1.01,2.28,-1.27,5.411,7.097,40,0.55,0.55,0.0387,0.2653,False,False,0.4821,0.1207,0.5
14,XBI,low,-2.3281,9992.01,-0.08,4.52,-4.6,-0.714,-0.69,39,0.538,0.52,0.0194,0.2653,False,False,0.4821,0.1207,0.5
14,XLE,low,-1.958,9994.61,-0.05,3.25,-3.3,-3.122,-2.732,40,0.475,0.14,0.0228,0.2653,False,False,0.4821,0.1207,0.5
15,AAPL,low,-1.9731,9968.72,-0.31,-0.02,-0.3,-7.928,-5.944,40,0.45,0.36,0.0175,0.2647,False,False,0.4905,0.2853,0.5
15,ARKK,low,1.669,9927.59,-0.72,-14.74,14.02,-2.82,-1.721,41,0.488,1.33,0.0411,0.2647,False,False,0.4905,0.2853,0.5
15,GLD,low,-1.1522,9996.83,-0.03,-2.46,2.42,-1.389,-1.445,40,0.425,0.13,0.0077,0.2647,False,False,0.4905,0.2853,0.5
15,IWM,low,-2.9144,9955.39,-0.45,-3.2,2.75,-5.716,-5.035,41,0.39,0.67,0.0367,0.2647,False,False,0.4905,0.2853,0.5
15,KRE,low,-1.9335,9966.66,-0.33,2.13,-2.46,-3.32,-2.456,41,0.488,0.74,0.0357,0.2647,False,False,0.4905,0.2853,0.5
15,NFLX,low,1.1881,9980.72,-0.19,12.76,-12.95,-2.059,-1.457,41,0.512,0.51,0.0516,0.2647,False,False,0.4905,0.2853,0.5
15,NVDA,low,-1.1138,9957.14,-0.43,3.18,-3.61,-2.797,-2.033,40,0.525,0.66,0.0491,0.2647,False,False,0.4905,0.2853,0.5
15,PYPL,low,0.0579,10020.66,0.21,3.68,-3.47,1.258,1.407,40,0.45,0.97,0.0379,0.2647,False,False,0.4905,0.2853,0.5
15,QQQ,low,-3.3638,9965.31,-0.35,8.37,-8.72,-6.3,-5.297,40,0.525,0.49,0.0357,0.2647,False,False,0.4905,0.2853,0.5
15,SPY,low,-2.2138,9987.22,-0.13,2.53,-2.65,-8.496,-5.51,40,0.375,0.13,0.0017,0.2647,False,False,0.4905,0.2853,0.5
15,UNG,low,-0.8616,9857.78,-1.42,12.83,-14.25,-8.529,-4.925,42,0.5,1.54,0.0388,0.2647,False,False,0.4905,0.2853,0.5
15,USO,low,2.9888,10112.9,1.13,1.88,-0.75,2.865,2.083,41,0.683,1.99,0.0543,0.2647,False,False,0.4905,0.2853,0.5
15,XBI,low,-0.3577,9978.67,-0.21,-7.31,7.1,-6.612,-6.475,41,0.341,0.27,0.0327,0.2647,False,False,0.4905,0.2853,0.5
15,XLE,low,-2.641,9969.23,-0.31,-3.5,3.19,-4.377,-2.798,41,0.439,0.43,0.0356,0.2647,False,False,0.4905,0.2853,0.5
16,AAPL,low,-3.501,9981.57,-0.18,7.01,-7.19,-8.07,-5.851,40,0.35,0.19,0.0044,0.2642,False,False,0.5,0.2396,0.5
16,ARKK,low,-3.3464,9923.2,-0.77,-2.25,1.48,-5.74,-6.424,41,0.512,1.24,0.0301,0.2642,False,False,0.5,0.2396,0.5
16,GLD,low,-1.3093,9989.24,-0.11,2.14,-2.24,-2.875,-3.645,40,0.3,0.29,0.0111,0.2642,False,False,0.5,0.2396,0.5
16,IWM,low,-1.2689,9979.93,-0.2,3.28,-3.48,-6.544,-5.868,39,0.359,0.25,0.0216,0.2642,False,False,0.5,0.2396,0.5
16,KRE,low,-3.8177,9957.69,-0.42,6.16,-6.58,-9.814,-8.954,40,0.375,0.44,0.0328,0.2642,False,False,0.5,0.2396,0.5
16,NFLX,low,-1.2376,9962.85,-0.37,-6.05,5.67,-2.717,-2.703,41,0.317,0.86,0.0228,0.2642,False,False,0.5,0.2396,0.5
16,NVDA,low,1.2912,9943.74,-0.56,-16.09,15.53,-5.731,-4.781,41,0.439,0.62,0.0451,0.2642,False,False,0.5,0.2396,0.5
16,PYPL,low,-0.2489,9958.39,-0.42,-6.64,6.22,-4.403,-3.687,40,0.5,0.71,0.0383,0.2642,False,False,0.5,0.2396,0.5
16,QQQ,low,-2.3523,9973.08,-0.27,5.47,-5.74,-2.101,-1.32,40,0.45,0.66,0.0125,0.2642,False,False,0.5,0.2396,0.5
16,SPY,low,-1.5775,9992.56,-0.07,-0.65,0.58,-4.018,-4.078,40,0.35,0.11,0.0023,0.2642,False,False,0.5,0.2396,0.5
16,UNG,low,5.0945,9916.49,-0.84,-36.22,35.38,-6.598,-4.668,44,0.386,0.96,0.0497,0.2642,False,False,0.5,0.2396,0.5
16,USO,low,1.4467,9959.3,-0.41,13.31,-13.71,-3.014,-2.313,41,0.463,0.96,0.0347,0.2642,False,False,0.5,0.2396,0.5
16,XBI,low,1.7241,10038.94,0.39,9.87,-9.48,4.553,4.589,40,0.575,0.49,0.0401,0.2642,False,False,0.5,0.2396,0.5
16,XLE,low,0.2387,9958.54,-0.41,-10.89,10.47,-6.317,-4.135,41,0.537,0.5,0.0396,0.2642,False,False,0.5,0.2396,0.5
17,AAPL,low,1.9515,10101.26,1.01,5.35,-4.33,6.434,8.114,40,0.575,0.5,0.028,0.2637,False,False,0.4844,0.076,0.5
17,ARKK,low,-3.8063,9985.91,-0.14,7.61,-7.75,-1.84,-1.873,39,0.436,0.38,0.0198,0.2637,False,False,0.4844,0.076,0.5
17,GLD,low,-2.0951,9992.79,-0.07,1.32,-1.39,-3.673,-3.63,39,0.436,0.16,0.0044,0.2637,False,False,0.4844,0.076,0.5
17,IWM,low,-2.1429,9993.83,-0.06,-4.28,4.22,-2.302,-2.408,41,0.268,0.19,0.012,0.2637,False,False,0.4844,0.076,0.5
17,KRE,low,-3.1332,9933.81,-0.66,2.06,-2.72,-10.133,-7.601,40,0.4,0.73,0.0186,0.2637,False,False,0.4844,0.076,0.5
17,NFLX,low,-1.0835,9937.32,-0.63,-0.02,-0.6,-1.701,-1.147,41,0.537,1.99,0.036,0.2637,False,False,0.4844,0.076,0.5
17,NVDA,low,-2.2657,10088.17,0.88,13.3,-12.41,4.34,4.206,40,0.625,0.92,0.0445,0.2637,False,False,0.4844,0.076,0.5
17,PYPL,low,1.7897,9953.38,-0.47,23.76,-24.23,-9.327,-6.91,42,0.429,0.51,0.0562,0.2637,False,False,0.4844,0.076,0.5
17,QQQ,low,-1.1904,10003.18,0.03,0.51,-0.47,0.494,0.482,40,0.5,0.28,0.0217,0.2637,False,False,0.4844,0.076,0.5
17,SPY,low,-0.3258,9992.6,-0.07,-5.2,5.13,-5.038,-4.636,40,0.525,0.15,0.0142,0.2637,False,False,0.4844,0.076,0.5
17,UNG,low,-0.134,9909.83,-0.9,-7.9,7.0,-7.573,-4.722,42,0.381,1.06,0.0519,0.2637,False,False,0.4844,0.076,0.5
17,USO,low,-0.8536,9951.63,-0.48,5.74,-6.22,-5.804,-4.154,41,0.488,0.62,0.046,0.2637,False,False,0.4844,0.076,0.5
17,XBI,low,2.3672,10178.14,1.78,-0.09,1.87,7.206,7.344,40,0.7,0.91,0.0385,0.2637,False,False,0.4844,0.076,0.5
17,XLE,low,-1.1258,9971.58,-0.28,6.27,-6.55,-6.088,-5.632,41,0.39,0.3,0.0347,0.2637,False,False,0.4844,0.076,0.5
18,AAPL,low,-3.4072,9970.54,-0.29,-6.17,5.88,-10.346,-8.234,41,0.317,0.29,0.0258,0.2631,False,False,0.4974,0.068,0.5
18,ARKK,low,-2.5936,10337.79,3.38,-16.71,20.09,5.884,6.401,43,0.442,3.01,0.0424,0.2631,False,False,0.4974,0.068,0.5
18,GLD,low,-2.583,9993.43,-0.07,-3.61,3.55,-4.234,-4.8,40,0.35,0.07,0.015,0.2631,False,False,0.4974,0.068,0.5
18,IWM,low,0.8437,10042.76,0.43,-4.37,4.8,3.481,3.312,40,0.65,0.42,0.0242,0.2631,False,False,0.4974,0.068,0.5
18,KRE,low,-0.7595,10005.98,0.06,-3.0,3.06,0.802,0.907,39,0.513,0.35,0.0114,0.2631,False,False,0.4974,0.068,0.5
18,NFLX,low,4.7081,10262.29,2.62,-9.19,11.81,7.824,7.946,41,0.683,0.86,0.0398,0.2631,False,False,0.4974,0.068,0.5
18,NVDA,low,-0.9728,9963.09,-0.37,5.76,-6.13,-6.413,-5.439,41,0.317,0.37,0.0463,0.2631,False,False,0.4974,0.068,0.5
18,PYPL,low,-2.412,10033.69,0.34,5.08,-4.75,1.992,2.542,40,0.55,0.59,0.0168,0.2631,False,False,0.4974,0.068,0.5
18,QQQ,low,-2.8344,9991.48,-0.09,3.1,-3.18,-1.866,-2.069,40,0.425,0.3,0.0071,0.2631,False,False,0.4974,0.068,0.5
18,SPY,low,-2.2625,9990.39,-0.1,0.66,-0.75,-3.939,-3.487,39,0.487,0.2,0.0093,0.2631,False,False,0.4974,0.068,0.5
18,UNG,low,-0.1338,9971.01,-0.29,-7.44,7.15,-2.224,-2.158,42,0.452,0.89,0.0507,0.2631,False,False,0.4974,0.068,0.5
18,USO,low,-3.5742,9956.71,-0.43,6.41,-6.84,-9.918,-7.206,40,0.325,0.43,0.0258,0.2631,False,False,0.4974,0.068,0.5
18,XBI,low,-1.6974,9984.43,-0.16,-1.14,0.99,-1.651,-1.579,40,0.425,0.55,0.0489,0.2631,False,False,0.4974,0.068,0.5
18,XLE,low,-2.0246,9942.41,-0.58,-1.39,0.81,-7.736,-5.178,41,0.439,0.69,0.0391,0.2631,False,False,0.4974,0.068,0.5
19,AAPL,low,-0.3523,9989.71,-0.1,-6.04,5.93,-1.014,-1.065,40,0.425,0.62,0.0319,0.2626,False,False,0.4873,0.1717,0.5
19,ARKK,low,-1.5011,9948.43,-0.52,-1.1,0.58,-4.491,-3.361,39,0.462,1.06,0.027,0.2626,False,False,0.4873,0.1717,0.5
19,GLD,low,-3.1362,9975.86,-0.24,-4.13,3.89,-8.319,-4.978,40,0.3,0.27,0.012,0.2626,False,False,0.4873,0.1717,0.5
19,IWM,low,-3.1829,9957.5,-0.43,1.66,-2.08,-12.117,-9.076,40,0.4,0.47,0.0284,0.2626,False,False,0.4873,0.1717,0.5
19,KRE,low,-2.1282,9987.67,-0.12,3.44,-3.57,-3.465,-3.254,39,0.41,0.17,0.0198,0.2626,False,False,0.4873,0.1717,0.5
19,NFLX,low,0.3761,10465.72,4.66,-15.23,19.89,10.94,11.244,41,0.61,1.06,0.0534,0.2626,False,False,0.4873,0.1717,0.5
19,NVDA,low,-3.7987,9954.78,-0.45,9.88,-10.33,-4.361,-3.463,40,0.4,0.71,0.0387,0.2626,False,False,0.4873,0.1717,0.5
19,PYPL,low,1.0157,9985.05,-0.15,-11.94,11.79,-5.734,-5.626,40,0.35,0.23,0.0141,0.2626,False,False,0.4873,0.1717,0.5
19,QQQ,low,-1.2935,10026.97,0.27,2.53,-2.26,2.76,3.1,39,0.513,0.28,0.0314,0.2626,False,False,0.4873,0.1717,0.5
19,SPY,low,3.0753,10118.07,1.18,-2.72,3.9,9.212,15.195,40,0.525,0.27,0.0242,0.2626,False,False,0.4873,0.1717,0.5
19,UNG,low,0.5728,9873.09,-1.27,16.35,-17.62,-9.18,-7.63,44,0.455,1.36,0.0573,0.2626,False,False,0.4873,0.1717,0.5
19,USO,low,0.6218,10009.24,0.09,8.39,-8.3,0.834,0.878,41,0.415,0.79,0.0281,0.2626,False,False,0.4873,0.1717,0.5
19,XBI,low,-1.253,9975.48,-0.25,-2.55,2.3,-1.78,-1.38,41,0.488,0.68,0.0437,0.2626,False,False,0.4873,0.1717,0.5
19,XLE,low,-0.868,9977.88,-0.22,4.32,-4.54,-1.724,-1.86,41,0.341,1.01,0.0469,0.2626,False,False,0.4873,0.1717,0.5
20,AAPL,low,-3.9583,9964.3,-0.36,-6.83,6.47,-7.327,-5.513,40,0.425,0.36,0.0359,0.2621,False,False,0.5,0.1228,0.5
20,ARKK,low,1.8977,9976.91,-0.23,-14.89,14.66,-1.377,-1.258,41,0.463,1.03,0.0424,0.2621,False,False,0.5,0.1228,0.5
20,GLD,low,-2.5802,9966.04,-0.34,-2.29,1.95,-6.65,-4.474,38,0.316,0.41,0.0111,0.2621,False,False,0.5,0.1228,0.5
20,IWM,low,-1.7806,9963.46,-0.37,5.04,-5.41,-11.826,-8.218,40,0.275,0.38,0.0194,0.2621,False,False,0.5,0.1228,0.5
20,KRE,low,-1.6321,9985.96,-0.14,-0.55,0.41,-0.801,-0.7,41,0.585,0.8,0.0409,0.2621,False,False,0.5,0.1228,0.5
20,NFLX,low,5.952,9976.97,-0.23,-35.63,35.4,-5.778,-4.694,40,0.575,0.25,0.0419,0.2621,False,False,0.5,0.1228,0.5
20,NVDA,low,-0.608,9960.36,-0.4,-3.27,2.88,-2.256,-1.611,41,0.439,0.8,0.0521,0.2621,False,False,0.5,0.1228,0.5
20,PYPL,low,-0.4809,9921.43,-0.79,13.65,-14.44,-6.01,-5.628,40,0.45,1.11,0.0494,0.2621,False,False,0.5,0.1228,0.5
20,QQQ,low,-1.6848,9989.41,-0.11,-0.85,0.74,-3.709,-3.619,39,0.41,0.19,0.0129,0.2621,False,False,0.5,0.1228,0.5
20,SPY,low,-2.0025,9985.75,-0.14,2.13,-2.27,-6.556,-5.563,40,0.425,0.16,0.0267,0.2621,False,False,0.5,0.1228,0.5
20,UNG,low,-0.8806,10032.61,0.33,2.76,-2.43,1.612,1.45,42,0.524,0.68,0.0498,0.2621,False,False,0.5,0.1228,0.5
20,USO,low,-3.5958,9941.63,-0.58,7.43,-8.02,-5.095,-4.573,42,0.452,0.75,0.0368,0.2621,False,False,0.5,0.1228,0.5
20,XBI,low,-2.7861,10045.27,0.45,8.78,-8.32,1.293,2.028,40,0.45,0.93,0.0317,0.2621,False,False,0.5,0.1228,0.5
20,XLE,low,-2.9484,9997.72,-0.02,8.59,-8.61,-0.712,-0.59,40,0.4,0.15,0.0205,0.2621,False,False,0.5,0.1228,0.5
21,AAPL,low,-0.725,9995.79,-0.04,2.04,-2.08,-1.274,-1.318,40,0.475,0.22,0.0351,0.2616,False,False,0.4433,0.055,0.4989
21,ARKK,low,-4.4008,9989.32,-0.11,-6.52,6.41,-0.695,-1.001,40,0.375,0.58,0.0375,0.2616,False,False,0.4433,0.055,0.4989
21,GLD,low,-1.1388,9995.37,-0.05,1.33,-1.38,-0.79,-0.715,40,0.525,0.52,0.0228,0.2616,False,False,0.4433,0.055,0.4989
21,IWM,low,-2.4734,9980.58,-0.19,-2.72,2.52,-6.406,-4.956,40,0.425,0.29,0.0204,0.2616,False,False,0.4433,0.055,0.4989
21,KRE,low,-0.7695,9981.97,-0.18,-3.47,3.29,-6.886,-7.207,40,0.375,0.31,0.0292,0.2616,False,False,0.4433,0.055,0.4989
21,NFLX,low,0.2212,9931.21,-0.69,-15.33,14.64,-6.0,-5.249,40,0.525,0.72,0.0428,0.2616,False,False,0.4433,0.055,0.4989
21,NVDA,low,1.6719,10006.79,0.07,15.42,-15.35,0.516,0.489,42,0.548,0.45,0.0489,0.2616,False,False,0.4433,0.055,0.4989
21,PYPL,low,-4.2526,10054.81,0.55,20.12,-19.58,1.975,2.121,40,0.575,1.36,0.0451,0.2616,False,False,0.4433,0.055,0.4989
21,QQQ,low,-0.1972,10020.39,0.2,0.04,0.17,4.798,6.236,40,0.425,0.09,0.011,0.2616,False,False,0.4433,0.055,0.4989
21,SPY,low,-1.727,9987.86,-0.12,0.37,-0.5,-5.161,-5.475,41,0.488,0.22,0.0197,0.2616,False,False,0.4433,0.055,0.4989
21,UNG,low,-5.6072,9922.97,-0.77,-12.59,11.82,-3.673,-2.604,41,0.512,1.38,0.0658,0.2616,False,False,0.4433,0.055,0.4989
21,USO,low,-2.4805,9824.86,-1.75,3.85,-5.6,-14.47,-9.447,42,0.19,1.75,0.0559,0.2616,False,False,0.4433,0.055,0.4989
21,XBI,low,-1.9788,9985.73,-0.14,1.53,-1.67,-2.094,-1.603,40,0.4,0.44,0.0266,0.2616,False,False,0.4433,0.055,0.4989
21,XLE,low,-1.9714,9988.51,-0.11,-1.27,1.15,-3.925,-2.8,40,0.325,0.15,0.0135,0.2616,False,False,0.4433,0.055,0.4989
22,AAPL,low,-2.4386,9929.0,-0.71,2.49,-3.2,-6.432,-5.807,41,0.39,1.14,0.0499,0.261,False,False,0.4774,0.079,0.5
22,ARKK,low,-2.49,9979.53,-0.2,4.48,-4.68,-3.915,-2.845,39,0.385,0.24,0.0308,0.261,False,False,0.4774,0.079,0.5
22,GLD,low,-1.8788,9987.25,-0.13,0.6,-0.73,-6.949,-6.284,41,0.415,0.15,0.0069,0.261,False,False,0.4774,0.079,0.5
22,IWM,low,-1.5423,9992.91,-0.07,1.05,-1.12,-3.134,-2.67,41,0.537,0.13,0.0168,0.261,False,False,0.4774,0.079,0.5
22,KRE,low,-0.8493,9990.86,-0.09,3.84,-3.94,-3.995,-3.777,39,0.436,0.15,0.0263,0.261,False,False,0.4774,0.079,0.5
22,NFLX,low,-2.3407,9921.37,-0.79,-1.41,0.63,-3.192,-2.576,42,0.548,1.33,0.0624,0.261,False,False,0.4774,0.079,0.5
22,NVDA,low,-4.652,9941.75,-0.58,-10.44,9.86,-6.295,-4.779,43,0.535,0.69,0.0645,0.261,False,False,0.4774,0.079,0.5
22,PYPL,low,-2.5068,9979.15,-0.21,9.5,-9.71,-1.541,-1.294,40,0.55,0.57,0.0335,0.261,False,False,0.4774,0.079,0.5
22,QQQ,low,-2.4716,9988.77,-0.11,3.73,-3.85,-2.958,-2.603,39,0.436,0.21,0.0019,0.261,False,False,0.4774,0.079,0.5
22,SPY,low,0.4527,10011.0,0.11,-5.12,5.23,2.056,2.748,39,0.538,0.2,0.0029,0.261,False,False,0.4774,0.079,0.5
22,UNG,low,-7.2863,9919.8,-0.8,-24.68,23.88,-2.81,-1.789,42,0.405,1.91,0.0496,0.261,False,False,0.4774,0.079,0.5
22,USO,low,-1.7985,9966.61,-0.33,5.05,-5.38,-1.138,-0.963,43,0.488,1.06,0.0528,0.261,False,False,0.4774,0.079,0.5
22,XBI,low,0.6843,9984.21,-0.16,-9.23,9.07,-1.065,-1.011,41,0.488,0.58,0.0494,0.261,False,False,0.4774,0.079,0.5
22,XLE,low,-1.3737,9951.98,-0.48,-2.93,2.45,-7.16,-4.223,41,0.439,0.5,0.0211,0.261,False,False,0.4774,0.079,0.5
23,AAPL,low,0.4705,9970.43,-0.3,8.45,-8.75,-6.268,-4.603,40,0.4,0.44,0.0419,0.2605,False,False,0.4934,0.1005,0.5
23,ARKK,low,-0.146,9976.82,-0.23,-5.92,5.68,-4.72,-4.945,40,0.4,0.54,0.0357,0.2605,False,False,0.4934,0.1005,0.5
23,GLD,low,-1.8519,9985.14,-0.15,1.28,-1.43,-3.107,-1.851,39,0.436,0.24,-0.0006,0.2605,False,False,0.4934,0.1005,0.5
23,IWM,low,-1.6343,9989.75,-0.1,-0.71,0.61,-1.524,-1.186,40,0.3,0.35,0.0088,0.2605,False,False,0.4934,0.1005,0.5
23,KRE,low,-0.5713,9985.49,-0.15,1.78,-1.92,-1.464,-1.402,41,0.439,0.57,0.0347,0.2605,False,False,0.4934,0.1005,0.5
23,NFLX,low,-1.4653,9987.56,-0.12,2.32,-2.44,-1.847,-1.594,41,0.585,0.3,0.0656,0.2605,False,False,0.4934,0.1005,0.5
23,NVDA,low,-0.7644,9964.23,-0.36,-8.09,7.73,-5.895,-5.473,42,0.476,0.4,0.0581,0.2605,False,False,0.4934,0.1005,0.5
23,PYPL,low,0.1541,10030.4,0.3,-4.38,4.69,1.586,1.544,41,0.585,1.13,0.0395,0.2605,False,False,0.4934,0.1005,0.5
23,QQQ,low,-2.7016,9977.89,-0.22,2.77,-2.99,-5.711,-4.706,39,0.385,0.29,0.0042,0.2605,False,False,0.4934,0.1005,0.5
23,SPY,low,-1.0238,9988.72,-0.11,-0.16,0.05,-2.191,-2.32,40,0.4,0.37,0.0269,0.2605,False,False,0.4934,0.1005,0.5
23,UNG,low,-1.8023,9941.37,-0.59,-2.81,2.22,-4.758,-3.73,43,0.372,1.16,0.0409,0.2605,False,False,0.4934,0.1005,0.5
23,USO,low,-0.3541,9891.42,-1.09,11.6,-12.68,-10.34,-6.262,41,0.488,1.29,0.0633,0.2605,False,False,0.4934,0.1005,0.5
23,XBI,low,-0.6184,9977.75,-0.22,-5.95,5.73,-5.82,-5.086,39,0.462,0.27,0.0357,0.2605,False,False,0.4934,0.1005,0.5
23,XLE,low,-0.2001,9994.85,-0.05,4.66,-4.71,-0.534,-0.535,40,0.375,0.68,0.0291,0.2605,False,False,0.4934,0.1005,0.5
24,AAPL,low,-3.497,9959.86,-0.4,-4.69,4.29,-10.728,-9.012,40,0.25,0.43,0.0423,0.26,False,False,0.4848,0.2208,0.5
24,ARKK,low,-0.7554,9904.84,-0.95,-7.85,6.9,-7.508,-5.611,42,0.5,1.01,0.0513,0.26,False,False,0.4848,0.2208,0.5
24,GLD,low,-1.3501,9977.97,-0.22,6.24,-6.46,-12.01,-8.771,41,0.415,0.23,0.0198,0.26,False,False,0.4848,0.2208,0.5
24,IWM,low,-1.7338,9985.56,-0.14,-1.08,0.94,-4.951,-4.577,40,0.4,0.21,0.0411,0.26,False,False,0.4848,0.2208,0.5
24,KRE,low,0.3482,9960.72,-0.39,15.45,-15.84,-7.438,-6.014,40,0.45,0.44,0.0463,0.26,False,False,0.4848,0.2208,0.5
24,NFLX,low,-0.6901,10010.19,0.1,-0.06,0.17,1.642,1.508,40,0.525,0.3,0.0317,0.26,False,False,0.4848,0.2208,0.5
24,NVDA,low,-4.3913,9935.95,-0.64,-12.56,11.92,-3.594,-2.946,40,0.6,1.26,0.0605,0.26,False,False,0.4848,0.2208,0.5
24,PYPL,low,-3.2974,9968.17,-0.32,-5.71,5.39,-2.905,-2.57,40,0.525,0.82,0.0411,0.26,False,False,0.4848,0.2208,0.5
24,QQQ,low,0.1154,9947.27,-0.53,-11.78,11.26,-2.58,-2.693,40,0.55,1.15,0.0268,0.26,False,False,0.4848,0.2208,0.5
24,SPY,low,-1.5353,9987.36,-0.13,-0.68,0.56,-8.967,-7.912,40,0.425,0.14,-0.0053,0.26,False,False,0.4848,0.2208,0.5
24,UNG,low,2.0208,9924.38,-0.76,-14.35,13.6,-2.392,-2.199,41,0.488,2.27,0.0466,0.26,False,False,0.4848,0.2208,0.5
24,USO,low,-1.9557,9941.24,-0.59,2.43,-3.02,-7.993,-5.395,41,0.415,0.68,0.0365,0.26,False,False,0.4848,0.2208,0.5
24,XBI,low,-1.1344,9996.72,-0.03,0.55,-0.58,-0.487,-0.472,40,0.575,0.23,0.0524,0.26,False,False,0.4848,0.2208,0.5
24,XLE,low,-2.0239,9954.22,-0.46,0.81,-1.27,-3.117,-2.783,42,0.405,1.33,0.0464,0.26,False,False,0.4848,0.2208,0.5
25,AAPL,low,-2.6711,9982.62,-0.17,2.88,-3.06,-2.664,-2.116,40,0.5,0.5,0.0137,0.2595,False,False,0.5,0.1116,0.5
25,ARKK,low,1.7736,9961.91,-0.38,-19.08,18.7,-7.082,-7.041,41,0.366,0.42,0.0318,0.2595,False,False,0.5,0.1116,0.5
25,GLD,low,-2.4512,9979.42,-0.21,3.26,-3.47,-8.223,-7.224,40,0.525,0.26,-0.0024,0.2595,False,False,0.5,0.1116,0.5
25,IWM,low,-1.6157,9988.12,-0.12,-0.98,0.86,-3.143,-2.374,40,0.5,0.26,0.029,0.2595,False,False,0.5,0.1116,0.5
25,KRE,low,1.1129,9881.15,-1.19,12.12,-13.31,-5.29,-2.968,41,0.512,1.4,0.068,0.2595,False,False,0.5,0.1116,0.5
25,NFLX,low,-0.1604,9987.54,-0.12,-5.81,5.69,-1.747,-1.573,39,0.436,0.52,0.0136,0.2595,False,False,0.5,0.1116,0.5
25,NVDA,low,2.0228,10039.41,0.39,-13.39,13.78,3.098,2.263,41,0.463,0.47,0.0428,0.2595,False,False,0.5,0.1116,0.5
25,PYPL,low,-3.2371,9977.92,-0.22,-6.07,5.85,-0.695,-0.697,43,0.512,2.4,0.0536,0.2595,False,False,0.5,0.1116,0.5
25,QQQ,low,-2.8095,9963.06,-0.37,4.43,-4.8,-8.69,-6.392,40,0.4,0.43,0.0206,0.2595,False,False,0.5,0.1116,0.5
25,SPY,low,-2.102,9992.62,-0.07,1.42,-1.49,-4.696,-4.824,41,0.439,0.13,0.0029,0.2595,False,False,0.5,0.1116,0.5
25,UNG,low,0.3295,9974.25,-0.26,10.89,-11.14,-2.518,-2.113,42,0.524,0.45,0.0665,0.2595,False,False,0.5,0.1116,0.5
25,USO,low,-3.4196,9888.85,-1.11,7.12,-8.23,-3.261,-2.062,40,0.475,2.14,0.032,0.2595,False,False,0.5,0.1116,0.5
25,XBI,low,-1.7604,9917.12,-0.83,4.96,-5.79,-8.36,-5.178,40,0.475,0.89,0.0426,0.2595,False,False,0.5,0.1116,0.5
25,XLE,low,-1.2432,9975.9,-0.24,4.21,-4.45,-6.512,-5.899,41,0.317,0.41,0.0457,0.2595,False,False,0.5,0.1116,0.5
26,AAPL,low,3.0457,10192.02,1.92,-5.51,7.43,7.752,9.373,41,0.659,0.74,0.0341,0.259,False,False,0.4966,0.2103,0.5
26,ARKK,low,0.9197,9962.85,-0.37,-10.32,9.95,-1.425,-1.178,40,0.475,1.13,0.0323,0.259,False,False,0.4966,0.2103,0.5
26,GLD,low,-2.6395,9950.04,-0.5,-1.37,0.87,-14.977,-10.349,40,0.4,0.52,0.0095,0.259,False,False,0.4966,0.2103,0.5
26,IWM,low,-1.9517,9990.02,-0.1,0.79,-0.89,-5.749,-5.759,40,0.4,0.12,-0.0062,0.259,False,False,0.4966,0.2103,0.5
26,KRE,low,-0.7375,10003.93,0.04,-1.35,1.39,0.591,0.588,40,0.5,0.32,0.0196,0.259,False,False,0.4966,0.2103,0.5
26,NFLX,low,-0.6376,10192.4,1.92,6.07,-4.15,8.315,13.123,40,0.6,0.41,0.0183,0.259,False,False,0.4966,0.2103,0.5
26,NVDA,low,-4.5442,9983.57,-0.16,-14.34,14.18,-2.514,-2.363,41,0.463,0.35,0.0356,0.259,False,False,0.4966,0.2103,0.5
26,PYPL,low,-1.9632,9986.29,-0.14,2.93,-3.06,-3.468,-2.892,39,0.436,0.22,0.0125,0.259,False,False,0.4966,0.2103,0.5
26,QQQ,low,-1.8615,9985.56,-0.14,1.0,-1.14,-6.37,-6.317,40,0.325,0.19,0.0094,0.259,False,False,0.4966,0.2103,0.5
26,SPY,low,-2.7079,9966.22,-0.34,4.2,-4.53,-8.098,-6.368,40,0.5,0.39,0.0244,0.259,False,False,0.4966,0.2103,0.5
26,UNG,low,-1.9502,10188.67,1.89,-7.38,9.27,4.016,4.184,41,0.585,1.18,0.0557,0.259,False,False,0.4966,0.2103,0.5
26,USO,low,-5.1896,9948.05,-0.52,11.14,-11.65,-5.39,-5.199,40,0.4,0.53,0.0168,0.259,False,False,0.4966,0.2103,0.5
26,XBI,low,2.3504,10264.8,2.65,4.46,-1.82,9.858,15.136,40,0.55,1.25,0.0386,0.259,False,False,0.4966,0.2103,0.5
26,XLE,low,-1.6148,9978.12,-0.22,-0.68,0.46,-9.805,-8.562,39,0.385,0.28,0.019,0.259,False,False,0.4966,0.2103,0.5
27,AAPL,low,-6.1714,9948.08,-0.52,-8.94,8.42,-12.161,-9.545,40,0.375,0.58,0.0128,0.2584,False,False,0.5,0.2036,0.5
27,ARKK,low,-1.648,9953.58,-0.46,1.84,-2.3,-6.162,-5.69,41,0.415,0.61,0.0442,0.2584,False,False,0.5,0.2036,0.5
27,GLD,low,-2.2609,9984.9,-0.15,-4.58,4.43,-5.022,-3.906,41,0.39,0.21,0.011,0.2584,False,False,0.5,0.2036,0.5
27,IWM,low,-2.3228,9968.19,-0.32,0.97,-1.29,-6.028,-4.551,40,0.475,0.38,0.016,0.2584,False,False,0.5,0.2036,0.5
27,KRE,low,-3.2138,9976.0,-0.24,-7.27,7.03,-6.145,-5.104,41,0.415,0.3,0.0238,0.2584,False,False,0.5,0.2036,0.5
27,NFLX,low,-1.1461,9988.03,-0.12,3.54,-3.66,-2.935,-2.292,40,0.55,0.33,0.0135,0.2584,False,False,0.5,0.2036,0.5
27,NVDA,low,-4.6026,9989.53,-0.1,14.56,-14.66,-0.521,-0.556,40,0.525,0.96,0.0218,0.2584,False,False,0.5,0.2036,0.5
27,PYPL,low,0.2686,9950.86,-0.49,12.15,-12.64,-7.884,-6.57,40,0.525,0.64,0.0446,0.2584,False,False,0.5,0.2036,0.5
27,QQQ,low,-2.7074,9962.74,-0.37,0.25,-0.63,-14.384,-10.66,40,0.275,0.39,-0.0082,0.2584,False,False,0.5,0.2036,0.5
27,SPY,low,-1.4687,9992.5,-0.08,0.88,-0.95,-4.696,-4.522,40,0.45,0.12,0.0026,0.2584,False,False,0.5,0.2036,0.5
27,UNG,low,5.3821,10382.0,3.82,13.23,-9.41,7.328,8.401,42,0.619,1.88,0.0585,0.2584,False,False,0.5,0.2036,0.5
27,USO,low,-4.029,9997.33,-0.03,12.56,-12.59,-0.063,-0.06,41,0.585,0.85,0.0351,0.2584,False,False,0.5,0.2036,0.5
27,XBI,low,0.5673,9997.96,-0.02,-9.82,9.8,-0.3,-0.303,40,0.525,0.35,0.02,0.2584,False,False,0.5,0.2036,0.5
27,XLE,low,-0.8236,10000.24,0.0,-5.74,5.75,0.035,0.035,39,0.59,0.45,0.0106,0.2584,False,False,0.5,0.2036,0.5
28,AAPL,low,-2.1168,10013.4,0.13,-1.85,1.98,0.874,1.009,40,0.475,0.58,0.0278,0.2579,False,False,0.5,0.1901,0.5
28,ARKK,low,-3.6852,9961.33,-0.39,8.83,-9.21,-5.157,-4.183,42,0.452,0.61,0.0334,0.2579,False,False,0.5,0.1901,0.5
28,GLD,low,-1.1822,9977.13,-0.23,-4.32,4.09,-5.42,-3.831,40,0.4,0.32,-0.0035,0.2579,False,False,0.5,0.1901,0.5
28,IWM,low,-2.6901,9986.86,-0.13,6.26,-6.4,-3.514,-2.817,41,0.463,0.25,0.0023,0.2579,False,False,0.5,0.1901,0.5
28,KRE,low,-3.709,9950.88,-0.49,-8.14,7.65,-8.868,-5.83,40,0.3,0.57,0.0229,0.2579,False,False,0.5,0.1901,0.5
28,NFLX,low,-2.7709,10012.58,0.13,-6.66,6.79,0.916,1.018,41,0.488,0.79,0.0348,0.2579,False,False,0.5,0.1901,0.5
28,NVDA,low,-3.1504,9936.33,-0.64,10.98,-11.62,-2.498,-1.622,40,0.525,1.53,0.0323,0.2579,False,False,0.5,0.1901,0.5
28,PYPL,low,-4.9586,9966.59,-0.33,-13.12,12.79,-3.688,-3.244,41,0.39,0.52,0.0414,0.2579,False,False,0.5,0.1901,0.5
28,QQQ,low,-1.5483,9987.92,-0.12,1.93,-2.05,-3.763,-2.734,41,0.39,0.17,0.0014,0.2579,False,False,0.5,0.1901,0.5
28,SPY,low,-1.9438,9988.63,-0.11,3.74,-3.85,-4.823,-4.927,41,0.39,0.21,-0.0006,0.2579,False,False,0.5,0.1901,0.5
28,UNG,low,-1.5133,9916.39,-0.84,0.23,-1.06,-7.376,-4.388,41,0.341,0.89,0.0456,0.2579,False,False,0.5,0.1901,0.5
28,USO,low,-1.0694,9957.43,-0.43,-2.14,1.71,-2.875,-1.946,41,0.463,0.86,0.0376,0.2579,False,False,0.5,0.1901,0.5
28,XBI,low,-2.747,9979.33,-0.21,-3.55,3.35,-1.379,-1.331,40,0.5,0.61,0.029,0.2579,False,False,0.5,0.1901,0.5
28,XLE,low,-2.1352,9963.75,-0.36,-0.95,0.59,-5.853,-3.928,40,0.3,0.41,0.026,0.2579,False,False,0.5,0.1901,0.5
29,AAPL,low,0.1982,9998.69,-0.01,4.85,-4.86,-0.379,-0.275,40,0.5,0.17,0.0206,0.2574,False,False,0.3965,0.1156,0.485
29,ARKK,low,-3.6931,9882.29,-1.18,8.32,-9.49,-9.563,-7.262,44,0.409,1.33,0.0421,0.2574,False,False,0.3965,0.1156,0.485
29,GLD,low,-2.1541,9986.3,-0.14,-1.72,1.58,-5.76,-5.256,39,0.308,0.15,-0.0121,0.2574,False,False,0.3965,0.1156,0.485
29,IWM,low,-0.1842,9982.08,-0.18,7.69,-7.87,-3.238,-2.811,40,0.625,0.5,0.0273,0.2574,False,False,0.3965,0.1156,0.485
29,KRE,low,1.015,9971.13,-0.29,-7.44,7.15,-1.528,-1.07,40,0.55,0.82,0.0045,0.2574,False,False,0.3965,0.1156,0.485
29,NFLX,low,-2.6545,9967.04,-0.33,-0.67,0.34,-2.507,-2.581,40,0.475,0.56,0.0515,0.2574,False,False,0.3965,0.1156,0.485
29,NVDA,low,-4.9386,9967.76,-0.32,15.16,-15.48,-1.977,-2.151,40,0.325,1.49,0.0221,0.2574,False,False,0.3965,0.1156,0.485
29,PYPL,low,-0.7102,9914.03,-0.86,1.03,-1.89,-4.358,-2.515,41,0.512,1.23,0.0439,0.2574,False,False,0.3965,0.1156,0.485
29,QQQ,low,-1.3192,9997.01,-0.03,-0.97,0.94,-1.809,-2.005,39,0.462,0.1,-0.0152,0.2574,False,False,0.3965,0.1156,0.485
29,SPY,low,-2.3531,9980.08,-0.2,1.29,-1.49,-6.186,-5.362,40,0.35,0.21,-0.0053,0.2574,False,False,0.3965,0.1156,0.485
29,UNG,low,-0.036,9982.13,-0.18,6.65,-6.83,-1.127,-0.984,42,0.5,1.09,0.0486,0.2574,False,False,0.3965,0.1156,0.485
29,USO,low,-2.7113,9942.17,-0.58,-0.38,-0.2,-9.243,-7.398,41,0.341,0.67,0.0424,0.2574,False,False,0.3965,0.1156,0.485
29,XBI,low,-0.4336,9981.62,-0.18,-6.01,5.83,-2.956,-2.656,40,0.375,0.26,0.0222,0.2574,False,False,0.3965,0.1156,0.485
29,XLE,low,-2.2641,10000.91,0.01,3.6,-3.59,0.169,0.147,40,0.5,0.2,0.001,0.2574,False,False,0.3965,0.1156,0.485
30,AAPL,low,-2.261,9981.68,-0.18,2.0,-2.18,-4.777,-4.318,39,0.462,0.3,0.0099,0.2569,False,False,0.4831,0.1359,0.5
30,ARKK,low,-2.8339,9939.67,-0.6,-0.46,-0.14,-3.496,-2.428,40,0.5,1.41,0.0324,0.2569,False,False,0.4831,0.1359,0.5
30,GLD,low,-3.1523,9969.04,-0.31,2.06,-2.37,-6.154,-4.217,39,0.436,0.46,-0.0078,0.2569,False,False,0.4831,0.1359,0.5
30,IWM,low,-1.8773,9954.78,-0.45,0.93,-1.39,-3.818,-3.182,41,0.366,0.58,0.0348,0.2569,False,False,0.4831,0.1359,0.5
30,KRE,low,-1.0858,9961.77,-0.38,-5.47,5.09,-10.149,-8.196,40,0.3,0.4,0.01,0.2569,False,False,0.4831,0.1359,0.5
30,NFLX,low,0.5652,9981.82,-0.18,9.65,-9.83,-2.866,-2.628,41,0.439,0.5,0.0419,0.2569,False,False,0.4831,0.1359,0.5
30,NVDA,low,-3.3041,9939.6,-0.6,9.18,-9.79,-4.85,-3.996,41,0.463,1.01,0.041,0.2569,False,False,0.4831,0.1359,0.5
30,PYPL,low,-1.8012,9989.55,-0.1,1.87,-1.98,-2.713,-2.221,40,0.5,0.18,0.0169,0.2569,False,False,0.4831,0.1359,0.5
30,QQQ,low,0.9057,9990.61,-0.09,-7.51,7.41,-0.912,-0.788,40,0.5,0.41,0.031,0.2569,False,False,0.4831,0.1359,0.5
30,SPY,low,-1.9446,9992.2,-0.08,1.63,-1.71,-9.114,-7.593,40,0.425,0.09,-0.0064,0.2569,False,False,0.4831,0.1359,0.5
30,UNG,low,4.2658,10326.89,3.27,11.36,-8.09,8.567,10.895,40,0.5,1.4,0.0373,0.2569,False,False,0.4831,0.1359,0.5
30,USO,low,-1.572,9975.44,-0.25,-0.62,0.37,-3.824,-3.065,41,0.439,0.38,0.0389,0.2569,False,False,0.4831,0.1359,0.5
30,XBI,low,2.0479,10079.69,0.8,3.32,-2.53,4.995,5.421,41,0.61,0.73,0.0151,0.2569,False,False,0.4831,0.1359,0.5
30,XLE,low,-1.7418,9986.69,-0.13,0.65,-0.78,-4.598,-4.084,40,0.475,0.16,0.0005,0.2569,False,False,0.4831,0.1359,0.5
31,AAPL,low,-1.2118,9988.32,-0.12,-0.39,0.28,-4.297,-2.778,40,0.425,0.16,-0.0064,0.2564,False,False,0.3985,0.081,0.5
31,ARKK,low,-2.337,9964.49,-0.36,5.24,-5.6,-0.824,-0.651,41,0.561,1.97,0.0494,0.2564,False,False,0.3985,0.081,0.5
31,GLD,low,-2.4132,9985.66,-0.14,1.79,-1.93,-3.977,-4.456,39,0.359,0.21,-0.0095,0.2564,False,False,0.3985,0.081,0.5
31,IWM,low,-2.4921,9976.95,-0.23,5.99,-6.22,-3.664,-3.068,39,0.615,0.48,0.0075,0.2564,False,False,0.3985,0.081,0.5
31,KRE,low,-1.0222,9988.61,-0.11,-1.01,0.89,-3.686,-2.966,39,0.538,0.17,-0.0044,0.2564,False,False,0.3985,0.081,0.5
31,NFLX,low,-2.0661,9987.78,-0.12,2.02,-2.15,-2.914,-2.833,40,0.425,0.19,0.0264,0.2564,False,False,0.3985,0.081,0.5
31,NVDA,low,-3.8733,9983.99,-0.16,-8.07,7.91,-0.613,-0.723,40,0.45,1.15,0.0528,0.2564,False,False,0.3985,0.081,0.5
31,PYPL,low,-1.8037,9981.57,-0.18,-3.02,2.84,-1.561,-0.983,40,0.475,0.58,0.0397,0.2564,False,False,0.3985,0.081,0.5
31,QQQ,low,-1.653,9992.06,-0.08,0.67,-0.75,-4.636,-4.47,40,0.375,0.13,-0.0096,0.2564,False,False,0.3985,0.081,0.5
31,SPY,low,-2.2592,9999.52,-0.0,-0.38,0.38,-0.106,-0.135,40,0.4,0.29,-0.0052,0.2564,False,False,0.3985,0.081,0.5
31,UNG,low,0.9104,10132.13,1.32,-5.67,6.99,4.251,3.783,41,0.585,0.85,0.0417,0.2564,False,False,0.3985,0.081,0.5
31,USO,low,-2.7964,9971.65,-0.28,9.84,-10.12,-2.415,-1.9,40,0.45,0.63,0.0186,0.2564,False,False,0.3985,0.081,0.5
31,XBI,low,-3.034,9971.56,-0.28,-4.05,3.76,-8.402,-6.853,40,0.425,0.29,0.0304,0.2564,False,False,0.3985,0.081,0.5
31,XLE,low,-1.4738,9983.88,-0.16,-0.79,0.63,-5.995,-4.584,40,0.525,0.22,-0.0057,0.2564,False,False,0.3985,0.081,0.5
32,AAPL,low,-2.2425,9966.2,-0.34,0.8,-1.14,-4.205,-4.232,41,0.463,0.58,0.0411,0.2559,False,False,0.4557,0.093,0.5
32,ARKK,low,-0.5112,9982.03,-0.18,3.22,-3.4,-0.567,-0.471,41,0.415,1.36,0.0486,0.2559,False,False,0.4557,0.093,0.5
32,GLD,low,-1.212,9993.25,-0.07,-0.76,0.69,-2.658,-2.536,39,0.385,0.15,-0.0221,0.2559,False,False,0.4557,0.093,0.5
32,IWM,low,1.0151,10034.51,0.35,-2.42,2.76,4.835,5.322,39,0.59,0.32,-0.0026,0.2559,False,False,0.4557,0.093,0.5
32,KRE,low,-0.8687,10070.17,0.7,-2.15,2.85,4.388,4.718,40,0.5,0.51,0.0168,0.2559,False,False,0.4557,0.093,0.5
32,NFLX,low,-2.0963,9896.29,-1.04,-2.43,1.39,-5.752,-4.84,43,0.349,1.85,0.037,0.2559,False,False,0.4557,0.093,0.5
32,NVDA,low,0.7072,10085.24,0.85,-5.26,6.12,5.442,6.024,39,0.513,0.65,0.0175,0.2559,False,False,0.4557,0.093,0.5
32,PYPL,low,-6.7599,9992.81,-0.07,-22.62,22.55,-0.856,-0.776,42,0.429,0.48,0.0416,0.2559,False,False,0.4557,0.093,0.5
32,QQQ,low,-1.5866,9965.83,-0.34,3.46,-3.81,-7.725,-5.991,40,0.325,0.42,0.0303,0.2559,False,False,0.4557,0.093,0.5
32,SPY,low,-0.603,10022.22,0.22,-0.4,0.62,4.579,5.363,40,0.65,0.14,0.0067,0.2559,False,False,0.4557,0.093,0.5
32,UNG,low,-0.3386,9907.23,-0.93,16.01,-16.94,-6.825,-4.098,42,0.429,1.03,0.0517,0.2559,False,False,0.4557,0.093,0.5
32,USO,low,-0.9307,9992.72,-0.07,-2.0,1.92,-0.773,-0.79,40,0.45,0.67,0.0171,0.2559,False,False,0.4557,0.093,0.5
32,XBI,low,0.0146,9991.19,-0.09,4.54,-4.63,-0.78,-0.69,40,0.4,0.41,0.0439,0.2559,False,False,0.4557,0.093,0.5
32,XLE,low,-2.0423,9929.24,-0.71,-2.62,1.91,-9.061,-5.821,41,0.341,0.75,0.022,0.2559,False,False,0.4557,0.093,0.5
33,AAPL,low,1.1849,10024.38,0.24,6.37,-6.13,3.036,3.925,40,0.575,0.26,0.0189,0.2554,False,False,0.5,0.186,0.5
33,ARKK,low,5.9033,10237.78,2.38,9.41,-7.03,5.786,6.055,41,0.585,1.66,0.0467,0.2554,False,False,0.5,0.186,0.5
33,GLD,low,-1.051,9995.73,-0.04,3.2,-3.24,-0.591,-0.49,39,0.564,0.29,-0.0039,0.2554,False,False,0.5,0.186,0.5
33,IWM,low,-0.4007,9992.8,-0.07,-4.65,4.58,-4.542,-4.12,39,0.564,0.11,-0.0049,0.2554,False,False,0.5,0.186,0.5
33,KRE,low,2.1786,9932.55,-0.67,-20.97,20.3,-6.725,-4.897,41,0.317,1.06,0.0202,0.2554,False,False,0.5,0.186,0.5
33,NFLX,low,-6.5846,10118.87,1.19,24.39,-23.2,2.529,2.877,41,0.488,2.02,0.0367,0.2554,False,False,0.5,0.186,0.5
33,NVDA,low,-8.3838,9973.51,-0.26,27.28,-27.54,-2.394,-1.865,41,0.463,0.55,0.0358,0.2554,False,False,0.5,0.186,0.5
33,PYPL,low,-1.1359,10024.82,0.25,4.62,-4.37,1.648,1.828,41,0.537,0.6,0.0091,0.2554,False,False,0.5,0.186,0.5
33,QQQ,low,-1.9749,9992.33,-0.08,1.47,-1.55,-3.633,-3.688,39,0.385,0.09,-0.0087,0.2554,False,False,0.5,0.186,0.5
33,SPY,low,-3.3731,9968.07,-0.32,4.57,-4.88,-5.497,-5.802,40,0.425,0.51,0.0056,0.2554,False,False,0.5,0.186,0.5
33,UNG,low,-0.5824,9798.44,-2.02,-12.46,10.45,-13.341,-7.88,45,0.444,2.02,0.06,0.2554,False,False,0.5,0.186,0.5
33,USO,low,0.9599,10049.89,0.5,6.4,-5.9,2.526,2.188,41,0.463,0.52,0.0392,0.2554,False,False,0.5,0.186,0.5
33,XBI,low,-0.3231,9983.88,-0.16,-3.92,3.76,-1.537,-1.418,40,0.575,0.55,0.0516,0.2554,False,False,0.5,0.186,0.5
33,XLE,low,-3.3673,10027.78,0.28,12.29,-12.01,2.229,2.115,39,0.513,0.94,0.0034,0.2554,False,False,0.5,0.186,0.5
34,AAPL,low,-1.4433,9981.85,-0.18,1.52,-1.7,-3.086,-1.946,41,0.366,0.37,0.0018,0.2549,False,False,0.4989,0.0622,0.5
34,ARKK,low,-4.6469,9983.74,-0.16,15.52,-15.68,-2.988,-2.617,41,0.366,0.27,0.038,0.2549,False,False,0.4989,0.0622,0.5
34,GLD,low,-2.0078,10010.21,0.1,0.02,0.08,2.054,2.294,40,0.5,0.24,0.0027,0.2549,False,False,0.4989,0.0622,0.5
34,IWM,low,0.073,9990.69,-0.09,-3.94,3.85,-1.508,-0.909,39,0.564,0.31,0.004,0.2549,False,False,0.4989,0.0622,0.5
34,KRE,low,1.2959,9914.77,-0.85,-13.41,12.56,-5.554,-3.201,42,0.595,1.01,0.0614,0.2549,False,False,0.4989,0.0622,0.5
34,NFLX,low,0.7843,9980.17,-0.2,-12.31,12.11,-5.842,-5.54,41,0.341,0.2,0.0282,0.2549,False,False,0.4989,0.0622,0.5
34,NVDA,low,-4.1457,9939.07,-0.61,8.86,-9.47,-8.57,-5.741,40,0.475,0.65,0.0328,0.2549,False,False,0.4989,0.0622,0.5
34,PYPL,low,0.6499,9952.93,-0.47,-11.29,10.82,-5.446,-4.64,41,0.439,0.59,0.0427,0.2549,False,False,0.4989,0.0622,0.5
34,QQQ,low,-2.0032,9970.43,-0.3,4.67,-4.97,-2.734,-2.263,40,0.45,0.93,0.0218,0.2549,False,False,0.4989,0.0622,0.5
34,SPY,low,-1.9447,9995.39,-0.05,1.34,-1.39,-7.14,-7.803,39,0.333,0.07,-0.0147,0.2549,False,False,0.4989,0.0622,0.5
34,UNG,low,4.2345,9940.62,-0.59,35.41,-36.01,-3.936,-3.692,43,0.442,1.46,0.0481,0.2549,False,False,0.4989,0.0622,0.5
34,USO,low,-2.1435,9971.87,-0.28,0.1,-0.38,-5.428,-4.212,40,0.475,0.37,0.0451,0.2549,False,False,0.4989,0.0622,0.5
34,XBI,low,-3.4175,9962.9,-0.37,8.28,-8.65,-5.542,-4.058,41,0.512,0.42,0.0419,0.2549,False,False,0.4989,0.0622,0.5
34,XLE,low,-2.2471,9967.5,-0.33,0.35,-0.68,-7.443,-6.133,40,0.45,0.4,0.0149,0.2549,False,False,0.4989,0.0622,0.5
35,AAPL,low,-2.3423,9984.3,-0.16,2.37,-2.53,-7.811,-6.741,41,0.39,0.16,0.0057,0.2543,False,False,0.4838,0.1133,0.5
35,ARKK,low,-1.9059,10065.1,0.65,12.94,-12.29,2.434,2.868,40,0.55,1.21,0.0367,0.2543,False,False,0.4838,0.1133,0.5
35,GLD,low,-2.1273,9955.1,-0.45,-3.47,3.02,-10.402,-6.599,40,0.325,0.46,0.0152,0.2543,False,False,0.4838,0.1133,0.5
35,IWM,low,0.4093,9990.78,-0.09,7.55,-7.64,-1.015,-0.923,40,0.475,0.51,0.0275,0.2543,False,False,0.4838,0.1133,0.5
35,KRE,low,0.5324,10075.43,0.75,1.5,-0.75,3.523,5.441,40,0.525,0.85,0.0354,0.2543,False,False,0.4838,0.1133,0.5
35,NFLX,low,-1.4646,9948.04,-0.52,-5.76,5.24,-5.048,-4.229,41,0.537,0.64,0.0432,0.2543,False,False,0.4838,0.1133,0.5
35,NVDA,low,-3.235,9959.7,-0.4,-6.47,6.06,-5.716,-4.998,42,0.452,0.53,0.0579,0.2543,False,False,0.4838,0.1133,0.5
35,PYPL,low,-3.2755,9928.77,-0.71,-3.84,3.13,-7.623,-4.629,41,0.537,1.0,0.0544,0.2543,False,False,0.4838,0.1133,0.5
35,QQQ,low,-1.7464,9981.2,-0.19,0.47,-0.65,-5.257,-3.889,40,0.5,0.26,0.0066,0.2543,False,False,0.4838,0.1133,0.5
35,SPY,low,1.4157,10125.69,1.26,-3.73,4.98,7.292,7.368,40,0.625,0.99,0.0301,0.2543,False,False,0.4838,0.1133,0.5
35,UNG,low,-2.0587,9861.91,-1.38,0.57,-1.96,-8.536,-5.317,43,0.512,1.38,0.0682,0.2543,False,False,0.4838,0.1133,0.5
35,USO,low,-1.2227,9952.75,-0.47,-2.57,2.1,-6.673,-4.985,40,0.525,0.6,0.0462,0.2543,False,False,0.4838,0.1133,0.5
35,XBI,low,-2.377,9991.75,-0.08,-5.73,5.64,-2.644,-2.161,40,0.5,0.22,0.0254,0.2543,False,False,0.4838,0.1133,0.5
35,XLE,low,-3.7121,9965.83,-0.34,11.55,-11.89,-5.532,-3.687,41,0.415,0.45,0.0383,0.2543,False,False,0.4838,0.1133,0.5
36,AAPL,low,-0.1811,9987.85,-0.12,8.58,-8.7,-5.041,-4.712,40,0.325,0.25,0.0169,0.2538,False,False,0.4799,0.0694,0.5
36,ARKK,low,0.872,9930.09,-0.7,-16.6,15.9,-4.095,-2.687,44,0.432,1.53,0.0562,0.2538,False,False,0.4799,0.0694,0.5
36,GLD,low,-2.4567,9984.47,-0.16,-0.98,0.82,-6.505,-5.196,40,0.45,0.19,0.0067,0.2538,False,False,0.4799,0.0694,0.5
36,IWM,low,-2.129,9974.99,-0.25,-1.41,1.16,-5.559,-4.871,40,0.375,0.43,0.0277,0.2538,False,False,0.4799,0.0694,0.5
36,KRE,low,-2.6315,9988.16,-0.12,5.35,-5.47,-1.335,-1.228,40,0.5,0.51,0.0139,0.2538,False,False,0.4799,0.0694,0.5
36,NFLX,low,-2.9251,9955.5,-0.44,-5.69,5.24,-5.028,-4.707,40,0.525,0.85,0.0251,0.2538,False,False,0.4799,0.0694,0.5
36,NVDA,low,-1.5207,9983.17,-0.17,2.29,-2.45,-1.708,-1.381,42,0.357,0.61,0.0462,0.2538,False,False,0.4799,0.0694,0.5
36,PYPL,low,-4.9818,9975.33,-0.25,-12.51,12.26,-4.085,-3.317,41,0.268,0.53,0.0346,0.2538,False,False,0.4799,0.0694,0.5
36,QQQ,low,-0.9929,9992.89,-0.07,1.14,-1.21,-0.969,-1.092,40,0.375,0.41,0.0103,0.2538,False,False,0.4799,0.0694,0.5
36,SPY,low,-1.9779,9990.71,-0.09,1.7,-1.79,-2.914,-2.071,40,0.425,0.18,-0.0115,0.2538,False,False,0.4799,0.0694,0.5
36,UNG,low,-7.9475,9907.51,-0.92,-20.67,19.74,-3.66,-2.68,44,0.409,1.62,0.0489,0.2538,False,False,0.4799,0.0694,0.5
36,USO,low,-2.4246,9972.59,-0.27,4.3,-4.57,-4.255,-3.674,41,0.415,0.41,0.0277,0.2538,False,False,0.4799,0.0694,0.5
36,XBI,low,-3.112,9949.71,-0.5,-4.97,4.47,-6.493,-4.789,42,0.5,0.55,0.0545,0.2538,False,False,0.4799,0.0694,0.5
36,XLE,low,-5.6874,10019.93,0.2,24.17,-23.97,0.829,0.71,40,0.5,1.26,0.0306,0.2538,False,False,0.4799,0.0694,0.5
37,AAPL,low,-0.7207,10025.99,0.26,-5.73,5.99,1.427,1.181,41,0.537,0.86,0.042,0.2533,False,False,0.5,0.1838,0.5
37,ARKK,low,-2.7299,9913.45,-0.87,-1.19,0.33,-5.552,-4.734,42,0.429,1.2,0.0428,0.2533,False,False,0.5,0.1838,0.5
37,GLD,low,-1.1556,9976.7,-0.23,-4.68,4.45,-2.584,-1.656,39,0.513,0.53,0.0024,0.2533,False,False,0.5,0.1838,0.5
37,IWM,low,-1.2542,9979.48,-0.21,2.08,-2.29,-7.443,-5.527,40,0.475,0.27,0.0101,0.2533,False,False,0.5,0.1838,0.5
37,KRE,low,-4.315,9970.03,-0.3,15.8,-16.1,-2.706,-2.021,39,0.513,0.74,0.0397,0.2533,False,False,0.5,0.1838,0.5
37,NFLX,low,-0.9949,9986.48,-0.14,3.53,-3.67,-2.489,-2.384,41,0.39,0.3,0.0108,0.2533,False,False,0.5,0.1838,0.5
37,NVDA,low,-3.1986,10273.46,2.73,18.9,-16.17,6.705,8.586,41,0.561,1.02,0.0433,0.2533,False,False,0.5,0.1838,0.5
37,PYPL,low,-0.0144,10090.78,0.91,8.67,-7.77,6.073,6.597,41,0.585,0.34,0.0101,0.2533,False,False,0.5,0.1838,0.5
37,QQQ,low,-1.8297,9964.51,-0.35,3.59,-3.95,-2.627,-2.157,40,0.475,0.99,0.0194,0.2533,False,False,0.5,0.1838,0.5
37,SPY,low,-0.4872,9987.56,-0.12,4.19,-4.32,-4.202,-3.21,40,0.4,0.24,0.0071,0.2533,False,False,0.5,0.1838,0.5
37,UNG,low,0.9537,9932.58,-0.67,16.31,-16.99,-6.777,-4.546,45,0.378,0.88,0.0615,0.2533,False,False,0.5,0.1838,0.5
37,USO,low,-0.8538,9989.05,-0.11,-2.62,2.51,-2.102,-1.833,41,0.415,0.32,0.0419,0.2533,False,False,0.5,0.1838,0.5
37,XBI,low,0.4266,9984.97,-0.15,5.68,-5.83,-1.785,-1.439,42,0.429,0.69,0.0448,0.2533,False,False,0.5,0.1838,0.5
37,XLE,low,-0.5794,9980.48,-0.2,11.53,-11.72,-1.432,-2.197,41,0.366,0.91,0.0428,0.2533,False,False,0.5,0.1838,0.5
38,AAPL,low,-0.7998,10022.86,0.23,-2.41,2.64,1.438,1.532,40,0.5,0.76,0.0306,0.2528,False,False,0.4969,0.2264,0.5
38,ARKK,low,-0.6359,9920.76,-0.79,7.24,-8.03,-4.195,-2.887,41,0.537,1.21,0.0282,0.2528,False,False,0.4969,0.2264,0.5
38,GLD,low,-2.2829,9990.99,-0.09,-4.68,4.59,-2.594,-2.312,39,0.487,0.29,0.0045,0.2528,False,False,0.4969,0.2264,0.5
38,IWM,low,0.3925,10073.22,0.73,-7.52,8.25,7.506,7.264,40,0.575,0.18,0.0112,0.2528,False,False,0.4969,0.2264,0.5
38,KRE,low,0.523,9984.29,-0.16,14.45,-14.61,-2.109,-2.176,40,0.45,0.61,0.0275,0.2528,False,False,0.4969,0.2264,0.5
38,NFLX,low,-1.7916,10132.95,1.33,-7.12,8.45,5.228,5.325,40,0.5,0.8,0.0381,0.2528,False,False,0.4969,0.2264,0.5
38,NVDA,low,0.321,9961.12,-0.39,-8.08,7.69,-5.141,-3.675,42,0.31,0.51,0.0349,0.2528,False,False,0.4969,0.2264,0.5
38,PYPL,low,4.2319,9978.78,-0.21,-23.32,23.11,-1.042,-0.976,42,0.5,1.58,0.0484,0.2528,False,False,0.4969,0.2264,0.5
38,QQQ,low,-2.6121,9980.78,-0.19,-1.05,0.86,-5.153,-5.218,39,0.538,0.22,-0.0155,0.2528,False,False,0.4969,0.2264,0.5
38,SPY,low,0.3468,10061.46,0.61,-1.37,1.98,4.3,3.894,40,0.625,0.74,0.0139,0.2528,False,False,0.4969,0.2264,0.5
38,UNG,low,-0.5677,9943.72,-0.56,1.43,-1.99,-3.262,-1.915,42,0.5,0.99,0.0583,0.2528,False,False,0.4969,0.2264,0.5
38,USO,low,1.5139,9986.01,-0.14,17.59,-17.73,-3.702,-2.929,41,0.463,0.29,0.0338,0.2528,False,False,0.4969,0.2264,0.5
38,XBI,low,-1.7042,9930.44,-0.7,-5.91,5.21,-13.508,-10.858,40,0.3,0.74,0.0177,0.2528,False,False,0.4969,0.2264,0.5
38,XLE,low,-1.1206,9969.78,-0.3,-7.06,6.76,-8.333,-6.323,41,0.488,0.34,0.0172,0.2528,False,False,0.4969,0.2264,0.5
39,AAPL,low,-0.9155,9982.51,-0.17,-3.37,3.19,-3.938,-4.007,40,0.5,0.31,0.0051,0.2523,False,False,0.4855,0.1343,0.5
39,ARKK,low,-2.0427,9934.67,-0.65,-0.52,-0.13,-8.047,-5.05,41,0.293,0.7,0.0435,0.2523,False,False,0.4855,0.1343,0.5
39,GLD,low,-2.7692,9987.77,-0.12,-1.89,1.77,-5.511,-5.14,41,0.293,0.19,-0.0024,0.2523,False,False,0.4855,0.1343,0.5
39,IWM,low,-2.6255,10006.39,0.06,7.68,-7.62,1.067,0.999,40,0.375,0.54,-0.0028,0.2523,False,False,0.4855,0.1343,0.5
39,KRE,low,-1.7781,9977.79,-0.22,-2.67,2.45,-4.468,-3.405,40,0.35,0.28,0.0229,0.2523,False,False,0.4855,0.1343,0.5
39,NFLX,low,-6.0086,9942.87,-0.57,-14.59,14.02,-6.015,-3.732,40,0.5,0.68,0.0308,0.2523,False,False,0.4855,0.1343,0.5
39,NVDA,low,0.1878,9936.4,-0.64,14.42,-15.05,-4.398,-3.294,41,0.463,0.86,0.0555,0.2523,False,False,0.4855,0.1343,0.5
39,PYPL,low,-2.1064,9972.37,-0.28,-2.05,1.78,-7.016,-5.148,41,0.39,0.38,0.0207,0.2523,False,False,0.4855,0.1343,0.5
39,QQQ,low,-0.1661,9994.38,-0.06,-6.39,6.33,-2.325,-2.274,41,0.537,0.19,-0.0006,0.2523,False,False,0.4855,0.1343,0.5
39,SPY,low,-2.7182,9986.65,-0.13,3.35,-3.48,-11.498,-9.797,40,0.35,0.13,-0.0096,0.2523,False,False,0.4855,0.1343,0.5
39,UNG,low,1.8646,9917.26,-0.83,-21.69,20.86,-3.775,-2.437,42,0.476,1.21,0.0607,0.2523,False,False,0.4855,0.1343,0.5
39,USO,low,-1.202,9853.83,-1.46,4.15,-5.61,-6.384,-3.633,41,0.463,1.66,0.0567,0.2523,False,False,0.4855,0.1343,0.5
39,XBI,low,-2.0687,9971.84,-0.28,-1.32,1.03,-5.682,-4.715,41,0.39,0.3,0.0249,0.2523,False,False,0.4855,0.1343,0.5
39,XLE,low,-0.2044,9961.61,-0.38,9.23,-9.61,-2.896,-2.91,40,0.55,0.55,0.0225,0.2523,False,False,0.4855,0.1343,0.5
40,AAPL,low,-1.7858,9988.57,-0.11,-3.06,2.94,-3.189,-3.26,40,0.375,0.27,-0.0041,0.2518,False,False,0.4929,0.1103,0.5
40,ARKK,low,-2.2634,9936.56,-0.63,4.85,-5.48,-14.1,-11.297,41,0.293,0.67,0.0204,0.2518,False,False,0.4929,0.1103,0.5
40,GLD,low,-3.8502,9971.29,-0.29,-6.12,5.83,-10.445,-6.487,41,0.317,0.3,0.0108,0.2518,False,False,0.4929,0.1103,0.5
40,IWM,low,-4.2344,9953.6,-0.46,10.95,-11.41,-4.92,-3.189,40,0.5,0.67,0.0138,0.2518,False,False,0.4929,0.1103,0.5
40,KRE,low,-2.9271,9945.01,-0.55,-2.01,1.46,-7.281,-6.216,39,0.333,0.67,0.0067,0.2518,False,False,0.4929,0.1103,0.5
40,NFLX,low,-1.9116,9981.8,-0.18,3.93,-4.11,-0.772,-0.739,40,0.475,1.33,0.0386,0.2518,False,False,0.4929,0.1103,0.5
40,NVDA,low,-3.973,9933.27,-0.67,-8.37,7.7,-6.135,-5.082,40,0.55,0.75,0.025,0.2518,False,False,0.4929,0.1103,0.5
40,PYPL,low,1.01,10103.25,1.03,-0.87,1.9,4.857,5.921,40,0.6,1.0,0.0246,0.2518,False,False,0.4929,0.1103,0.5
40,QQQ,low,-0.3359,10022.97,0.23,-1.55,1.78,3.573,4.403,40,0.5,0.14,-0.011,0.2518,False,False,0.4929,0.1103,0.5
40,SPY,low,-3.1835,9978.67,-0.21,-4.49,4.28,-11.364,-9.081,40,0.375,0.21,-0.0018,0.2518,False,False,0.4929,0.1103,0.5
40,UNG,low,-2.5656,9925.16,-0.75,2.84,-3.59,-5.364,-3.459,41,0.488,0.94,0.0404,0.2518,False,False,0.4929,0.1103,0.5
40,USO,low,-3.1504,9931.75,-0.68,-1.74,1.06,-5.745,-5.876,41,0.366,0.93,0.0477,0.2518,False,False,0.4929,0.1103,0.5
40,XBI,low,-2.0269,10025.71,0.26,5.1,-4.84,1.803,1.583,40,0.6,0.55,0.0211,0.2518,False,False,0.4929,0.1103,0.5
40,XLE,low,-2.7418,9960.0,-0.4,-1.81,1.41,-8.9,-5.83,40,0.475,0.44,0.0271,0.2518,False,False,0.4929,0.1103,0.5
41,AAPL,low,-2.4245,9944.18,-0.56,-2.28,1.72,-8.976,-6.57,40,0.475,0.68,0.0172,0.2513,False,False,0.5,0.1108,0.5
41,ARKK,low,-0.4153,9933.79,-0.66,-7.54,6.88,-6.723,-5.548,40,0.5,1.17,0.0406,0.2513,False,False,0.5,0.1108,0.5
41,GLD,low,-0.2384,10002.65,0.03,-2.93,2.95,0.764,1.334,39,0.282,0.17,-0.0268,0.2513,False,False,0.5,0.1108,0.5
41,IWM,low,-3.691,9974.44,-0.26,7.45,-7.71,-8.23,-6.139,40,0.45,0.32,-0.0077,0.2513,False,False,0.5,0.1108,0.5
41,KRE,low,1.5269,10003.41,0.03,17.02,-16.98,0.372,0.592,41,0.439,0.36,0.0319,0.2513,False,False,0.5,0.1108,0.5
41,NFLX,low,-3.3377,10005.77,0.06,6.17,-6.11,0.466,0.463,40,0.45,0.66,0.005,0.2513,False,False,0.5,0.1108,0.5
41,NVDA,low,-3.0368,10010.74,0.11,9.23,-9.12,1.468,1.365,41,0.537,0.33,0.0301,0.2513,False,False,0.5,0.1108,0.5
41,PYPL,low,-3.7064,10084.73,0.85,-7.73,8.57,3.956,9.127,40,0.4,0.53,0.0191,0.2513,False,False,0.5,0.1108,0.5
41,QQQ,low,-3.5732,9980.37,-0.2,7.13,-7.32,-9.039,-7.957,40,0.325,0.22,-0.0038,0.2513,False,False,0.5,0.1108,0.5
41,SPY,low,-0.7119,9979.17,-0.21,2.48,-2.69,-4.303,-2.837,40,0.45,0.24,0.0139,0.2513,False,False,0.5,0.1108,0.5
41,UNG,low,-2.3506,9871.59,-1.28,-4.11,2.82,-4.718,-2.723,41,0.537,1.76,0.04,0.2513,False,False,0.5,0.1108,0.5
41,USO,low,0.6289,9966.11,-0.34,13.98,-14.32,-7.345,-5.88,40,0.4,0.4,0.0297,0.2513,False,False,0.5,0.1108,0.5
41,XBI,low,-0.345,9988.16,-0.12,4.57,-4.69,-2.391,-2.216,41,0.439,0.3,0.0235,0.2513,False,False,0.5,0.1108,0.5
41,XLE,low,-2.348,9979.8,-0.2,-3.15,2.95,-6.16,-4.952,41,0.415,0.37,0.0096,0.2513,False,False,0.5,0.1108,0.5
42,AAPL,low,-1.6733,9952.38,-0.48,5.11,-5.59,-15.577,-11.411,40,0.45,0.56,-0.0018,0.2508,False,False,0.5,0.0699,0.5
42,ARKK,low,2.8125,10109.29,1.09,11.65,-10.55,4.516,5.493,40,0.5,0.96,0.0234,0.2508,False,False,0.5,0.0699,0.5
42,GLD,low,-1.794,9992.48,-0.08,0.4,-0.47,-7.346,-6.808,39,0.205,0.1,-0.0165,0.2508,False,False,0.5,0.0699,0.5
42,IWM,low,-1.514,9995.79,-0.04,-3.23,3.19,-0.698,-0.518,40,0.55,0.27,0.0161,0.2508,False,False,0.5,0.0699,0.5
42,KRE,low,1.6381,10047.46,0.47,-8.17,8.65,3.538,3.387,39,0.538,0.45,0.0123,0.2508,False,False,0.5,0.0699,0.5
42,NFLX,low,-0.0458,9994.74,-0.05,2.23,-2.28,-0.439,-0.365,41,0.537,0.58,0.0255,0.2508,False,False,0.5,0.0699,0.5
42,NVDA,low,-4.0771,9944.86,-0.55,8.04,-8.59,-6.628,-4.484,41,0.415,0.8,0.0455,0.2508,False,False,0.5,0.0699,0.5
42,PYPL,low,-5.8992,9909.7,-0.9,-15.44,14.53,-5.795,-3.517,40,0.475,1.17,0.0209,0.2508,False,False,0.5,0.0699,0.5
42,QQQ,low,-1.6761,9983.63,-0.16,0.21,-0.38,-4.06,-3.298,40,0.525,0.22,-0.0215,0.2508,False,False,0.5,0.0699,0.5
42,SPY,low,-2.7975,9974.32,-0.26,2.82,-3.08,-12.358,-8.478,40,0.225,0.26,-0.0244,0.2508,False,False,0.5,0.0699,0.5
42,UNG,low,-1.5928,9930.25,-0.7,-1.15,0.45,-4.831,-2.9,42,0.548,0.93,0.0479,0.2508,False,False,0.5,0.0699,0.5
42,USO,low,-2.1819,9963.35,-0.37,2.46,-2.83,-1.241,-0.915,41,0.561,1.1,0.0237,0.2508,False,False,0.5,0.0699,0.5
42,XBI,low,-1.0783,10048.81,0.49,-4.91,5.4,2.356,2.358,41,0.61,1.06,0.0454,0.2508,False,False,0.5,0.0699,0.5
42,XLE,low,-2.751,9981.43,-0.19,3.62,-3.81,-6.742,-5.182,41,0.415,0.25,0.0101,0.2508,False,False,0.5,0.0699,0.5
43,AAPL,low,2.9196,10096.98,0.97,-4.68,5.65,6.742,9.745,40,0.525,0.34,-0.0046,0.2503,False,False,0.5,0.1369,0.5
43,ARKK,low,-4.4967,9977.52,-0.22,-12.9,12.67,-3.529,-2.497,41,0.439,0.46,0.0287,0.2503,False,False,0.5,0.1369,0.5
43,GLD,low,-0.8263,9982.4,-0.18,-4.22,4.04,-9.528,-7.234,40,0.35,0.21,-0.0093,0.2503,False,False,0.5,0.1369,0.5
43,IWM,low,-2.008,9983.8,-0.16,-1.95,1.78,-6.04,-5.187,39,0.41,0.25,0.011,0.2503,False,False,0.5,0.1369,0.5
43,KRE,low,1.1046,10048.41,0.48,0.83,-0.35,3.826,3.996,40,0.675,0.42,-0.0047,0.2503,False,False,0.5,0.1369,0.5
43,NFLX,low,-3.1083,10002.71,0.03,4.8,-4.78,0.612,0.627,40,0.475,0.19,0.0032,0.2503,False,False,0.5,0.1369,0.5
43,NVDA,low,-1.7942,9968.34,-0.32,4.23,-4.55,-5.411,-4.605,40,0.475,0.36,0.0433,0.2503,False,False,0.5,0.1369,0.5
43,PYPL,low,-1.2968,9967.14,-0.33,5.51,-5.84,-12.384,-10.856,41,0.317,0.34,0.0091,0.2503,False,False,0.5,0.1369,0.5
43,QQQ,low,-2.0959,10024.75,0.25,-3.35,3.6,2.861,3.117,40,0.5,0.41,0.0028,0.2503,False,False,0.5,0.1369,0.5
43,SPY,low,-4.0849,9964.76,-0.35,8.15,-8.5,-9.152,-6.913,40,0.425,0.4,0.015,0.2503,False,False,0.5,0.1369,0.5
43,UNG,low,2.8206,9951.51,-0.48,27.58,-28.06,-3.816,-2.313,44,0.409,0.79,0.0403,0.2503,False,False,0.5,0.1369,0.5
43,USO,low,-2.1207,9931.43,-0.69,-1.22,0.54,-5.014,-5.191,40,0.45,1.01,0.0167,0.2503,False,False,0.5,0.1369,0.5
43,XBI,low,-3.2532,9964.8,-0.35,-4.86,4.51,-4.672,-3.961,41,0.585,0.6,0.0322,0.2503,False,False,0.5,0.1369,0.5
43,XLE,low,-1.3445,9984.5,-0.16,-1.42,1.27,-1.045,-1.278,41,0.341,0.8,0.0176,0.2503,False,False,0.5,0.1369,0.5
44,AAPL,low,-2.3283,9977.79,-0.22,3.16,-3.38,-5.718,-4.555,39,0.282,0.36,-0.0043,0.3498,False,False,0.5,0.0728,0.5
44,ARKK,low,-1.0382,9943.93,-0.56,1.53,-2.09,-3.719,-2.6,40,0.525,0.83,0.0232,0.3498,False,False,0.5,0.0728,0.5
44,GLD,low,-0.3554,9993.33,-0.07,6.36,-6.42,-4.649,-4.916,40,0.325,0.1,-0.009,0.3498,False,False,0.5,0.0728,0.5
44,IWM,low,-1.3738,9981.39,-0.19,-3.57,3.38,-6.02,-6.354,41,0.195,0.26,0.0007,0.3498,False,False,0.5,0.0728,0.5
44,KRE,low,-1.0939,9952.21,-0.48,0.36,-0.84,-5.174,-3.048,40,0.6,0.63,0.0207,0.3498,False,False,0.5,0.0728,0.5
44,NFLX,low,-1.8785,9998.05,-0.02,-2.02,2.0,-0.235,-0.23,41,0.585,0.34,0.0283,0.3498,False,False,0.5,0.0728,0.5
44,NVDA,low,-4.4868,9933.37,-0.67,-11.09,10.43,-5.827,-3.54,41,0.439,0.75,0.0407,0.3498,False,False,0.5,0.0728,0.5
44,PYPL,low,-0.8957,9976.13,-0.24,6.21,-6.45,-3.211,-3.087,40,0.325,0.42,0.0004,0.3498,False,False,0.5,0.0728,0.5
44,QQQ,low,-1.522,10004.35,0.04,2.47,-2.42,0.469,0.37,40,0.425,0.42,0.0053,0.3498,False,False,0.5,0.0728,0.5
44,SPY,low,-2.8855,9984.18,-0.16,3.09,-3.24,-6.87,-6.753,39,0.385,0.16,-0.0186,0.3498,False,False,0.5,0.0728,0.5
44,UNG,low,-4.2671,9940.42,-0.6,-14.51,13.91,-1.816,-1.176,44,0.545,2.56,0.0522,0.3498,False,False,0.5,0.0728,0.5
44,USO,low,-0.9971,9954.62,-0.45,4.82,-5.28,-3.009,-2.414,41,0.463,1.27,0.027,0.3498,False,False,0.5,0.0728,0.5
44,XBI,low,-3.6457,9966.07,-0.34,9.17,-9.51,-7.326,-5.165,40,0.45,0.44,0.0083,0.3498,False,False,0.5,0.0728,0.5
44,XLE,low,-0.9704,10020.65,0.21,-5.13,5.33,1.333,1.745,40,0.425,0.54,0.0084,0.3498,False,False,0.5,0.0728,0.5
45,AAPL,low,-0.1315,9975.97,-0.24,8.52,-8.76,-4.05,-3.855,40,0.325,0.5,0.0033,0.3491,False,False,0.2839,0.0941,0.4874
45,ARKK,low,5.5141,10252.9,2.53,-5.67,8.2,14.26,19.422,39,0.641,0.26,0.0167,0.3491,False,False,0.2839,0.0941,0.4874
45,GLD,low,-0.9409,9977.33,-0.23,5.52,-5.75,-9.797,-8.892,39,0.282,0.24,-0.0049,0.3491,False,False,0.2839,0.0941,0.4874
45,IWM,low,0.3101,10005.14,0.05,-8.56,8.61,0.862,1.13,39,0.513,0.51,0.0035,0.3491,False,False,0.2839,0.0941,0.4874
45,KRE,low,0.5952,9983.21,-0.17,-8.47,8.3,-5.645,-5.026,40,0.5,0.23,0.0188,0.3491,False,False,0.2839,0.0941,0.4874
45,NFLX,low,0.0098,9960.7,-0.39,-4.93,4.54,-4.482,-3.498,42,0.381,0.84,0.0397,0.3491,False,False,0.2839,0.0941,0.4874
45,NVDA,low,-0.6325,9983.95,-0.16,-2.82,2.66,-4.666,-4.112,40,0.45,0.28,0.0112,0.3491,False,False,0.2839,0.0941,0.4874
45,PYPL,low,-1.9539,10012.69,0.13,-4.18,4.31,0.77,0.913,40,0.525,0.66,0.0075,0.3491,False,False,0.2839,0.0941,0.4874
45,QQQ,low,-1.3823,9991.6,-0.08,0.28,-0.37,-1.916,-1.863,39,0.487,0.15,-0.0026,0.3491,False,False,0.2839,0.0941,0.4874
45,SPY,low,-1.648,9989.21,-0.11,0.03,-0.13,-7.904,-7.11,40,0.475,0.17,-0.0125,0.3491,False,False,0.2839,0.0941,0.4874
45,UNG,low,1.1549,9932.89,-0.67,-16.94,16.27,-5.845,-3.85,41,0.488,0.93,0.0497,0.3491,False,False,0.2839,0.0941,0.4874
45,USO,low,0.3615,9897.7,-1.02,-12.57,11.55,-8.666,-5.195,42,0.381,1.18,0.0414,0.3491,False,False,0.2839,0.0941,0.4874
45,XBI,low,-1.1639,9981.61,-0.18,2.05,-2.23,-3.069,-2.678,40,0.4,0.41,0.0101,0.3491,False,False,0.2839,0.0941,0.4874
45,XLE,low,0.0618,9979.57,-0.2,3.44,-3.65,-2.725,-2.14,41,0.439,0.47,0.011,0.3491,False,False,0.2839,0.0941,0.4874
46,AAPL,low,-2.5433,9969.7,-0.3,2.92,-3.23,-8.631,-6.161,40,0.5,0.36,0.0156,0.3484,False,False,0.4734,0.0975,0.5
46,ARKK,low,-4.5573,9894.24,-1.06,15.09,-16.15,-4.657,-3.051,41,0.585,1.17,0.0239,0.3484,False,False,0.4734,0.0975,0.5
46,GLD,low,-1.9817,9984.11,-0.16,0.09,-0.25,-6.553,-3.949,39,0.333,0.18,-0.0182,0.3484,False,False,0.4734,0.0975,0.5
46,IWM,low,-0.9396,9993.22,-0.07,-2.05,1.98,-2.348,-1.93,39,0.462,0.22,-0.0034,0.3484,False,False,0.4734,0.0975,0.5
46,KRE,low,-1.8562,9984.34,-0.16,-6.34,6.18,-0.376,-0.308,42,0.548,1.57,0.04,0.3484,False,False,0.4734,0.0975,0.5
46,NFLX,low,-4.3178,9874.84,-1.25,-6.7,5.45,-5.785,-3.266,41,0.512,1.45,0.0401,0.3484,False,False,0.4734,0.0975,0.5
46,NVDA,low,-2.9292,9979.8,-0.2,7.54,-7.74,-3.381,-2.921,39,0.59,0.42,0.01,0.3484,False,False,0.4734,0.0975,0.5
46,PYPL,low,-1.0272,10155.07,1.55,-8.69,10.24,5.853,7.441,40,0.55,1.1,0.0262,0.3484,False,False,0.4734,0.0975,0.5
46,QQQ,low,-2.2217,9983.68,-0.16,1.44,-1.6,-9.722,-7.172,40,0.4,0.19,-0.0117,0.3484,False,False,0.4734,0.0975,0.5
46,SPY,low,-1.5262,9992.54,-0.07,-0.14,0.06,-2.533,-2.213,40,0.4,0.18,-0.0174,0.3484,False,False,0.4734,0.0975,0.5
46,UNG,low,-2.6342,9996.62,-0.03,-6.31,6.28,-0.082,-0.063,42,0.5,1.39,0.0485,0.3484,False,False,0.4734,0.0975,0.5
46,USO,low,0.0248,9975.57,-0.24,7.17,-7.42,-4.059,-2.655,40,0.425,0.35,0.0235,0.3484,False,False,0.4734,0.0975,0.5
46,XBI,low,-4.1818,9930.45,-0.7,9.36,-10.06,-3.575,-3.253,41,0.415,1.44,0.0238,0.3484,False,False,0.4734,0.0975,0.5
46,XLE,low,-1.2726,9973.38,-0.27,2.82,-3.09,-3.662,-3.592,39,0.487,0.56,0.008,0.3484,False,False,0.4734,0.0975,0.5
1,AAPL,low,-1.9901,10011.36,0.11,-4.72,4.83,0.681,0.728,40,0.5,1.42,0.0247,0.3477,False,False,0.647,0.2188,1.3003
1,ARKK,low,-1.9587,9951.96,-0.48,1.47,-1.95,-4.496,-3.039,41,0.488,0.62,0.0411,0.3477,False,False,0.647,0.2188,1.3003
1,GLD,low,-1.304,9996.58,-0.03,-0.64,0.61,-1.216,-1.007,39,0.41,0.15,-0.0093,0.3477,False,False,0.647,0.2188,1.3003
1,IWM,low,-1.0328,9993.86,-0.06,0.62,-0.69,-1.87,-1.27,39,0.564,0.22,0.0102,0.3477,False,False,0.647,0.2188,1.3003
1,KRE,low,-3.0905,9974.14,-0.26,-4.05,3.79,-3.815,-3.754,40,0.5,0.35,0.0114,0.3477,False,False,0.647,0.2188,1.3003
1,NFLX,low,-0.3335,9978.67,-0.21,-8.24,8.03,-3.61,-2.883,40,0.525,0.5,0.015,0.3477,False,False,0.647,0.2188,1.3003
1,NVDA,low,-2.9109,9931.18,-0.69,-4.54,3.86,-6.712,-5.061,40,0.35,0.78,0.0285,0.3477,False,False,0.647,0.2188,1.3003
1,PYPL,low,-2.4577,9937.06,-0.63,2.47,-3.09,-6.802,-5.838,41,0.415,0.69,0.0329,0.3477,False,False,0.647,0.2188,1.3003
1,QQQ,low,-0.4024,9986.86,-0.13,5.13,-5.26,-1.244,-1.916,40,0.4,0.65,0.0212,0.3477,False,False,0.647,0.2188,1.3003
1,SPY,low,-1.899,9982.6,-0.17,2.5,-2.67,-5.314,-3.898,39,0.513,0.24,-0.0067,0.3477,False,False,0.647,0.2188,1.3003
1,UNG,low,-4.1104,9953.96,-0.46,-4.42,3.96,-1.264,-1.168,43,0.442,2.11,0.05,0.3477,False,False,0.647,0.2188,1.3003
1,USO,low,-0.2292,10044.64,0.45,0.82,-0.37,1.672,1.402,41,0.561,1.03,0.0375,0.3477,False,False,0.647,0.2188,1.3003
1,XBI,low,-0.1374,9982.21,-0.18,-6.65,6.47,-4.636,-4.249,40,0.425,0.37,0.0099,0.3477,False,False,0.647,0.2188,1.3003
1,XLE,low,0.7012,10047.78,0.48,0.45,0.02,2.724,3.018,39,0.564,0.61,0.0155,0.3477,False,False,0.647,0.2188,1.3003
2,AAPL,low,-1.9404,9984.99,-0.15,0.77,-0.92,-4.111,-4.029,39,0.359,0.29,-0.004,0.347,False,False,0.3597,0.0592,0.8093
2,ARKK,low,-4.3846,9961.67,-0.38,-8.72,8.34,-11.301,-10.282,40,0.375,0.38,0.0277,0.347,False,False,0.3597,0.0592,0.8093
2,GLD,low,-1.1451,9951.86,-0.48,5.68,-6.16,-7.503,-4.253,40,0.4,0.56,0.0048,0.347,False,False,0.3597,0.0592,0.8093
2,IWM,low,-2.7773,9987.52,-0.12,5.16,-5.28,-4.314,-3.57,40,0.5,0.18,-0.0014,0.347,False,False,0.3597,0.0592,0.8093
2,KRE,low,0.0114,10000.48,0.0,-5.61,5.61,0.117,0.137,40,0.4,0.3,0.0023,0.347,False,False,0.3597,0.0592,0.8093
2,NFLX,low,-1.2342,9973.86,-0.26,-2.96,2.7,-12.464,-9.768,40,0.3,0.27,-0.0016,0.347,False,False,0.3597,0.0592,0.8093
2,NVDA,low,-2.1434,9982.61,-0.17,-4.87,4.7,-1.182,-1.066,40,0.5,0.71,0.0198,0.347,False,False,0.3597,0.0592,0.8093
2,PYPL,low,-0.1223,10111.0,1.11,6.57,-5.46,5.771,7.863,40,0.5,0.95,0.0159,0.347,False,False,0.3597,0.0592,0.8093
2,QQQ,low,-0.0074,10023.62,0.24,1.57,-1.33,5.638,6.237,40,0.6,0.16,-0.0109,0.347,False,False,0.3597,0.0592,0.8093
2,SPY,low,-1.4571,9989.41,-0.11,1.84,-1.95,-7.246,-6.17,40,0.375,0.12,-0.0058,0.347,False,False,0.3597,0.0592,0.8093
2,UNG,low,-1.633,9869.57,-1.3,-1.19,-0.11,-4.202,-2.974,43,0.488,1.84,0.0438,0.347,False,False,0.3597,0.0592,0.8093
2,USO,low,-0.6767,9992.84,-0.07,-0.99,0.92,-1.338,-1.762,41,0.317,0.36,0.0206,0.347,False,False,0.3597,0.0592,0.8093
2,XBI,low,-0.8915,9976.47,-0.24,2.3,-2.54,-1.769,-1.706,40,0.475,0.84,0.0182,0.347,False,False,0.3597,0.0592,0.8093
2,XLE,low,-3.7741,9964.83,-0.35,5.75,-6.1,-4.236,-4.17,40,0.475,0.57,0.0069,0.347,False,False,0.3597,0.0592,0.8093
3,AAPL,low,-3.7911,9966.69,-0.33,-8.35,8.02,-5.191,-4.099,42,0.452,0.62,0.0478,0.3463,False,False,0.2874,0.0365,0.5454
3,ARKK,low,1.8538,10210.58,2.11,3.14,-1.03,6.561,9.216,41,0.585,0.5,0.0252,0.3463,False,False,0.2874,0.0365,0.5454
3,GLD,low,-1.7632,9975.05,-0.25,5.25,-5.5,-3.876,-2.17,40,0.45,0.39,0.0018,0.3463,False,False,0.2874,0.0365,0.5454
3,IWM,low,0.7308,9988.35,-0.12,10.28,-10.4,-1.81,-1.513,40,0.5,0.41,0.0119,0.3463,False,False,0.2874,0.0365,0.5454
3,KRE,low,-2.1818,9991.24,-0.09,-5.05,4.96,-0.774,-0.644,40,0.5,0.69,0.0122,0.3463,False,False,0.2874,0.0365,0.5454
3,NFLX,low,-2.1055,9991.16,-0.09,2.32,-2.41,-2.421,-2.182,40,0.5,0.23,0.0114,0.3463,False,False,0.2874,0.0365,0.5454
3,NVDA,low,-1.4115,9924.94,-0.75,8.25,-9.0,-10.964,-7.332,40,0.425,0.79,0.0328,0.3463,False,False,0.2874,0.0365,0.5454
3,PYPL,low,-2.1478,9969.52,-0.3,-1.23,0.92,-3.555,-2.894,40,0.525,0.58,0.0009,0.3463,False,False,0.2874,0.0365,0.5454
3,QQQ,low,-2.0472,9995.24,-0.05,4.09,-4.14,-2.114,-1.771,39,0.436,0.11,-0.021,0.3463,False,False,0.2874,0.0365,0.5454
3,SPY,low,-1.1909,10001.97,0.02,0.97,-0.95,0.652,0.751,39,0.333,0.18,-0.0115,0.3463,False,False,0.2874,0.0365,0.5454
3,UNG,low,-2.1441,10003.76,0.04,2.09,-2.06,0.15,0.142,41,0.512,1.84,0.0485,0.3463,False,False,0.2874,0.0365,0.5454
3,USO,low,2.5136,10119.73,1.2,8.05,-6.85,3.537,4.696,40,0.5,1.19,0.0414,0.3463,False,False,0.2874,0.0365,0.5454
3,XBI,low,-1.4509,9965.23,-0.35,-1.11,0.76,-5.62,-4.411,40,0.375,0.5,0.0164,0.3463,False,False,0.2874,0.0365,0.5454
3,XLE,low,-0.8618,9976.78,-0.23,-6.22,5.98,-7.541,-6.026,40,0.525,0.23,0.0026,0.3463,False,False,0.2874,0.0365,0.5454
4,AAPL,low,-1.7821,9993.33,-0.07,-0.14,0.08,-1.586,-1.596,40,0.525,0.33,0.0063,0.3456,False,False,0.3347,0.0632,0.6783
4,ARKK,low,0.7614,9943.78,-0.56,14.46,-15.02,-10.41,-8.434,41,0.341,0.68,0.0401,0.3456,False,False,0.3347,0.0632,0.6783
4,GLD,low,-1.5706,9987.34,-0.13,-0.76,0.63,-5.203,-4.314,39,0.513,0.16,0.0027,0.3456,False,False,0.3347,0.0632,0.6783
4,IWM,low,-0.3505,10009.68,0.1,8.03,-7.93,1.233,1.376,41,0.488,0.31,0.0151,0.3456,False,False,0.3347,0.0632,0.6783
4,KRE,low,0.2858,9970.31,-0.3,14.34,-14.63,-5.495,-5.137,40,0.425,0.38,0.0319,0.3456,False,False,0.3347,0.0632,0.6783
4,NFLX,low,-2.7586,9983.1,-0.17,7.22,-7.39,-3.402,-3.183,40,0.4,0.4,0.0192,0.3456,False,False,0.3347,0.0632,0.6783
4,NVDA,low,-4.8299,9920.65,-0.79,-14.26,13.47,-4.151,-2.498,41,0.463,1.26,0.0429,0.3456,False,False,0.3347,0.0632,0.6783
4,PYPL,low,-3.1982,9929.99,-0.7,-6.05,5.35,-2.512,-2.091,43,0.488,1.59,0.0493,0.3456,False,False,0.3347,0.0632,0.6783
4,QQQ,low,-1.3117,9975.13,-0.25,3.75,-4.0,-5.076,-4.082,40,0.525,0.42,0.0022,0.3456,False,False,0.3347,0.0632,0.6783
4,SPY,low,-1.7358,9997.38,-0.03,0.62,-0.64,-1.03,-1.117,39,0.436,0.09,-0.0182,0.3456,False,False,0.3347,0.0632,0.6783
4,UNG,low,-5.6284,9979.76,-0.2,19.59,-19.79,-1.048,-1.162,42,0.476,1.03,0.0469,0.3456,False,False,0.3347,0.0632,0.6783
4,USO,low,-1.2654,9967.12,-0.33,0.16,-0.49,-3.135,-2.909,41,0.341,0.74,0.0414,0.3456,False,False,0.3347,0.0632,0.6783
4,XBI,low,-2.0773,9955.48,-0.45,-0.97,0.52,-9.114,-6.301,40,0.5,0.47,0.0134,0.3456,False,False,0.3347,0.0632,0.6783
4,XLE,low,-3.4317,9973.67,-0.26,4.16,-4.42,-4.215,-4.245,40,0.5,0.38,0.0141,0.3456,False,False,0.3347,0.0632,0.6783
5,AAPL,low,-3.5495,9967.47,-0.33,-7.34,7.02,-4.839,-3.739,41,0.39,0.62,0.011,0.3449,False,False,0.2838,0.074,0.6093
5,ARKK,low,-5.898,9959.46,-0.41,-16.38,15.98,-5.354,-4.452,41,0.415,0.54,0.0306,0.3449,False,False,0.2838,0.074,0.6093
5,GLD,low,-2.1057,9990.48,-0.1,0.25,-0.34,-10.359,-9.24,40,0.2,0.1,-0.0194,0.3449,False,False,0.2838,0.074,0.6093
5,IWM,low,-2.2927,9984.44,-0.16,4.17,-4.33,-4.656,-3.847,40,0.425,0.28,-0.0072,0.3449,False,False,0.2838,0.074,0.6093
5,KRE,low,-3.3615,9954.6,-0.45,6.58,-7.04,-5.365,-4.405,40,0.55,0.8,0.0103,0.3449,False,False,0.2838,0.074,0.6093
5,NFLX,low,-2.9673,9970.07,-0.3,6.63,-6.93,-4.716,-3.582,40,0.425,0.37,0.0346,0.3449,False,False,0.2838,0.074,0.6093
5,NVDA,low,1.2304,10021.49,0.21,12.51,-12.3,2.766,2.641,41,0.537,0.42,0.0271,0.3449,False,False,0.2838,0.074,0.6093
5,PYPL,low,-3.2154,9930.54,-0.69,0.51,-1.2,-5.57,-4.908,40,0.45,0.87,0.0327,0.3449,False,False,0.2838,0.074,0.6093
5,QQQ,low,-2.8505,9992.71,-0.07,6.84,-6.91,-2.986,-2.889,39,0.487,0.13,-0.0079,0.3449,False,False,0.2838,0.074,0.6093
5,SPY,low,-1.6327,9973.26,-0.27,-1.56,1.29,-4.944,-4.701,40,0.5,0.45,0.0141,0.3449,False,False,0.2838,0.074,0.6093
5,UNG,low,1.0876,9940.72,-0.59,17.45,-18.04,-8.214,-5.755,42,0.452,0.69,0.0498,0.3449,False,False,0.2838,0.074,0.6093
5,USO,low,-1.8012,9901.36,-0.99,-4.11,3.13,-7.817,-4.968,41,0.439,1.17,0.0486,0.3449,False,False,0.2838,0.074,0.6093
5,XBI,low,1.4457,10120.75,1.21,-5.8,7.0,6.447,6.914,40,0.575,0.69,0.0207,0.3449,False,False,0.2838,0.074,0.6093
5,XLE,low,-3.8437,9958.4,-0.42,6.68,-7.1,-5.018,-3.988,40,0.525,0.49,0.0247,0.3449,False,False,0.2838,0.074,0.6093
6,AAPL,low,-2.3552,9985.6,-0.14,5.75,-5.9,-1.211,-1.069,40,0.375,0.5,0.002,0.3442,False,False,0.4095,0.1565,0.7343
6,ARKK,low,-2.1361,9949.6,-0.5,5.52,-6.02,-3.21,-2.001,41,0.537,0.95,0.0126,0.3442,False,False,0.4095,0.1565,0.7343
6,GLD,low,-3.855,9980.5,-0.19,-4.22,4.02,-5.59,-4.126,39,0.333,0.28,-0.0124,0.3442,False,False,0.4095,0.1565,0.7343
6,IWM,low,-2.012,9969.77,-0.3,-0.86,0.56,-5.744,-4.079,40,0.35,0.53,0.0026,0.3442,False,False,0.4095,0.1565,0.7343
6,KRE,low,-0.0339,9994.05,-0.06,-4.65,4.59,-2.611,-2.399,39,0.41,0.22,0.0006,0.3442,False,False,0.4095,0.1565,0.7343
6,NFLX,low,-1.5097,9988.96,-0.11,0.78,-0.89,-1.108,-1.128,40,0.475,0.66,0.0129,0.3442,False,False,0.4095,0.1565,0.7343
6,NVDA,low,1.5109,9936.0,-0.64,17.41,-18.05,-3.804,-3.246,42,0.5,1.31,0.0301,0.3442,False,False,0.4095,0.1565,0.7343
6,PYPL,low,-0.6807,9966.14,-0.34,-9.31,8.97,-5.67,-3.644,42,0.571,0.38,0.0244,0.3442,False,False,0.4095,0.1565,0.7343
6,QQQ,low,-0.896,9998.77,-0.01,1.52,-1.53,-0.724,-0.666,40,0.4,0.1,-0.0168,0.3442,False,False,0.4095,0.1565,0.7343
6,SPY,low,3.7447,10145.79,1.46,7.56,-6.1,7.202,11.739,39,0.564,0.32,0.0024,0.3442,False,False,0.4095,0.1565,0.7343
6,UNG,low,3.4322,9930.58,-0.69,-23.42,22.72,-2.757,-1.752,42,0.452,1.65,0.0433,0.3442,False,False,0.4095,0.1565,0.7343
6,USO,low,-3.0304,9966.52,-0.33,6.6,-6.93,-7.04,-6.056,42,0.524,0.49,0.0276,0.3442,False,False,0.4095,0.1565,0.7343
6,XBI,low,-1.2667,9951.22,-0.49,5.32,-5.81,-7.576,-6.855,39,0.436,0.8,0.0215,0.3442,False,False,0.4095,0.1565,0.7343
6,XLE,low,-3.1471,9956.38,-0.44,-5.98,5.54,-5.26,-3.62,40,0.45,0.58,0.0167,0.3442,False,False,0.4095,0.1565,0.7343
7,AAPL,low,-3.8287,9954.75,-0.45,-0.72,0.26,-6.268,-5.251,40,0.625,0.71,-0.0119,0.3436,False,False,0.3903,0.041,0.9038
7,ARKK,low,-3.0705,9976.99,-0.23,2.8,-3.03,-6.457,-5.739,41,0.463,0.29,0.0107,0.3436,False,False,0.3903,0.041,0.9038
7,GLD,low,-1.8751,9999.85,-0.0,1.18,-1.18,-0.028,-0.027,39,0.41,0.23,-0.018,0.3436,False,False,0.3903,0.041,0.9038
7,IWM,low,-1.3799,9982.42,-0.18,1.27,-1.44,-6.045,-4.321,40,0.475,0.25,-0.005,0.3436,False,False,0.3903,0.041,0.9038
7,KRE,low,-0.4503,9968.15,-0.32,-3.94,3.62,-3.863,-2.551,40,0.5,0.59,-0.0042,0.3436,False,False,0.3903,0.041,0.9038
7,NFLX,low,-3.0879,9978.69,-0.21,-5.76,5.55,-9.876,-8.438,40,0.325,0.22,-0.0095,0.3436,False,False,0.3903,0.041,0.9038
7,NVDA,low,-0.0469,9982.36,-0.18,-5.84,5.66,-1.791,-1.552,40,0.525,0.5,0.0042,0.3436,False,False,0.3903,0.041,0.9038
7,PYPL,low,-1.7205,9956.13,-0.44,0.79,-1.23,-7.175,-5.162,41,0.512,0.54,0.0108,0.3436,False,False,0.3903,0.041,0.9038
7,QQQ,low,-1.4783,9988.06,-0.12,1.04,-1.16,-5.093,-4.051,40,0.35,0.2,-0.0167,0.3436,False,False,0.3903,0.041,0.9038
7,SPY,low,-0.823,9997.88,-0.02,1.46,-1.48,-2.329,-2.296,39,0.385,0.05,-0.0237,0.3436,False,False,0.3903,0.041,0.9038
7,UNG,low,-2.1564,9915.31,-0.85,0.55,-1.4,-8.4,-4.821,41,0.512,1.16,0.0273,0.3436,False,False,0.3903,0.041,0.9038
7,USO,low,-0.7179,9919.87,-0.8,6.26,-7.06,-8.55,-5.34,41,0.317,0.89,0.0302,0.3436,False,False,0.3903,0.041,0.9038
7,XBI,low,-1.8224,10010.64,0.11,5.59,-5.48,0.802,0.831,40,0.525,0.44,-0.0088,0.3436,False,False,0.3903,0.041,0.9038
7,XLE,low,0.4876,9953.7,-0.46,10.88,-11.34,-3.46,-3.114,39,0.41,0.9,0.0066,0.3436,False,False,0.3903,0.041,0.9038
8,AAPL,low,-0.9129,9944.02,-0.56,5.49,-6.05,-2.76,-1.848,40,0.5,1.7,0.0133,0.3429,False,False,0.3732,0.0321,0.6518
8,ARKK,low,-1.5127,9991.88,-0.08,-1.13,1.05,-2.071,-1.624,40,0.5,0.18,0.0052,0.3429,False,False,0.3732,0.0321,0.6518
8,GLD,low,-2.7829,9994.35,-0.06,2.12,-2.17,-1.968,-2.084,39,0.462,0.17,-0.032,0.3429,False,False,0.3732,0.0321,0.6518
8,IWM,low,-4.5377,9977.61,-0.22,6.72,-6.94,-2.241,-2.236,40,0.4,0.69,-0.0135,0.3429,False,False,0.3732,0.0321,0.6518
8,KRE,low,2.6514,10109.58,1.1,3.85,-2.76,7.324,10.03,40,0.675,0.5,-0.0016,0.3429,False,False,0.3732,0.0321,0.6518
8,NFLX,low,-1.1745,9998.57,-0.01,0.28,-0.3,-0.121,-0.126,41,0.463,0.68,0.0076,0.3429,False,False,0.3732,0.0321,0.6518
8,NVDA,low,-4.302,9934.94,-0.65,-7.44,6.79,-11.366,-7.968,43,0.349,0.7,0.0149,0.3429,False,False,0.3732,0.0321,0.6518
8,PYPL,low,-0.5993,9967.94,-0.32,-3.22,2.9,-1.481,-1.075,40,0.675,1.18,0.0149,0.3429,False,False,0.3732,0.0321,0.6518
8,QQQ,low,-4.029,9975.12,-0.25,-9.23,8.98,-10.336,-8.318,40,0.3,0.28,-0.0071,0.3429,False,False,0.3732,0.0321,0.6518
8,SPY,low,-2.7186,9971.82,-0.28,-0.75,0.46,-8.767,-5.579,41,0.415,0.31,-0.0144,0.3429,False,False,0.3732,0.0321,0.6518
8,UNG,low,-3.3871,9941.8,-0.58,8.87,-9.45,-1.563,-1.262,44,0.477,2.67,0.0277,0.3429,False,False,0.3732,0.0321,0.6518
8,USO,low,-2.5305,9949.72,-0.5,4.16,-4.67,-7.502,-5.275,40,0.325,0.52,0.0122,0.3429,False,False,0.3732,0.0321,0.6518
8,XBI,low,-0.5124,9978.14,-0.22,7.63,-7.85,-6.056,-5.347,41,0.341,0.24,-0.0014,0.3429,False,False,0.3732,0.0321,0.6518
8,XLE,low,-2.4892,9982.19,-0.18,1.85,-2.02,-3.946,-3.285,40,0.45,0.33,-0.0093,0.3429,False,False,0.3732,0.0321,0.6518
9,AAPL,low,-2.864,9983.75,-0.16,-7.43,7.27,-4.167,-3.982,40,0.5,0.26,0.0055,0.3422,False,False,0.3577,0.118,0.7392
9,ARKK,low,-0.0003,10303.98,3.04,-18.66,21.7,9.323,9.799,41,0.634,0.88,0.0208,0.3422,False,False,0.3577,0.118,0.7392
9,GLD,low,-2.927,9988.9,-0.11,-1.25,1.14,-3.902,-4.071,40,0.4,0.19,-0.0285,0.3422,False,False,0.3577,0.118,0.7392
9,IWM,low,-2.2622,9942.62,-0.57,6.15,-6.72,-8.282,-5.475,40,0.475,0.68,-0.0065,0.3422,False,False,0.3577,0.118,0.7392
9,KRE,low,-1.6127,9986.78,-0.13,1.33,-1.46,-3.547,-3.218,40,0.35,0.2,-0.0018,0.3422,False,False,0.3577,0.118,0.7392
9,NFLX,low,-5.1434,9960.43,-0.4,-14.22,13.82,-5.344,-4.301,41,0.39,0.44,0.0198,0.3422,False,False,0.3577,0.118,0.7392
9,NVDA,low,-2.6647,9966.13,-0.34,3.19,-3.53,-4.655,-3.892,40,0.55,0.52,0.0017,0.3422,False,False,0.3577,0.118,0.7392
9,PYPL,low,1.0667,10079.97,0.8,1.43,-0.63,4.018,5.169,40,0.575,0.9,0.0052,0.3422,False,False,0.3577,0.118,0.7392
9,QQQ,low,-1.9812,9993.45,-0.07,2.57,-2.64,-2.658,-2.162,40,0.35,0.11,-0.0233,0.3422,False,False,0.3577,0.118,0.7392
9,SPY,low,-2.019,9993.08,-0.07,1.49,-1.56,-4.513,-4.596,39,0.256,0.11,-0.032,0.3422,False,False,0.3577,0.118,0.7392
9,UNG,low,-2.0628,9936.87,-0.63,2.81,-3.44,-4.344,-2.968,42,0.452,0.94,0.0246,0.3422,False,False,0.3577,0.118,0.7392
9,USO,low,-2.3116,9892.55,-1.07,1.05,-2.12,-8.573,-5.356,41,0.537,1.08,0.0254,0.3422,False,False,0.3577,0.118,0.7392
9,XBI,low,-0.5365,9967.6,-0.32,-7.74,7.41,-2.816,-3.398,41,0.561,0.73,0.0069,0.3422,False,False,0.3577,0.118,0.7392
9,XLE,low,-0.1412,10073.63,0.74,-4.77,5.51,4.513,5.964,39,0.59,0.63,0.0038,0.3422,False,False,0.3577,0.118,0.7392
10,AAPL,low,-4.4816,9965.12,-0.35,-8.14,7.79,-6.599,-5.488,41,0.341,0.53,-0.007,0.3415,False,False,0.3626,0.1873,0.6625
10,ARKK,low,-0.7846,9991.69,-0.08,4.28,-4.36,-0.345,-0.408,42,0.429,1.56,0.0155,0.3415,False,False,0.3626,0.1873,0.6625
10,GLD,low,-2.4586,10029.3,0.29,-1.88,2.17,2.227,3.334,40,0.5,0.5,-0.0193,0.3415,False,False,0.3626,0.1873,0.6625
10,IWM,low,-0.0755,9991.79,-0.08,5.59,-5.67,-4.236,-3.672,41,0.415,0.1,-0.0139,0.3415,False,False,0.3626,0.1873,0.6625
10,KRE,low,-2.3712,9959.07,-0.41,-3.87,3.46,-4.377,-5.271,40,0.475,0.71,-0.01,0.3415,False,False,0.3626,0.1873,0.6625
10,NFLX,low,-0.4376,9993.28,-0.07,4.61,-4.68,-0.684,-0.652,40,0.45,0.6,-0.0004,0.3415,False,False,0.3626,0.1873,0.6625
10,NVDA,low,-2.9648,9966.37,-0.34,6.23,-6.57,-5.153,-3.509,40,0.575,0.42,0.0188,0.3415,False,False,0.3626,0.1873,0.6625
10,PYPL,low,-2.2969,9979.38,-0.21,-1.52,1.32,-1.621,-1.604,41,0.512,0.61,0.0111,0.3415,False,False,0.3626,0.1873,0.6625
10,QQQ,low,-1.0695,9983.2,-0.17,2.01,-2.17,-4.957,-4.236,39,0.538,0.21,-0.0194,0.3415,False,False,0.3626,0.1873,0.6625
10,SPY,low,-2.0863,9977.96,-0.22,0.66,-0.88,-8.528,-6.433,41,0.488,0.26,-0.0111,0.3415,False,False,0.3626,0.1873,0.6625
10,UNG,low,-7.8539,9862.76,-1.37,24.67,-26.04,-5.233,-3.657,43,0.419,2.26,0.0283,0.3415,False,False,0.3626,0.1873,0.6625
10,USO,low,-3.0363,9908.85,-0.91,-5.7,4.78,-5.99,-4.179,40,0.5,1.12,0.0159,0.3415,False,False,0.3626,0.1873,0.6625
10,XBI,low,0.3453,10053.77,0.54,-6.82,7.36,3.494,3.217,40,0.5,0.54,0.0036,0.3415,False,False,0.3626,0.1873,0.6625
10,XLE,low,-1.9971,9972.84,-0.27,0.66,-0.94,-4.156,-3.342,40,0.525,0.37,0.0015,0.3415,False,False,0.3626,0.1873,0.6625
1,AAPL,low,-1.5603,10131.57,1.32,2.55,-1.23,4.143,5.488,40,0.5,0.75,0.0004,0.3408,False,False,0.4217,0.3189,0.8312
1,ARKK,low,-3.3485,9966.14,-0.34,8.01,-8.35,-5.646,-4.565,40,0.4,0.39,0.0098,0.3408,False,False,0.4217,0.3189,0.8312
1,GLD,low,-1.8732,9984.92,-0.15,-1.23,1.08,-9.091,-8.744,38,0.237,0.18,-0.017,0.3408,False,False,0.4217,0.3189,0.8312
1,IWM,low,-0.7784,10007.36,0.07,-3.4,3.48,1.026,0.961,40,0.525,0.39,-0.0027,0.3408,False,False,0.4217,0.3189,0.8312
1,KRE,low,-0.2393,9976.48,-0.24,-6.95,6.71,-4.452,-4.084,40,0.425,0.35,0.0044,0.3408,False,False,0.4217,0.3189,0.8312
1,NFLX,low,-3.8048,9961.99,-0.38,10.1,-10.48,-6.686,-5.288,42,0.5,0.49,0.028,0.3408,False,False,0.4217,0.3189,0.8312
1,NVDA,low,-0.3867,9965.64,-0.34,6.31,-6.65,-4.064,-3.602,41,0.39,0.57,0.0198,0.3408,False,False,0.4217,0.3189,0.8312
1,PYPL,low,-2.1024,9987.92,-0.12,1.86,-1.98,-4.673,-4.828,41,0.341,0.16,-0.0009,0.3408,False,False,0.4217,0.3189,0.8312
1,QQQ,low,-2.6597,9986.02,-0.14,4.28,-4.42,-3.474,-2.568,40,0.4,0.3,-0.0028,0.3408,False,False,0.4217,0.3189,0.8312
1,SPY,low,-2.5928,9975.69,-0.24,6.69,-6.93,-2.964,-1.961,40,0.4,0.4,-0.0008,0.3408,False,False,0.4217,0.3189,0.8312
1,UNG,low,2.4643,10350.19,3.5,6.79,-3.29,9.328,16.119,40,0.575,0.7,0.0077,0.3408,False,False,0.4217,0.3189,0.8312
1,USO,low,-1.5432,9926.57,-0.73,-2.85,2.11,-3.47,-2.345,42,0.5,1.26,0.027,0.3408,False,False,0.4217,0.3189,0.8312
1,XBI,low,-0.5935,9983.97,-0.16,5.21,-5.37,-3.748,-3.27,40,0.55,0.33,0.013,0.3408,False,False,0.4217,0.3189,0.8312
1,XLE,low,-1.8205,9940.48,-0.6,-4.52,3.92,-14.148,-11.621,41,0.463,0.61,0.0165,0.3408,False,False,0.4217,0.3189,0.8312
2,AAPL,low,-0.3165,10039.18,0.39,1.2,-0.8,2.679,2.897,40,0.5,0.89,-0.0054,0.3401,False,False,0.3108,0.4339,0.593
2,ARKK,low,-2.7591,9926.91,-0.73,2.44,-3.17,-10.043,-6.542,41,0.366,0.78,0.0256,0.3401,False,False,0.3108,0.4339,0.593
2,GLD,low,-0.243,9991.25,-0.09,-3.71,3.63,-5.673,-4.833,39,0.333,0.13,-0.0207,0.3401,False,False,0.3108,0.4339,0.593
2,IWM,low,-1.2826,9981.32,-0.19,-1.64,1.45,-5.246,-4.308,39,0.487,0.23,0.0133,0.3401,False,False,0.3108,0.4339,0.593
2,KRE,low,0.7615,9985.42,-0.15,9.64,-9.79,-3.324,-2.67,40,0.475,0.23,0.012,0.3401,False,False,0.3108,0.4339,0.593
2,NFLX,low,-7.6769,9999.07,-0.01,35.86,-35.87,-0.052,-0.069,42,0.405,0.78,0.0245,0.3401,False,False,0.3108,0.4339,0.593
2,NVDA,low,-3.2374,9991.32,-0.09,-10.73,10.65,-0.988,-1.058,42,0.452,0.55,0.0289,0.3401,False,False,0.3108,0.4339,0.593
2,PYPL,low,-0.6275,9911.7,-0.88,7.99,-8.87,-5.788,-4.295,43,0.535,1.11,0.0225,0.3401,False,False,0.3108,0.4339,0.593
2,QQQ,low,-1.2348,9999.88,-0.0,1.87,-1.87,-0.033,-0.035,39,0.462,0.14,-0.0155,0.3401,False,False,0.3108,0.4339,0.593
2,SPY,low,-2.6318,9948.57,-0.51,0.79,-1.31,-8.729,-5.676,41,0.439,0.56,0.01,0.3401,False,False,0.3108,0.4339,0.593
2,UNG,low,2.752,10353.19,3.53,-4.0,7.53,8.346,12.352,40,0.5,0.99,0.0315,0.3401,False,False,0.3108,0.4339,0.593
2,USO,low,-1.2911,10047.44,0.47,1.47,-1.0,1.7,2.149,40,0.5,1.43,0.0167,0.3401,False,False,0.3108,0.4339,0.593
2,XBI,low,-5.016,9934.23,-0.66,-11.06,10.4,-5.337,-4.28,41,0.61,0.95,0.0231,0.3401,False,False,0.3108,0.4339,0.593
2,XLE,low,-1.5515,9976.93,-0.23,-1.29,1.05,-3.976,-3.435,41,0.415,0.43,0.0129,0.3401,False,False,0.3108,0.4339,0.593
3,AAPL,low,-2.5019,9980.86,-0.19,4.68,-4.87,-5.373,-4.418,40,0.4,0.31,-0.0056,0.3395,False,False,0.3866,0.0815,0.8039
3,ARKK,low,2.0037,10066.76,0.67,12.99,-12.32,2.722,2.68,41,0.512,1.19,0.0094,0.3395,False,False,0.3866,0.0815,0.8039
3,GLD,low,-0.6188,9989.19,-0.11,5.05,-5.16,-4.512,-3.904,40,0.425,0.15,-0.0133,0.3395,False,False,0.3866,0.0815,0.8039
3,IWM,low,0.4412,9986.5,-0.13,7.19,-7.33,-0.852,-0.809,39,0.41,1.12,0.0089,0.3395,False,False,0.3866,0.0815,0.8039
3,KRE,low,-0.8838,9976.67,-0.23,1.67,-1.9,-4.385,-3.317,39,0.462,0.51,0.0064,0.3395,False,False,0.3866,0.0815,0.8039
3,NFLX,low,-0.363,9957.79,-0.42,3.83,-4.25,-3.182,-2.109,40,0.525,1.0,0.0081,0.3395,False,False,0.3866,0.0815,0.8039
3,NVDA,low,-5.3274,9921.95,-0.78,-15.58,14.8,-3.564,-2.704,42,0.524,1.53,0.0166,0.3395,False,False,0.3866,0.0815,0.8039
3,PYPL,low,2.4069,9958.59,-0.41,-18.66,18.24,-6.182,-4.649,42,0.476,0.62,0.0257,0.3395,False,False,0.3866,0.0815,0.8039
3,QQQ,low,-1.8058,10020.58,0.21,2.48,-2.27,2.257,2.362,40,0.475,0.5,-0.0152,0.3395,False,False,0.3866,0.0815,0.8039
3,SPY,low,-2.0616,9990.71,-0.09,2.34,-2.43,-3.208,-2.745,39,0.385,0.2,-0.0237,0.3395,False,False,0.3866,0.0815,0.8039
3,UNG,low,-0.9431,10018.1,0.18,0.69,-0.51,1.839,1.779,41,0.488,0.39,0.0176,0.3395,False,False,0.3866,0.0815,0.8039
3,USO,low,-4.3705,9965.93,-0.34,7.96,-8.3,-7.396,-6.056,41,0.39,0.55,0.0067,0.3395,False,False,0.3866,0.0815,0.8039
3,XBI,low,-4.0343,9981.29,-0.19,9.32,-9.51,-2.573,-2.386,41,0.366,0.61,0.0065,0.3395,False,False,0.3866,0.0815,0.8039
3,XLE,low,-0.2147,10003.08,0.03,14.12,-14.09,0.195,0.233,41,0.463,1.44,0.0021,0.3395,False,False,0.3866,0.0815,0.8039
4,AAPL,low,-1.4943,9999.31,-0.01,-2.44,2.44,-0.043,-0.051,41,0.415,0.72,-0.0037,0.3388,False,False,0.5957,0.111,1.3925
4,ARKK,low,-1.9818,10058.25,0.58,5.59,-5.01,2.621,2.631,40,0.475,1.36,0.0168,0.3388,False,False,0.5957,0.111,1.3925
4,GLD,low,-1.8621,9996.17,-0.04,-1.39,1.35,-2.78,-2.687,39,0.462,0.09,-0.0169,0.3388,False,False,0.5957,0.111,1.3925
4,IWM,low,-1.99,9952.34,-0.48,2.51,-2.99,-9.321,-7.255,40,0.4,0.55,-0.0001,0.3388,False,False,0.5957,0.111,1.3925
4,KRE,low,-3.0811,9963.92,-0.36,-2.97,2.6,-6.208,-5.986,40,0.55,0.41,0.0015,0.3388,False,False,0.5957,0.111,1.3925
4,NFLX,low,-3.2784,10008.8,0.09,-6.93,7.02,0.576,0.695,40,0.525,0.97,0.0043,0.3388,False,False,0.5957,0.111,1.3925
4,NVDA,low,0.5675,9978.58,-0.21,9.67,-9.89,-4.105,-3.945,41,0.415,0.59,0.0116,0.3388,False,False,0.5957,0.111,1.3925
4,PYPL,low,0.9285,9945.35,-0.55,14.93,-15.48,-4.333,-2.752,41,0.537,0.68,0.014,0.3388,False,False,0.5957,0.111,1.3925
4,QQQ,low,0.29,9983.55,-0.16,-8.23,8.06,-4.11,-3.668,40,0.575,0.36,0.0083,0.3388,False,False,0.5957,0.111,1.3925
4,SPY,low,-2.1366,9990.77,-0.09,-1.77,1.67,-6.719,-5.756,40,0.35,0.13,-0.0157,0.3388,False,False,0.5957,0.111,1.3925
4,UNG,low,-4.3979,9887.22,-1.13,12.25,-13.38,-10.866,-6.857,43,0.395,1.3,0.0238,0.3388,False,False,0.5957,0.111,1.3925
4,USO,low,2.3752,10127.66,1.28,9.33,-8.05,4.867,5.513,40,0.675,0.77,0.0121,0.3388,False,False,0.5957,0.111,1.3925
4,XBI,low,-3.7743,9961.35,-0.39,-4.31,3.92,-2.225,-2.55,40,0.4,1.21,0.0155,0.3388,False,False,0.5957,0.111,1.3925
4,XLE,low,-2.0731,10000.95,0.01,-2.51,2.52,0.089,0.112,40,0.55,0.66,0.0015,0.3388,False,False,0.5957,0.111,1.3925
5,AAPL,low,-2.2715,9991.07,-0.09,-4.42,4.33,-3.015,-2.924,40,0.5,0.18,0.0097,0.3381,False,False,0.7301,1.8225,1.4212
5,ARKK,low,-4.1044,9953.92,-0.46,-11.22,10.76,-7.997,-6.116,41,0.39,0.5,0.0189,0.3381,False,False,0.7301,1.8225,1.4212
5,GLD,low,-1.539,9980.9,-0.19,2.62,-2.81,-8.738,-5.692,39,0.385,0.2,-0.0119,0.3381,False,False,0.7301,1.8225,1.4212
5,IWM,low,-0.8167,9980.93,-0.19,3.58,-3.77,-5.602,-3.966,39,0.359,0.24,-0.0056,0.3381,False,False,0.7301,1.8225,1.4212
5,KRE,low,-1.1941,9952.94,-0.47,7.67,-8.14,-3.505,-3.09,41,0.512,0.93,0.004,0.3381,False,False,0.7301,1.8225,1.4212
5,NFLX,low,2.2034,10073.23,0.73,-4.23,4.96,5.8,7.141,40,0.575,0.41,-0.0026,0.3381,False,False,0.7301,1.8225,1.4212
5,NVDA,low,-3.8606,10016.99,0.17,-8.46,8.63,0.56,0.767,41,0.488,1.61,0.0162,0.3381,False,False,0.7301,1.8225,1.4212
5,PYPL,low,-1.117,9981.4,-0.19,-3.54,3.35,-9.312,-8.547,41,0.39,0.25,-0.0084,0.3381,False,False,0.7301,1.8225,1.4212
5,QQQ,low,-1.7136,10014.05,0.14,2.89,-2.75,1.499,1.413,40,0.475,0.4,-0.0156,0.3381,False,False,0.7301,1.8225,1.4212
5,SPY,low,-2.1716,9991.72,-0.08,1.7,-1.78,-6.17,-5.953,40,0.45,0.08,-0.0253,0.3381,False,False,0.7301,1.8225,1.4212
5,UNG,low,-3.6119,9860.73,-1.39,3.59,-4.99,-7.168,-5.348,42,0.5,1.8,0.0166,0.3381,False,False,0.7301,1.8225,1.4212
5,USO,low,-1.5177,9940.02,-0.6,-4.27,3.67,-12.1,-8.363,41,0.415,0.62,0.0208,0.3381,False,False,0.7301,1.8225,1.4212
5,XBI,low,-2.6104,9985.15,-0.15,5.86,-6.01,-4.958,-3.964,40,0.35,0.24,0.0033,0.3381,False,False,0.7301,1.8225,1.4212
5,XLE,low,-1.7167,9994.36,-0.06,-0.3,0.24,-0.875,-0.69,41,0.561,0.4,0.0181,0.3381,False,False,0.7301,1.8225,1.4212
6,AAPL,low,-2.3528,9986.36,-0.14,2.96,-3.1,-6.174,-5.722,40,0.425,0.17,-0.0151,0.3374,False,False,0.3484,0.0841,0.8298
6,ARKK,low,1.8872,10049.81,0.5,-12.64,13.14,3.322,3.668,40,0.575,0.73,-0.0037,0.3374,False,False,0.3484,0.0841,0.8298
6,GLD,low,-2.1942,9977.02,-0.23,0.16,-0.39,-4.587,-3.174,39,0.513,0.46,-0.0091,0.3374,False,False,0.3484,0.0841,0.8298
6,IWM,low,-0.4216,10006.85,0.07,-0.77,0.84,0.742,0.906,40,0.5,0.57,-0.0092,0.3374,False,False,0.3484,0.0841,0.8298
6,KRE,low,-1.0376,9945.5,-0.54,4.58,-5.13,-6.859,-4.479,41,0.439,0.66,0.0159,0.3374,False,False,0.3484,0.0841,0.8298
6,NFLX,low,1.7853,9995.65,-0.04,-6.06,6.02,-0.267,-0.238,41,0.634,1.2,0.0086,0.3374,False,False,0.3484,0.0841,0.8298
6,NVDA,low,-1.9319,9958.75,-0.41,-3.41,3.0,-4.453,-4.405,41,0.439,0.56,0.0101,0.3374,False,False,0.3484,0.0841,0.8298
6,PYPL,low,-1.8265,9997.75,-0.02,-5.7,5.68,-0.116,-0.108,40,0.575,0.56,-0.0046,0.3374,False,False,0.3484,0.0841,0.8298
6,QQQ,low,-1.6094,9964.64,-0.35,1.52,-1.88,-3.74,-2.665,41,0.439,0.79,0.005,0.3374,False,False,0.3484,0.0841,0.8298
6,SPY,low,1.6947,10050.71,0.51,-3.58,4.08,4.825,7.517,40,0.475,0.33,-0.0118,0.3374,False,False,0.3484,0.0841,0.8298
6,UNG,low,0.8718,9879.49,-1.21,-15.18,13.97,-8.638,-5.256,42,0.5,1.28,0.0272,0.3374,False,False,0.3484,0.0841,0.8298
6,USO,low,-3.2864,9968.25,-0.32,-6.77,6.45,-5.168,-4.538,41,0.463,0.42,0.0189,0.3374,False,False,0.3484,0.0841,0.8298
6,XBI,low,0.6306,10361.04,3.61,-13.31,16.92,10.229,12.124,40,0.625,1.57,0.0212,0.3374,False,False,0.3484,0.0841,0.8298
6,XLE,low,-1.9323,9987.83,-0.12,-4.16,4.04,-2.721,-2.502,40,0.375,0.22,0.0051,0.3374,False,False,0.3484,0.0841,0.8298
7,AAPL,low,-2.4024,9963.04,-0.37,-2.28,1.91,-8.346,-6.267,40,0.475,0.46,0.0132,0.3367,False,False,0.3037,0.0427,0.523
7,ARKK,low,1.3652,10062.14,0.62,-11.33,11.95,1.71,1.746,41,0.61,1.67,0.0272,0.3367,False,False,0.3037,0.0427,0.523
7,GLD,low,-2.3903,9982.16,-0.18,-1.28,1.1,-4.263,-3.509,41,0.439,0.37,-0.0141,0.3367,False,False,0.3037,0.0427,0.523
7,IWM,low,-2.9693,9983.24,-0.17,3.86,-4.03,-5.192,-4.818,41,0.415,0.21,-0.0101,0.3367,False,False,0.3037,0.0427,0.523
7,KRE,low,-1.5557,9957.65,-0.42,-1.48,1.06,-5.522,-3.971,40,0.45,0.57,0.0148,0.3367,False,False,0.3037,0.0427,0.523
7,NFLX,low,2.6667,10004.27,0.04,-12.35,12.39,0.291,0.293,40,0.625,0.72,0.0021,0.3367,False,False,0.3037,0.0427,0.523
7,NVDA,low,-3.9487,9978.43,-0.22,11.92,-12.14,-3.679,-3.541,41,0.463,0.26,0.0165,0.3367,False,False,0.3037,0.0427,0.523
7,PYPL,low,-1.7997,9982.94,-0.17,0.24,-0.41,-2.305,-1.668,41,0.463,0.35,0.0006,0.3367,False,False,0.3037,0.0427,0.523
7,QQQ,low,-1.4465,10011.05,0.11,-0.43,0.55,2.03,2.174,39,0.487,0.31,-0.0109,0.3367,False,False,0.3037,0.0427,0.523
7,SPY,low,-2.5648,9984.57,-0.15,3.64,-3.79,-5.956,-5.083,40,0.425,0.16,-0.0092,0.3367,False,False,0.3037,0.0427,0.523
7,UNG,low,-7.073,9864.18,-1.36,-18.01,16.65,-8.695,-5.023,45,0.444,1.44,0.0309,0.3367,False,False,0.3037,0.0427,0.523
7,USO,low,-2.9319,9917.54,-0.82,4.54,-5.36,-3.774,-2.156,42,0.595,1.13,0.0269,0.3367,False,False,0.3037,0.0427,0.523
7,XBI,low,-1.5914,9979.3,-0.21,-0.38,0.17,-3.52,-3.459,40,0.475,0.42,0.0124,0.3367,False,False,0.3037,0.0427,0.523
7,XLE,low,-2.3183,9923.14,-0.77,0.62,-1.39,-6.393,-3.851,40,0.45,1.02,0.0091,0.3367,False,False,0.3037,0.0427,0.523
8,AAPL,low,-2.2393,9988.09,-0.12,-0.43,0.31,-2.248,-2.251,42,0.5,0.3,0.0093,0.3361,False,False,0.3345,0.0268,0.6517
8,ARKK,low,-0.0625,9973.03,-0.27,6.57,-6.84,-5.465,-3.829,40,0.475,0.35,0.0114,0.3361,False,False,0.3345,0.0268,0.6517
8,GLD,low,-2.7729,9986.32,-0.14,1.45,-1.59,-6.074,-5.012,39,0.41,0.16,-0.0134,0.3361,False,False,0.3345,0.0268,0.6517
8,IWM,low,-0.9486,9991.25,-0.09,1.52,-1.61,-2.877,-2.422,40,0.475,0.17,-0.0091,0.3361,False,False,0.3345,0.0268,0.6517
8,KRE,low,-0.5846,9968.05,-0.32,-7.95,7.63,-8.278,-6.873,41,0.415,0.44,0.0154,0.3361,False,False,0.3345,0.0268,0.6517
8,NFLX,low,0.6272,9928.39,-0.72,17.5,-18.22,-14.196,-10.349,40,0.225,0.75,0.0137,0.3361,False,False,0.3345,0.0268,0.6517
8,NVDA,low,-1.4793,9942.05,-0.58,5.86,-6.43,-3.328,-3.54,40,0.425,1.08,0.0102,0.3361,False,False,0.3345,0.0268,0.6517
8,PYPL,low,-1.9163,9977.6,-0.22,2.1,-2.33,-4.313,-3.164,41,0.585,0.37,0.0128,0.3361,False,False,0.3345,0.0268,0.6517
8,QQQ,low,-1.8931,9944.89,-0.55,-3.3,2.75,-7.63,-6.693,40,0.475,0.69,0.0133,0.3361,False,False,0.3345,0.0268,0.6517
8,SPY,low,-1.3178,10070.46,0.7,-3.11,3.82,3.336,4.064,40,0.475,1.29,-0.0064,0.3361,False,False,0.3345,0.0268,0.6517
8,UNG,low,2.1537,9950.61,-0.49,-17.68,17.19,-2.892,-2.851,43,0.442,0.98,0.0205,0.3361,False,False,0.3345,0.0268,0.6517
8,USO,low,-3.0856,9986.17,-0.14,-2.31,2.17,-0.825,-1.061,40,0.4,0.86,0.0148,0.3361,False,False,0.3345,0.0268,0.6517
8,XBI,low,-1.0384,9961.47,-0.39,2.79,-3.17,-2.554,-2.564,43,0.395,1.09,0.0245,0.3361,False,False,0.3345,0.0268,0.6517
8,XLE,low,-4.6139,9947.43,-0.53,11.74,-12.26,-4.627,-3.361,39,0.359,0.73,0.0011,0.3361,False,False,0.3345,0.0268,0.6517
9,AAPL,low,-3.6411,9961.23,-0.39,-4.92,4.54,-3.308,-3.2,40,0.4,0.85,0.0018,0.3354,False,False,0.3295,0.0428,0.6007
9,ARKK,low,-0.5487,9943.12,-0.57,-7.17,6.61,-6.471,-5.213,42,0.333,0.95,0.0283,0.3354,False,False,0.3295,0.0428,0.6007
9,GLD,low,-1.7425,9993.34,-0.07,0.11,-0.17,-4.513,-4.44,39,0.282,0.09,-0.0191,0.3354,False,False,0.3295,0.0428,0.6007
9,IWM,low,-0.8986,9983.94,-0.16,-3.16,3.0,-8.001,-6.787,39,0.436,0.21,-0.0155,0.3354,False,False,0.3295,0.0428,0.6007
9,KRE,low,-2.5185,9985.44,-0.15,4.26,-4.41,-3.839,-2.949,39,0.436,0.24,0.0009,0.3354,False,False,0.3295,0.0428,0.6007
9,NFLX,low,-2.0601,9946.01,-0.54,-0.21,-0.33,-9.066,-7.278,42,0.452,0.55,0.0263,0.3354,False,False,0.3295,0.0428,0.6007
9,NVDA,low,-7.5955,9979.44,-0.21,27.74,-27.95,-3.589,-3.504,39,0.385,0.35,0.0147,0.3354,False,False,0.3295,0.0428,0.6007
9,PYPL,low,-3.7939,9944.99,-0.55,3.3,-3.85,-7.129,-4.553,41,0.317,0.69,-0.0056,0.3354,False,False,0.3295,0.0428,0.6007
9,QQQ,low,-0.655,9994.43,-0.06,2.51,-2.56,-1.864,-1.506,40,0.5,0.22,-0.0082,0.3354,False,False,0.3295,0.0428,0.6007
9,SPY,low,-0.2555,9984.23,-0.16,7.8,-7.96,-5.107,-4.344,40,0.425,0.22,-0.0048,0.3354,False,False,0.3295,0.0428,0.6007
9,UNG,low,-5.2765,9965.46,-0.35,15.86,-16.21,-1.903,-1.787,41,0.439,1.36,0.0302,0.3354,False,False,0.3295,0.0428,0.6007
9,USO,low,-1.7387,9965.54,-0.34,0.98,-1.33,-5.151,-4.696,41,0.39,0.47,0.0239,0.3354,False,False,0.3295,0.0428,0.6007
9,XBI,low,-0.2957,9979.27,-0.21,7.14,-7.34,-4.22,-3.026,40,0.35,0.3,0.0019,0.3354,False,False,0.3295,0.0428,0.6007
9,XLE,low,-1.7502,10151.72,1.52,-6.16,7.68,5.917,18.267,40,0.55,0.31,0.0053,0.3354,False,False,0.3295,0.0428,0.6007
10,AAPL,low,2.6401,10093.54,0.94,3.78,-2.84,6.047,7.34,40,0.55,0.41,0.0172,0.3347,False,False,0.5978,0.1222,1.0073
10,ARKK,low,-0.3,9934.08,-0.66,0.41,-1.07,-2.376,-1.534,41,0.61,1.91,0.0306,0.3347,False,False,0.5978,0.1222,1.0073
10,GLD,low,-1.766,9999.58,-0.0,0.19,-0.19,-0.179,-0.278,38,0.447,0.14,-0.0096,0.3347,False,False,0.5978,0.1222,1.0073
10,IWM,low,-2.3782,9941.49,-0.59,-3.53,2.94,-6.715,-4.006,41,0.415,0.69,0.0159,0.3347,False,False,0.5978,0.1222,1.0073
10,KRE,low,-5.2689,9968.78,-0.31,9.47,-9.78,-1.512,-1.92,40,0.35,1.35,0.0165,0.3347,False,False,0.5978,0.1222,1.0073
10,NFLX,low,-1.6146,9921.17,-0.79,12.58,-13.37,-4.159,-3.595,40,0.45,1.73,0.0196,0.3347,False,False,0.5978,0.1222,1.0073
10,NVDA,low,0.4911,10158.55,1.59,-1.56,3.14,4.238,6.044,40,0.55,0.94,0.0262,0.3347,False,False,0.5978,0.1222,1.0073
10,PYPL,low,-0.0964,10010.05,0.1,-0.17,0.27,0.44,0.33,41,0.488,1.29,0.0258,0.3347,False,False,0.5978,0.1222,1.0073
10,QQQ,low,0.1454,10031.38,0.31,3.95,-3.64,2.771,3.868,40,0.5,0.47,0.0052,0.3347,False,False,0.5978,0.1222,1.0073
10,SPY,low,-1.5918,9995.79,-0.04,-0.88,0.84,-3.292,-3.453,40,0.375,0.09,-0.0126,0.3347,False,False,0.5978,0.1222,1.0073
10,UNG,low,4.5699,9926.35,-0.74,45.17,-45.9,-7.079,-5.044,43,0.442,0.97,0.0393,0.3347,False,False,0.5978,0.1222,1.0073
10,USO,low,-1.885,9960.26,-0.4,3.03,-3.42,-6.62,-4.703,41,0.537,0.49,0.0367,0.3347,False,False,0.5978,0.1222,1.0073
10,XBI,low,-1.5514,9953.89,-0.46,0.49,-0.95,-3.016,-3.039,41,0.463,1.09,0.0287,0.3347,False,False,0.5978,0.1222,1.0073
10,XLE,low,-2.9247,10005.24,0.05,5.2,-5.15,1.116,1.584,40,0.425,0.2,0.0023,0.3347,False,False,0.5978,0.1222,1.0073
11,AAPL,low,0.6774,10076.48,0.76,0.71,0.06,5.88,6.467,40,0.475,0.51,0.0125,0.3341,False,False,0.4211,0.2235,0.8613
11,ARKK,low,-5.3441,9992.02,-0.08,-15.48,15.4,-0.398,-0.352,40,0.525,1.45,0.0172,0.3341,False,False,0.4211,0.2235,0.8613
11,GLD,low,-1.5735,9984.17,-0.16,2.21,-2.37,-9.176,-6.109,39,0.385,0.16,-0.0078,0.3341,False,False,0.4211,0.2235,0.8613
11,IWM,low,-1.4063,10046.11,0.46,-2.24,2.7,2.981,3.485,40,0.55,0.6,0.0105,0.3341,False,False,0.4211,0.2235,0.8613
11,KRE,low,-3.7357,10034.71,0.35,8.07,-7.72,1.496,1.956,39,0.487,1.17,0.0223,0.3341,False,False,0.4211,0.2235,0.8613
11,NFLX,low,-3.6627,9936.93,-0.63,9.12,-9.75,-3.268,-2.613,41,0.585,1.35,0.0277,0.3341,False,False,0.4211,0.2235,0.8613
11,NVDA,low,-1.955,9952.79,-0.47,-2.12,1.65,-3.735,-2.228,41,0.585,0.93,0.0379,0.3341,False,False,0.4211,0.2235,0.8613
11,PYPL,low,-1.6267,9952.21,-0.48,0.87,-1.34,-6.384,-4.581,41,0.463,0.68,0.031,0.3341,False,False,0.4211,0.2235,0.8613
11,QQQ,low,-3.0405,9963.73,-0.36,3.43,-3.79,-4.864,-4.043,40,0.45,0.55,0.0084,0.3341,False,False,0.4211,0.2235,0.8613
11,SPY,low,-2.0469,9993.81,-0.06,3.9,-3.97,-5.823,-5.417,40,0.35,0.1,-0.0169,0.3341,False,False,0.4211,0.2235,0.8613
11,UNG,low,-2.9563,10197.58,1.98,22.78,-20.8,6.094,6.567,43,0.651,1.47,0.0309,0.3341,False,False,0.4211,0.2235,0.8613
11,USO,low,-2.5138,9934.46,-0.66,2.96,-3.62,-7.292,-4.412,41,0.293,0.75,0.0112,0.3341,False,False,0.4211,0.2235,0.8613
11,XBI,low,-0.7868,9981.53,-0.18,-6.84,6.66,-2.222,-2.196,41,0.366,0.57,0.0099,0.3341,False,False,0.4211,0.2235,0.8613
11,XLE,low,-0.7768,10021.1,0.21,-0.93,1.14,2.195,1.976,41,0.488,0.72,0.0136,0.3341,False,False,0.4211,0.2235,0.8613
12,AAPL,low,-0.4813,9996.17,-0.04,2.49,-2.53,-0.215,-0.168,40,0.45,0.66,0.006,0.3334,False,False,0.3359,0.0822,0.8594
12,ARKK,low,-1.3087,9938.14,-0.62,4.97,-5.59,-5.982,-5.048,41,0.488,0.64,0.0304,0.3334,False,False,0.3359,0.0822,0.8594
12,GLD,low,-1.191,9991.82,-0.08,-4.31,4.23,-1.388,-1.465,39,0.385,0.4,-0.0068,0.3334,False,False,0.3359,0.0822,0.8594
12,IWM,low,-2.3756,9981.21,-0.19,4.26,-4.45,-4.038,-3.259,40,0.425,0.32,0.011,0.3334,False,False,0.3359,0.0822,0.8594
12,KRE,low,-1.9153,9976.89,-0.23,-0.55,0.32,-7.28,-5.731,39,0.41,0.25,0.0021,0.3334,False,False,0.3359,0.0822,0.8594
12,NFLX,low,-2.4333,10081.14,0.81,0.39,0.42,2.485,4.06,40,0.525,1.38,0.017,0.3334,False,False,0.3359,0.0822,0.8594
12,NVDA,low,-2.4931,9996.72,-0.03,3.77,-3.8,-0.296,-0.374,41,0.317,0.78,0.0057,0.3334,False,False,0.3359,0.0822,0.8594
12,PYPL,low,-1.9303,9944.88,-0.55,-0.88,0.33,-2.786,-2.763,42,0.548,0.9,0.0245,0.3334,False,False,0.3359,0.0822,0.8594
12,QQQ,low,-2.4869,10013.38,0.13,4.23,-4.09,2.232,3.326,39,0.436,0.27,-0.0123,0.3334,False,False,0.3359,0.0822,0.8594
12,SPY,low,-2.1957,9987.32,-0.13,-3.6,3.47,-5.233,-4.84,41,0.415,0.18,0.0083,0.3334,False,False,0.3359,0.0822,0.8594
12,UNG,low,-7.6941,9893.49,-1.07,-30.03,28.97,-1.774,-1.081,43,0.535,3.64,0.0377,0.3334,False,False,0.3359,0.0822,0.8594
12,USO,low,-3.8207,9971.23,-0.29,-8.45,8.16,-6.394,-5.218,42,0.452,0.32,0.0338,0.3334,False,False,0.3359,0.0822,0.8594
12,XBI,low,-0.2586,9973.52,-0.26,-8.75,8.49,-4.253,-3.722,41,0.512,0.56,-0.0032,0.3334,False,False,0.3359,0.0822,0.8594
12,XLE,low,-0.5259,10013.43,0.13,-0.72,0.85,1.187,1.098,40,0.575,0.97,0.0059,0.3334,False,False,0.3359,0.0822,0.8594
13,AAPL,low,-3.3857,9976.94,-0.23,-7.11,6.88,-6.27,-4.359,41,0.488,0.28,0.0157,0.3327,False,False,0.2792,0.0445,0.6186
13,ARKK,low,-3.1202,9929.69,-0.7,6.56,-7.27,-3.166,-3.035,43,0.465,1.41,0.0243,0.3327,False,False,0.2792,0.0445,0.6186
13,GLD,low,-1.5994,9989.12,-0.11,1.51,-1.62,-4.498,-4.141,40,0.4,0.18,-0.0118,0.3327,False,False,0.2792,0.0445,0.6186
13,IWM,low,-0.5766,9962.98,-0.37,3.65,-4.02,-5.795,-3.639,40,0.55,0.49,-0.0046,0.3327,False,False,0.2792,0.0445,0.6186
13,KRE,low,-2.245,9966.1,-0.34,-0.98,0.64,-6.228,-5.561,40,0.55,0.48,0.016,0.3327,False,False,0.2792,0.0445,0.6186
13,NFLX,low,-1.8511,9976.24,-0.24,-1.0,0.76,-1.746,-1.75,40,0.45,0.73,0.0142,0.3327,False,False,0.2792,0.0445,0.6186
13,NVDA,low,-1.1013,9897.39,-1.03,4.11,-5.14,-4.442,-2.555,41,0.537,1.34,0.0344,0.3327,False,False,0.2792,0.0445,0.6186
13,PYPL,low,-1.5492,9984.98,-0.15,-0.29,0.14,-3.746,-3.029,41,0.439,0.27,0.0094,0.3327,False,False,0.2792,0.0445,0.6186
13,QQQ,low,-0.9347,9983.41,-0.17,4.71,-4.88,-3.334,-2.535,40,0.425,0.33,-0.007,0.3327,False,False,0.2792,0.0445,0.6186
13,SPY,low,-1.3281,9990.73,-0.09,2.09,-2.18,-5.126,-4.062,39,0.462,0.11,-0.0136,0.3327,False,False,0.2792,0.0445,0.6186
13,UNG,low,-6.4963,9953.2,-0.47,-19.48,19.01,-5.73,-4.785,42,0.452,0.58,0.0374,0.3327,False,False,0.2792,0.0445,0.6186
13,USO,low,-2.5881,9967.07,-0.33,2.56,-2.88,-4.395,-3.4,41,0.439,0.57,0.0161,0.3327,False,False,0.2792,0.0445,0.6186
13,XBI,low,-1.3933,9995.43,-0.05,-0.99,0.94,-0.762,-0.803,40,0.475,0.31,0.0153,0.3327,False,False,0.2792,0.0445,0.6186
13,XLE,low,-3.8539,9942.72,-0.57,9.05,-9.62,-3.475,-2.608,41,0.415,1.34,0.0187,0.3327,False,False,0.2792,0.0445,0.6186
14,AAPL,low,-2.8091,9972.21,-0.28,-4.59,4.31,-10.504,-8.049,41,0.39,0.3,0.0261,0.3321,False,False,0.4707,0.1428,0.8062
14,ARKK,low,-1.0745,9965.2,-0.35,5.22,-5.57,-9.968,-8.558,41,0.537,0.45,0.0356,0.3321,False,False,0.4707,0.1428,0.8062
14,GLD,low,-1.5602,9998.53,-0.01,6.35,-6.36,-0.173,-0.132,40,0.525,0.69,-0.0085,0.3321,False,False,0.4707,0.1428,0.8062
14,IWM,low,-2.0753,9987.74,-0.12,0.28,-0.4,-8.452,-7.321,39,0.462,0.16,0.0012,0.3321,False,False,0.4707,0.1428,0.8062
14,KRE,low,-0.9961,10010.43,0.1,2.44,-2.33,1.688,1.856,40,0.5,0.18,0.0067,0.3321,False,False,0.4707,0.1428,0.8062
14,NFLX,low,-2.1203,9981.39,-0.19,5.23,-5.42,-1.873,-1.574,39,0.333,0.71,0.0263,0.3321,False,False,0.4707,0.1428,0.8062
14,NVDA,low,-5.0741,9987.83,-0.12,15.07,-15.19,-1.476,-1.32,41,0.537,0.47,0.0187,0.3321,False,False,0.4707,0.1428,0.8062
14,PYPL,low,0.17,9980.66,-0.19,-8.03,7.84,-2.382,-1.944,40,0.475,0.52,0.0281,0.3321,False,False,0.4707,0.1428,0.8062
14,QQQ,low,-3.14,9958.3,-0.42,2.93,-3.34,-6.662,-4.722,42,0.357,0.51,0.0229,0.3321,False,False,0.4707,0.1428,0.8062
14,SPY,low,-1.4499,9981.83,-0.18,2.5,-2.68,-7.838,-6.288,41,0.439,0.22,-0.002,0.3321,False,False,0.4707,0.1428,0.8062
14,UNG,low,0.196,10026.26,0.26,7.73,-7.47,0.6,0.549,43,0.581,2.68,0.0405,0.3321,False,False,0.4707,0.1428,0.8062
14,USO,low,-5.4768,9963.81,-0.36,17.96,-18.32,-4.05,-3.66,41,0.463,0.68,0.0234,0.3321,False,False,0.4707,0.1428,0.8062
14,XBI,low,0.9397,10218.46,2.18,-3.47,5.65,5.892,6.254,42,0.69,1.04,0.0454,0.3321,False,False,0.4707,0.1428,0.8062
14,XLE,low,-3.0975,9973.53,-0.26,-4.73,4.47,-7.503,-6.486,41,0.415,0.3,0.0151,0.3321,False,False,0.4707,0.1428,0.8062
15,AAPL,low,4.2671,10107.02,1.07,2.14,-1.07,9.29,10.15,40,0.675,0.23,0.0061,0.3314,False,False,0.3799,0.1627,0.8704
15,ARKK,low,-3.1576,10007.24,0.07,12.28,-12.2,0.418,0.352,41,0.537,1.06,0.027,0.3314,False,False,0.3799,0.1627,0.8704
15,GLD,low,-1.8354,9996.04,-0.04,1.76,-1.8,-3.665,-3.682,39,0.359,0.07,-0.0,0.3314,False,False,0.3799,0.1627,0.8704
15,IWM,low,-1.7096,9968.48,-0.32,-3.28,2.96,-3.508,-3.42,40,0.525,0.5,0.0153,0.3314,False,False,0.3799,0.1627,0.8704
15,KRE,low,0.0817,9981.88,-0.18,9.19,-9.37,-5.511,-4.943,41,0.488,0.24,0.0335,0.3314,False,False,0.3799,0.1627,0.8704
15,NFLX,low,-1.7664,9974.53,-0.25,-1.66,1.4,-5.652,-4.935,40,0.4,0.29,0.007,0.3314,False,False,0.3799,0.1627,0.8704
15,NVDA,low,-4.1391,9943.97,-0.56,8.74,-9.3,-10.772,-7.686,42,0.381,0.57,0.0276,0.3314,False,False,0.3799,0.1627,0.8704
15,PYPL,low,1.6538,10144.7,1.45,-7.4,8.85,5.406,6.395,41,0.561,0.55,0.0285,0.3314,False,False,0.3799,0.1627,0.8704
15,QQQ,low,-1.7304,9976.16,-0.24,-0.4,0.16,-8.151,-7.295,40,0.3,0.39,0.0072,0.3314,False,False,0.3799,0.1627,0.8704
15,SPY,low,-1.4604,9996.59,-0.03,-0.83,0.8,-1.854,-2.32,40,0.35,0.07,-0.0045,0.3314,False,False,0.3799,0.1627,0.8704
15,UNG,low,-4.0781,9902.0,-0.98,6.35,-7.33,-2.609,-2.482,41,0.488,2.36,0.0463,0.3314,False,False,0.3799,0.1627,0.8704
15,USO,low,-1.4155,9887.77,-1.12,-8.63,7.51,-4.244,-3.56,41,0.561,2.11,0.0353,0.3314,False,False,0.3799,0.1627,0.8704
15,XBI,low,2.8584,10057.4,0.57,-6.0,6.58,6.271,7.604,40,0.55,0.4,0.0029,0.3314,False,False,0.3799,0.1627,0.8704
15,XLE,low,2.9186,10046.13,0.46,15.04,-14.58,3.623,4.305,40,0.65,0.52,0.0325,0.3314,False,False,0.3799,0.1627,0.8704
16,AAPL,low,-1.9172,9986.84,-0.13,3.35,-3.48,-2.828,-2.449,40,0.475,0.19,0.003,0.3307,False,False,0.4117,0.0575,0.8453
16,ARKK,low,-0.5768,9937.35,-0.63,-8.64,8.02,-8.925,-5.718,41,0.39,0.73,0.0289,0.3307,False,False,0.4117,0.0575,0.8453
16,GLD,low,-1.7002,9990.56,-0.09,-2.78,2.69,-6.298,-5.517,40,0.35,0.15,0.0044,0.3307,False,False,0.4117,0.0575,0.8453
16,IWM,low,-2.2282,9985.01,-0.15,-2.57,2.42,-6.281,-5.447,40,0.575,0.2,0.019,0.3307,False,False,0.4117,0.0575,0.8453
16,KRE,low,-1.78,9932.8,-0.67,1.99,-2.66,-5.538,-3.187,42,0.548,0.8,0.0296,0.3307,False,False,0.4117,0.0575,0.8453
16,NFLX,low,-1.0734,9985.36,-0.15,1.81,-1.95,-4.731,-3.784,41,0.512,0.22,0.0109,0.3307,False,False,0.4117,0.0575,0.8453
16,NVDA,low,-3.5686,9933.45,-0.67,5.75,-6.42,-6.452,-5.295,41,0.317,0.7,0.0312,0.3307,False,False,0.4117,0.0575,0.8453
16,PYPL,low,0.5306,10241.43,2.41,-11.97,14.38,10.913,11.493,40,0.725,0.38,0.0412,0.3307,False,False,0.4117,0.0575,0.8453
16,QQQ,low,-0.4749,9978.24,-0.22,6.93,-7.15,-4.709,-3.357,39,0.333,0.34,0.0014,0.3307,False,False,0.4117,0.0575,0.8453
16,SPY,low,-3.3888,9951.74,-0.48,-3.91,3.43,-11.895,-9.154,41,0.268,0.49,0.0197,0.3307,False,False,0.4117,0.0575,0.8453
16,UNG,low,0.0651,10003.46,0.03,0.61,-0.58,0.249,0.186,42,0.476,0.82,0.0361,0.3307,False,False,0.4117,0.0575,0.8453
16,USO,low,0.7584,10087.64,0.88,0.73,0.15,4.176,4.145,40,0.5,0.74,0.0192,0.3307,False,False,0.4117,0.0575,0.8453
16,XBI,low,-3.1482,9938.74,-0.61,-2.02,1.41,-8.153,-6.565,41,0.39,0.68,0.0474,0.3307,False,False,0.4117,0.0575,0.8453
16,XLE,low,-2.7368,9970.39,-0.3,-2.62,2.32,-3.059,-2.689,41,0.415,0.61,0.0238,0.3307,False,False,0.4117,0.0575,0.8453
17,AAPL,low,-1.2234,9949.77,-0.5,12.28,-12.78,-8.89,-8.314,40,0.375,0.53,0.0116,0.3301,False,False,0.4728,0.0545,0.9498
17,ARKK,low,-4.2169,9912.8,-0.87,-5.33,4.46,-5.312,-3.719,42,0.429,1.4,0.0299,0.3301,False,False,0.4728,0.0545,0.9498
17,GLD,low,-2.0299,9986.18,-0.14,-0.77,0.63,-11.14,-9.446,40,0.375,0.14,-0.0032,0.3301,False,False,0.4728,0.0545,0.9498
17,IWM,low,-1.5497,9993.4,-0.07,0.39,-0.46,-1.358,-1.205,40,0.425,0.29,-0.0051,0.3301,False,False,0.4728,0.0545,0.9498
17,KRE,low,-3.015,9975.48,-0.25,-4.14,3.89,-7.803,-6.887,41,0.293,0.34,0.0132,0.3301,False,False,0.4728,0.0545,0.9498
17,NFLX,low,-2.5489,9940.86,-0.59,-0.94,0.35,-5.271,-3.979,41,0.512,0.76,0.0212,0.3301,False,False,0.4728,0.0545,0.9498
17,NVDA,low,-2.3499,10004.64,0.05,7.3,-7.25,0.38,0.408,41,0.463,0.61,0.0195,0.3301,False,False,0.4728,0.0545,0.9498
17,PYPL,low,-3.8825,9945.92,-0.54,-0.07,-0.47,-3.842,-3.321,40,0.575,0.92,0.0168,0.3301,False,False,0.4728,0.0545,0.9498
17,QQQ,low,-1.8601,9990.99,-0.09,-3.49,3.4,-2.167,-2.026,41,0.463,0.28,0.0231,0.3301,False,False,0.4728,0.0545,0.9498
17,SPY,low,-1.2772,9990.08,-0.1,0.01,-0.11,-2.912,-2.523,40,0.45,0.23,-0.0035,0.3301,False,False,0.4728,0.0545,0.9498
17,UNG,low,-0.6874,9932.18,-0.68,-5.94,5.26,-4.536,-3.357,43,0.442,1.28,0.0348,0.3301,False,False,0.4728,0.0545,0.9498
17,USO,low,-3.8533,9953.48,-0.47,11.24,-11.7,-6.074,-3.563,40,0.35,0.59,0.0199,0.3301,False,False,0.4728,0.0545,0.9498
17,XBI,low,-2.748,9999.78,-0.0,-6.64,6.64,-0.035,-0.034,41,0.39,0.29,0.0174,0.3301,False,False,0.4728,0.0545,0.9498
17,XLE,low,-2.6483,9975.48,-0.25,3.46,-3.71,-4.111,-4.206,41,0.512,0.45,0.0149,0.3301,False,False,0.4728,0.0545,0.9498
18,AAPL,low,-2.4898,9989.71,-0.1,4.58,-4.68,-1.153,-0.972,41,0.366,0.38,0.0033,0.3294,False,False,0.3384,4.937,0.6278
18,ARKK,low,-3.9473,9977.93,-0.22,-10.55,10.33,-3.943,-3.95,41,0.463,0.55,0.0211,0.3294,False,False,0.3384,4.937,0.6278
18,GLD,low,-0.7483,9996.64,-0.03,-3.76,3.73,-1.695,-1.573,40,0.5,0.16,0.0052,0.3294,False,False,0.3384,4.937,0.6278
18,IWM,low,-2.7256,9974.18,-0.26,7.02,-7.28,-5.654,-4.309,40,0.525,0.38,0.013,0.3294,False,False,0.3384,4.937,0.6278
18,KRE,low,-1.4834,9978.7,-0.21,-2.2,1.99,-1.882,-1.856,41,0.585,0.52,0.018,0.3294,False,False,0.3384,4.937,0.6278
18,NFLX,low,-0.5534,9964.27,-0.36,6.81,-7.16,-5.278,-3.678,41,0.439,0.48,0.0395,0.3294,False,False,0.3384,4.937,0.6278
18,NVDA,low,-0.4103,9948.07,-0.52,-10.84,10.32,-4.214,-3.764,40,0.475,0.93,0.0296,0.3294,False,False,0.3384,4.937,0.6278
18,PYPL,low,-1.6921,10004.52,0.05,0.5,-0.45,0.61,0.568,40,0.45,0.33,0.01,0.3294,False,False,0.3384,4.937,0.6278
18,QQQ,low,-3.2584,9978.13,-0.22,7.77,-7.99,-6.877,-6.294,40,0.425,0.32,0.0131,0.3294,False,False,0.3384,4.937,0.6278
18,SPY,low,-2.0187,10004.59,0.05,-0.03,0.07,0.466,0.538,40,0.45,0.67,0.0023,0.3294,False,False,0.3384,4.937,0.6278
18,UNG,low,0.8586,9942.24,-0.58,10.55,-11.13,-4.452,-3.026,42,0.452,0.84,0.0361,0.3294,False,False,0.3384,4.937,0.6278
18,USO,low,0.9977,10282.34,2.82,-7.89,10.71,7.117,11.047,41,0.488,0.98,0.0318,0.3294,False,False,0.3384,4.937,0.6278
18,XBI,low,-2.5355,9976.98,-0.23,-3.29,3.06,-6.376,-4.716,39,0.564,0.3,0.0096,0.3294,False,False,0.3384,4.937,0.6278
18,XLE,low,-4.9631,9924.52,-0.75,-9.98,9.23,-4.657,-4.062,41,0.512,1.1,0.0308,0.3294,False,False,0.3384,4.937,0.6278
19,AAPL,low,-1.4359,9993.15,-0.07,1.42,-1.49,-3.137,-2.391,40,0.375,0.2,-0.0004,0.3288,False,False,0.4552,0.106,1.0999
19,ARKK,low,4.2549,10269.27,2.69,-0.49,3.18,8.805,9.711,40,0.6,0.95,0.0228,0.3288,False,False,0.4552,0.106,1.0999
19,GLD,low,-1.662,9992.34,-0.08,0.61,-0.69,-0.827,-0.857,39,0.564,0.7,0.0084,0.3288,False,False,0.4552,0.106,1.0999
19,IWM,low,1.0459,10014.32,0.14,-3.36,3.5,1.186,1.053,40,0.525,0.65,0.0107,0.3288,False,False,0.4552,0.106,1.0999
19,KRE,low,-1.2685,10008.44,0.08,1.42,-1.34,0.977,1.05,41,0.561,0.35,0.0151,0.3288,False,False,0.4552,0.106,1.0999
19,NFLX,low,-1.7347,9948.37,-0.52,-1.26,0.74,-7.634,-5.564,41,0.415,0.65,0.0396,0.3288,False,False,0.4552,0.106,1.0999
19,NVDA,low,-7.5544,9809.38,-1.91,-18.13,16.22,-9.688,-5.892,43,0.395,2.07,0.0459,0.3288,False,False,0.4552,0.106,1.0999
19,PYPL,low,-0.2561,9975.14,-0.25,-8.96,8.71,-4.406,-4.038,40,0.475,0.34,0.0187,0.3288,False,False,0.4552,0.106,1.0999
19,QQQ,low,-1.9497,9965.14,-0.35,-3.67,3.32,-8.736,-5.785,40,0.45,0.37,0.0088,0.3288,False,False,0.4552,0.106,1.0999
19,SPY,low,-3.2989,9966.29,-0.34,-0.3,-0.04,-14.07,-9.779,39,0.154,0.36,-0.0012,0.3288,False,False,0.4552,0.106,1.0999
19,UNG,low,0.9651,9872.6,-1.27,-8.17,6.89,-3.537,-2.201,42,0.452,1.77,0.044,0.3288,False,False,0.4552,0.106,1.0999
19,USO,low,0.0335,9909.84,-0.9,-9.36,8.46,-4.428,-2.549,42,0.571,1.14,0.0367,0.3288,False,False,0.4552,0.106,1.0999
19,XBI,low,-1.8407,9954.91,-0.45,-3.24,2.79,-5.174,-4.572,41,0.537,0.53,0.0261,0.3288,False,False,0.4552,0.106,1.0999
19,XLE,low,-0.3994,9972.42,-0.28,9.75,-10.03,-3.564,-3.228,41,0.512,0.41,0.0279,0.3288,False,False,0.4552,0.106,1.0999
20,AAPL,low,-2.2297,9952.18,-0.48,0.14,-0.62,-9.798,-7.226,40,0.525,0.49,0.0173,0.3281,False,False,0.4645,0.0325,0.6809
20,ARKK,low,1.3091,9904.37,-0.96,-16.53,15.57,-4.508,-2.969,42,0.571,1.32,0.0398,0.3281,False,False,0.4645,0.0325,0.6809
20,GLD,low,-2.3144,9976.08,-0.24,-2.1,1.87,-8.884,-5.895,40,0.4,0.26,0.0036,0.3281,False,False,0.4645,0.0325,0.6809
20,IWM,low,-2.8619,10008.45,0.08,1.21,-1.13,0.693,0.987,40,0.4,0.56,0.0067,0.3281,False,False,0.4645,0.0325,0.6809
20,KRE,low,-1.8254,9985.45,-0.15,1.11,-1.25,-1.267,-1.515,40,0.475,0.67,0.0233,0.3281,False,False,0.4645,0.0325,0.6809
20,NFLX,low,-1.6191,9981.54,-0.18,0.53,-0.72,-3.709,-3.273,40,0.525,0.25,0.0256,0.3281,False,False,0.4645,0.0325,0.6809
20,NVDA,low,-2.4459,9848.94,-1.51,-0.28,-1.23,-5.584,-3.327,42,0.452,1.94,0.0484,0.3281,False,False,0.4645,0.0325,0.6809
20,PYPL,low,0.6994,9990.84,-0.09,-6.91,6.82,-1.093,-0.794,40,0.45,0.52,0.0319,0.3281,False,False,0.4645,0.0325,0.6809
20,QQQ,low,-0.6949,9994.01,-0.06,4.55,-4.61,-2.666,-2.224,40,0.55,0.1,-0.0014,0.3281,False,False,0.4645,0.0325,0.6809
20,SPY,low,-1.6671,9983.61,-0.16,1.25,-1.42,-4.824,-4.243,40,0.3,0.27,0.0178,0.3281,False,False,0.4645,0.0325,0.6809
20,UNG,low,7.1435,10588.22,5.88,-15.39,21.28,9.008,12.969,42,0.571,1.74,0.0427,0.3281,False,False,0.4645,0.0325,0.6809
20,USO,low,-3.0971,9963.92,-0.36,4.16,-4.52,-2.602,-2.802,42,0.429,0.9,0.0414,0.3281,False,False,0.4645,0.0325,0.6809
20,XBI,low,-4.0811,9911.82,-0.88,-6.46,5.58,-5.869,-4.559,42,0.452,1.07,0.0459,0.3281,False,False,0.4645,0.0325,0.6809
20,XLE,low,-3.4988,9963.87,-0.36,7.37,-7.73,-6.114,-4.276,41,0.61,0.39,0.0285,0.3281,False,False,0.4645,0.0325,0.6809
21,AAPL,low,-0.2781,9954.99,-0.45,12.9,-13.35,-6.18,-4.568,40,0.5,0.57,0.0277,0.3274,False,False,0.7767,0.174,1.5735
21,ARKK,low,-1.3389,10000.7,0.01,-3.41,3.42,0.143,0.14,40,0.45,0.26,0.0201,0.3274,False,False,0.7767,0.174,1.5735
21,GLD,low,-2.5552,9992.12,-0.08,-4.08,4.0,-8.526,-6.638,39,0.256,0.11,0.0002,0.3274,False,False,0.7767,0.174,1.5735
21,IWM,low,-3.0803,9992.14,-0.08,-6.57,6.5,-2.102,-2.356,40,0.35,0.19,0.0091,0.3274,False,False,0.7767,0.174,1.5735
21,KRE,low,0.722,10033.37,0.33,-8.37,8.71,2.297,3.127,40,0.525,1.12,0.0118,0.3274,False,False,0.7767,0.174,1.5735
21,NFLX,low,-5.157,9889.35,-1.11,10.74,-11.84,-7.372,-5.454,41,0.561,1.18,0.0355,0.3274,False,False,0.7767,0.174,1.5735
21,NVDA,low,-1.5575,10085.59,0.86,1.12,-0.27,3.05,3.195,41,0.463,1.34,0.0347,0.3274,False,False,0.7767,0.174,1.5735
21,PYPL,low,0.4841,9966.41,-0.34,-8.53,8.2,-4.874,-3.874,41,0.512,0.54,0.0351,0.3274,False,False,0.7767,0.174,1.5735
21,QQQ,low,-1.8107,9993.03,-0.07,1.1,-1.17,-3.627,-3.342,40,0.3,0.11,-0.0002,0.3274,False,False,0.7767,0.174,1.5735
21,SPY,low,-1.4707,9980.85,-0.19,-4.86,4.67,-7.244,-7.111,40,0.425,0.24,0.0113,0.3274,False,False,0.7767,0.174,1.5735
21,UNG,low,-6.8739,10298.82,2.99,-27.84,30.83,4.981,6.664,42,0.571,2.61,0.0442,0.3274,False,False,0.7767,0.174,1.5735
21,USO,low,0.1925,10072.15,0.72,-3.97,4.69,3.216,3.262,41,0.537,1.46,0.0373,0.3274,False,False,0.7767,0.174,1.5735
21,XBI,low,-3.3874,9978.51,-0.21,-8.73,8.52,-3.695,-3.884,41,0.512,0.54,0.0306,0.3274,False,False,0.7767,0.174,1.5735
21,XLE,low,-2.082,9949.47,-0.51,3.49,-3.99,-2.618,-1.801,41,0.488,1.14,0.0257,0.3274,False,False,0.7767,0.174,1.5735
22,AAPL,low,1.0302,10034.49,0.34,4.47,-4.13,3.576,4.566,39,0.487,0.4,0.0039,0.3268,False,False,0.746,0.0739,1.1285
22,ARKK,low,-3.0287,9959.74,-0.4,5.1,-5.51,-6.183,-5.612,40,0.4,0.47,0.0292,0.3268,False,False,0.746,0.0739,1.1285
22,GLD,low,-1.3384,9974.6,-0.25,1.68,-1.94,-4.019,-2.488,40,0.525,0.4,0.0071,0.3268,False,False,0.746,0.0739,1.1285
22,IWM,low,-0.5457,9979.05,-0.21,-3.56,3.35,-3.65,-3.458,40,0.45,0.44,0.0239,0.3268,False,False,0.746,0.0739,1.1285
22,KRE,low,-6.0962,9977.6,-0.22,17.81,-18.03,-1.477,-1.55,40,0.475,0.56,0.0235,0.3268,False,False,0.746,0.0739,1.1285
22,NFLX,low,-4.9702,9946.89,-0.53,-11.34,10.81,-6.601,-5.404,40,0.425,0.63,0.0245,0.3268,False,False,0.746,0.0739,1.1285
22,NVDA,low,3.943,10180.32,1.8,7.8,-6.0,6.303,6.75,40,0.55,1.15,0.0344,0.3268,False,False,0.746,0.0739,1.1285
22,PYPL,low,-2.4434,9979.96,-0.2,-5.26,5.06,-4.023,-3.372,41,0.439,0.31,0.0235,0.3268,False,False,0.746,0.0739,1.1285
22,QQQ,low,-0.4914,10002.75,0.03,2.67,-2.64,0.934,0.858,40,0.525,0.12,0.0053,0.3268,False,False,0.746,0.0739,1.1285
22,SPY,low,-1.1065,10000.46,0.0,-3.37,3.38,0.051,0.05,40,0.35,0.68,0.0099,0.3268,False,False,0.746,0.0739,1.1285
22,UNG,low,-4.0143,9974.09,-0.26,-10.19,9.93,-2.433,-2.031,41,0.561,0.46,0.0454,0.3268,False,False,0.746,0.0739,1.1285
22,USO,low,0.7715,9930.52,-0.69,15.76,-16.45,-6.19,-3.912,40,0.525,1.1,0.0356,0.3268,False,False,0.746,0.0739,1.1285
22,XBI,low,-2.858,9988.23,-0.12,6.62,-6.74,-4.226,-3.675,40,0.4,0.22,0.0181,0.3268,False,False,0.746,0.0739,1.1285
22,XLE,low,-2.0935,9960.13,-0.4,-0.63,0.23,-3.491,-2.535,41,0.512,0.82,0.0233,0.3268,False,False,0.746,0.0739,1.1285
23,AAPL,low,-3.0962,9942.83,-0.57,2.48,-3.05,-8.333,-6.838,40,0.475,0.62,0.0201,0.3261,False,False,0.4626,0.2825,0.7072
23,ARKK,low,1.8269,9958.29,-0.42,22.2,-22.62,-2.101,-2.03,40,0.425,1.07,0.0279,0.3261,False,False,0.4626,0.2825,0.7072
23,GLD,low,-1.2218,10012.22,0.12,2.68,-2.56,2.124,2.404,40,0.475,0.17,-0.003,0.3261,False,False,0.4626,0.2825,0.7072
23,IWM,low,-1.0617,10082.81,0.83,7.15,-6.33,5.582,8.265,41,0.585,0.69,0.0055,0.3261,False,False,0.4626,0.2825,0.7072
23,KRE,low,-2.4892,9991.17,-0.09,4.95,-5.03,-2.774,-2.455,40,0.375,0.16,0.0063,0.3261,False,False,0.4626,0.2825,0.7072
23,NFLX,low,-2.0515,9990.26,-0.1,2.98,-3.08,-1.303,-1.346,40,0.475,0.39,0.0114,0.3261,False,False,0.4626,0.2825,0.7072
23,NVDA,low,0.7763,10074.8,0.75,3.7,-2.95,6.932,7.503,40,0.475,0.37,0.0223,0.3261,False,False,0.4626,0.2825,0.7072
23,PYPL,low,-1.2171,9991.93,-0.08,0.22,-0.3,-2.472,-2.198,41,0.439,0.21,0.0263,0.3261,False,False,0.4626,0.2825,0.7072
23,QQQ,low,-2.5201,9967.39,-0.33,-2.41,2.08,-7.914,-5.013,39,0.385,0.38,0.0114,0.3261,False,False,0.4626,0.2825,0.7072
23,SPY,low,-0.4895,10020.47,0.2,1.28,-1.08,2.555,3.032,40,0.55,0.24,0.0049,0.3261,False,False,0.4626,0.2825,0.7072
23,UNG,low,2.7165,9986.8,-0.13,21.55,-21.68,-0.418,-0.308,41,0.634,1.92,0.0424,0.3261,False,False,0.4626,0.2825,0.7072
23,USO,low,-0.0992,9915.64,-0.84,8.0,-8.84,-5.559,-3.266,41,0.439,1.07,0.0347,0.3261,False,False,0.4626,0.2825,0.7072
23,XBI,low,-1.5386,9942.17,-0.58,-2.07,1.5,-5.167,-3.027,42,0.452,0.66,0.0224,0.3261,False,False,0.4626,0.2825,0.7072
23,XLE,low,-2.4759,9972.52,-0.27,-1.03,0.76,-3.186,-2.992,39,0.538,0.53,0.0199,0.3261,False,False,0.4626,0.2825,0.7072
24,AAPL,low,-1.0712,9985.31,-0.15,-1.17,1.03,-7.418,-7.021,41,0.39,0.21,0.0089,0.3255,False,False,0.8462,0.318,1.7277
24,ARKK,low,-3.6892,9931.48,-0.69,10.34,-11.03,-5.075,-3.927,42,0.405,1.08,0.0313,0.3255,False,False,0.8462,0.318,1.7277
24,GLD,low,-3.1332,9991.98,-0.08,6.49,-6.57,-3.557,-3.039,39,0.359,0.14,-0.0005,0.3255,False,False,0.8462,0.318,1.7277
24,IWM,low,-2.1141,9989.77,-0.1,-2.19,2.09,-3.806,-4.086,40,0.3,0.22,0.0081,0.3255,False,False,0.8462,0.318,1.7277
24,KRE,low,4.1532,10127.56,1.28,-6.05,7.33,10.546,11.457,39,0.538,0.46,0.0133,0.3255,False,False,0.8462,0.318,1.7277
24,NFLX,low,-0.2495,9989.74,-0.1,-5.23,5.12,-0.859,-0.815,40,0.575,0.77,0.0183,0.3255,False,False,0.8462,0.318,1.7277
24,NVDA,low,-1.1896,9981.58,-0.18,-0.73,0.55,-3.856,-2.655,41,0.463,0.35,0.0248,0.3255,False,False,0.8462,0.318,1.7277
24,PYPL,low,-0.8852,9970.56,-0.29,4.15,-4.44,-3.682,-2.714,41,0.537,0.46,0.0352,0.3255,False,False,0.8462,0.318,1.7277
24,QQQ,low,-2.9515,9965.06,-0.35,-5.25,4.9,-4.942,-5.641,41,0.463,0.42,0.0175,0.3255,False,False,0.8462,0.318,1.7277
24,SPY,low,-2.3686,9981.72,-0.18,-2.23,2.05,-14.244,-10.482,40,0.375,0.19,0.0044,0.3255,False,False,0.8462,0.318,1.7277
24,UNG,low,-1.1717,9883.67,-1.16,-2.45,1.29,-5.222,-5.82,42,0.5,1.87,0.0391,0.3255,False,False,0.8462,0.318,1.7277
24,USO,low,1.7577,10107.01,1.07,4.48,-3.41,4.786,5.441,41,0.634,0.8,0.0355,0.3255,False,False,0.8462,0.318,1.7277
24,XBI,low,-0.4208,9999.2,-0.01,-3.28,3.27,-0.06,-0.061,41,0.512,0.42,0.0321,0.3255,False,False,0.8462,0.318,1.7277
24,XLE,low,-2.482,9959.54,-0.4,-3.97,3.57,-4.411,-3.604,41,0.341,0.69,0.0302,0.3255,False,False,0.8462,0.318,1.7277
25,AAPL,low,-2.0276,9999.77,-0.0,4.1,-4.1,-0.105,-0.101,40,0.45,0.11,0.0048,0.3248,False,False,0.5363,0.071,1.2089
25,ARKK,low,-3.3982,9980.99,-0.19,4.93,-5.12,-0.633,-0.685,43,0.395,1.7,0.0246,0.3248,False,False,0.5363,0.071,1.2089
25,GLD,low,-2.281,9958.77,-0.41,-0.72,0.3,-3.882,-2.671,41,0.415,0.42,0.0149,0.3248,False,False,0.5363,0.071,1.2089
25,IWM,low,-1.1175,9972.45,-0.28,-1.83,1.56,-11.972,-10.06,39,0.333,0.28,0.0141,0.3248,False,False,0.5363,0.071,1.2089
25,KRE,low,-1.585,9979.09,-0.21,2.14,-2.34,-2.673,-2.214,40,0.45,0.61,0.0231,0.3248,False,False,0.5363,0.071,1.2089
25,NFLX,low,-2.4529,9986.42,-0.14,4.68,-4.82,-1.652,-1.466,41,0.39,0.4,0.0221,0.3248,False,False,0.5363,0.071,1.2089
25,NVDA,low,-3.0823,9974.25,-0.26,-7.76,7.51,-6.821,-5.491,40,0.4,0.36,0.0287,0.3248,False,False,0.5363,0.071,1.2089
25,PYPL,low,-0.8032,9958.51,-0.41,9.62,-10.04,-8.515,-6.89,41,0.341,0.48,0.0245,0.3248,False,False,0.5363,0.071,1.2089
25,QQQ,low,-2.4756,9986.24,-0.14,-1.37,1.23,-2.461,-2.34,41,0.415,0.41,0.0171,0.3248,False,False,0.5363,0.071,1.2089
25,SPY,low,-2.617,9980.8,-0.19,1.24,-1.43,-11.347,-9.26,40,0.3,0.21,0.0071,0.3248,False,False,0.5363,0.071,1.2089
25,UNG,low,-2.0832,9835.03,-1.65,-0.6,-1.05,-6.824,-4.037,43,0.535,1.91,0.0417,0.3248,False,False,0.5363,0.071,1.2089
25,USO,low,-2.2708,10026.31,0.26,6.99,-6.73,1.31,1.311,40,0.525,0.67,0.0221,0.3248,False,False,0.5363,0.071,1.2089
25,XBI,low,-1.4333,9972.85,-0.27,3.27,-3.54,-6.003,-4.95,40,0.425,0.31,0.0224,0.3248,False,False,0.5363,0.071,1.2089
25,XLE,low,-2.8709,9958.32,-0.42,-2.37,1.95,-4.112,-3.772,40,0.475,0.67,0.0224,0.3248,False,False,0.5363,0.071,1.2089
26,AAPL,low,-3.3836,9893.84,-1.06,-0.65,-0.41,-13.949,-9.843,41,0.463,1.19,0.0249,0.3242,False,False,0.5501,0.0652,1.2529
26,ARKK,low,-0.9603,9969.22,-0.31,5.7,-6.01,-3.372,-2.665,40,0.4,0.64,0.0249,0.3242,False,False,0.5501,0.0652,1.2529
26,GLD,low,-1.12,9995.59,-0.04,-1.2,1.15,-1.445,-1.39,40,0.375,0.18,-0.0007,0.3242,False,False,0.5501,0.0652,1.2529
26,IWM,low,-2.9292,9994.44,-0.06,5.47,-5.53,-2.287,-1.913,40,0.425,0.12,0.0105,0.3242,False,False,0.5501,0.0652,1.2529
26,KRE,low,1.3435,10045.69,0.46,6.68,-6.23,3.185,3.934,40,0.5,0.79,0.0279,0.3242,False,False,0.5501,0.0652,1.2529
26,NFLX,low,-3.8589,9955.41,-0.45,11.8,-12.24,-4.265,-3.351,40,0.5,0.56,0.029,0.3242,False,False,0.5501,0.0652,1.2529
26,NVDA,low,-2.9851,9905.2,-0.95,-3.5,2.55,-12.983,-10.859,43,0.256,1.05,0.0437,0.3242,False,False,0.5501,0.0652,1.2529
26,PYPL,low,-0.8307,10152.2,1.52,-6.14,7.66,5.719,6.669,38,0.579,0.65,0.0346,0.3242,False,False,0.5501,0.0652,1.2529
26,QQQ,low,-4.289,9945.56,-0.54,-6.8,6.26,-4.689,-3.942,40,0.45,0.93,0.0313,0.3242,False,False,0.5501,0.0652,1.2529
26,SPY,low,-1.6769,9986.52,-0.13,1.18,-1.32,-7.738,-5.265,39,0.436,0.19,0.0076,0.3242,False,False,0.5501,0.0652,1.2529
26,UNG,low,-8.0765,9835.38,-1.65,-20.69,19.05,-4.858,-3.952,42,0.405,1.95,0.0352,0.3242,False,False,0.5501,0.0652,1.2529
26,USO,low,-2.05,9890.7,-1.09,1.64,-2.73,-3.501,-2.489,41,0.415,1.61,0.0346,0.3242,False,False,0.5501,0.0652,1.2529
26,XBI,low,-3.3264,9955.62,-0.44,-4.04,3.6,-11.118,-9.002,40,0.4,0.48,0.0343,0.3242,False,False,0.5501,0.0652,1.2529
26,XLE,low,1.4679,10111.32,1.11,-1.14,2.25,5.646,6.418,41,0.585,0.97,0.0154,0.3242,False,False,0.5501,0.0652,1.2529
27,AAPL,low,-0.7312,9986.44,-0.14,-3.4,3.26,-1.622,-1.552,40,0.5,0.51,0.0109,0.3235,False,False,0.3428,0.2973,0.873
27,ARKK,low,-1.3948,9894.33,-1.06,5.88,-6.94,-10.318,-7.57,43,0.395,1.25,0.0374,0.3235,False,False,0.3428,0.2973,0.873
27,GLD,low,-0.8211,9992.62,-0.07,-0.15,0.08,-4.022,-3.6,38,0.395,0.14,0.0015,0.3235,False,False,0.3428,0.2973,0.873
27,IWM,low,-0.0311,9989.13,-0.11,5.59,-5.7,-1.828,-1.101,40,0.5,0.28,0.0231,0.3235,False,False,0.3428,0.2973,0.873
27,KRE,low,-2.3572,9993.76,-0.06,-6.88,6.82,-0.557,-0.5,40,0.525,0.89,0.0214,0.3235,False,False,0.3428,0.2973,0.873
27,NFLX,low,-2.6493,9997.62,-0.02,-5.97,5.94,-0.395,-0.441,40,0.425,0.23,0.025,0.3235,False,False,0.3428,0.2973,0.873
27,NVDA,low,-1.1236,9978.15,-0.22,-1.6,1.38,-3.399,-2.68,41,0.463,0.26,0.0199,0.3235,False,False,0.3428,0.2973,0.873
27,PYPL,low,-1.0886,9973.0,-0.27,5.41,-5.68,-4.931,-4.659,41,0.463,0.33,0.0209,0.3235,False,False,0.3428,0.2973,0.873
27,QQQ,low,-1.8317,9984.55,-0.15,1.11,-1.26,-4.683,-3.552,40,0.375,0.25,0.0131,0.3235,False,False,0.3428,0.2973,0.873
27,SPY,low,-1.9536,9989.39,-0.11,-0.85,0.74,-5.841,-4.932,41,0.439,0.13,0.0145,0.3235,False,False,0.3428,0.2973,0.873
27,UNG,low,-6.7145,10036.73,0.37,-27.2,27.57,0.603,0.413,41,0.634,3.95,0.0372,0.3235,False,False,0.3428,0.2973,0.873
27,USO,low,-3.411,9994.23,-0.06,-7.78,7.73,-0.874,-1.054,41,0.488,0.39,0.0373,0.3235,False,False,0.3428,0.2973,0.873
27,XBI,low,-0.9959,9989.69,-0.1,-0.82,0.72,-3.331,-3.12,40,0.5,0.24,0.019,0.3235,False,False,0.3428,0.2973,0.873
27,XLE,low,-2.3816,9996.66,-0.03,4.59,-4.63,-0.569,-0.547,40,0.525,0.27,0.0107,0.3235,False,False,0.3428,0.2973,0.873
1,AAPL,low,-3.4574,9964.76,-0.35,-6.21,5.86,-6.231,-4.501,40,0.425,0.54,0.0233,0.3229,False,False,0.4345,0.2604,0.9158
1,ARKK,low,-3.2756,9994.95,-0.05,11.49,-11.54,-0.687,-0.529,40,0.525,0.32,0.0325,0.3229,False,False,0.4345,0.2604,0.9158
1,GLD,low,-2.2158,9996.45,-0.04,-3.76,3.73,-3.593,-3.354,39,0.462,0.08,0.0102,0.3229,False,False,0.4345,0.2604,0.9158
1,IWM,low,-2.6036,9966.07,-0.34,3.04,-3.38,-6.979,-6.363,41,0.463,0.37,0.0272,0.3229,False,False,0.4345,0.2604,0.9158
1,KRE,low,-1.0168,9996.29,-0.04,-2.29,2.25,-0.397,-0.355,41,0.537,0.23,0.0321,0.3229,False,False,0.4345,0.2604,0.9158
1,NFLX,low,-1.0047,9944.62,-0.55,11.61,-12.17,-3.109,-2.987,41,0.488,1.53,0.0322,0.3229,False,False,0.4345,0.2604,0.9158
1,NVDA,low,-4.1152,9945.59,-0.54,-8.33,7.78,-2.819,-2.309,41,0.561,1.37,0.0381,0.3229,False,False,0.4345,0.2604,0.9158
1,PYPL,low,-0.2092,9938.02,-0.62,-6.94,6.32,-5.799,-3.767,41,0.317,0.88,0.0271,0.3229,False,False,0.4345,0.2604,0.9158
1,QQQ,low,-2.7932,9981.55,-0.18,-4.94,4.76,-5.923,-6.053,40,0.375,0.28,0.0232,0.3229,False,False,0.4345,0.2604,0.9158
1,SPY,low,-1.9612,9987.09,-0.13,2.15,-2.28,-6.806,-5.369,39,0.41,0.16,0.0018,0.3229,False,False,0.4345,0.2604,0.9158
1,UNG,low,1.6027,9985.38,-0.15,19.49,-19.64,-1.109,-1.033,41,0.439,0.91,0.0354,0.3229,False,False,0.4345,0.2604,0.9158
1,USO,low,0.3782,10061.17,0.61,4.45,-3.84,3.318,3.863,40,0.55,0.41,0.0248,0.3229,False,False,0.4345,0.2604,0.9158
1,XBI,low,-2.4311,9966.03,-0.34,-3.4,3.06,-5.155,-3.668,40,0.4,0.64,0.0235,0.3229,False,False,0.4345,0.2604,0.9158
1,XLE,low,0.7888,9996.7,-0.03,10.43,-10.46,-0.592,-0.59,40,0.525,0.34,0.028,0.3229,False,False,0.4345,0.2604,0.9158
2,AAPL,low,-4.2767,9990.96,-0.09,-4.43,4.34,-1.191,-1.135,40,0.525,0.59,0.015,0.3222,False,False,0.5676,0.1023,1.1304
2,ARKK,low,1.3631,9930.92,-0.69,21.47,-22.16,-5.34,-3.611,42,0.429,0.87,0.0302,0.3222,False,False,0.5676,0.1023,1.1304
2,GLD,low,-2.2546,9983.49,-0.17,-0.99,0.82,-4.178,-4.144,39,0.436,0.26,0.0133,0.3222,False,False,0.5676,0.1023,1.1304
2,IWM,low,-0.3615,9983.52,-0.16,6.53,-6.69,-5.383,-3.949,40,0.45,0.31,0.0169,0.3222,False,False,0.5676,0.1023,1.1304
2,KRE,low,-0.3896,9963.88,-0.36,9.06,-9.42,-4.075,-4.319,40,0.55,0.63,0.0264,0.3222,False,False,0.5676,0.1023,1.1304
2,NFLX,low,5.7197,10008.28,0.08,32.68,-32.59,0.342,0.303,41,0.585,1.73,0.0371,0.3222,False,False,0.5676,0.1023,1.1304
2,NVDA,low,-2.1294,9955.7,-0.44,-0.84,0.4,-7.946,-5.677,40,0.325,0.54,0.0327,0.3222,False,False,0.5676,0.1023,1.1304
2,PYPL,low,-3.7691,9948.88,-0.51,4.49,-5.0,-7.85,-5.429,41,0.439,0.51,0.0346,0.3222,False,False,0.5676,0.1023,1.1304
2,QQQ,low,-2.355,9989.26,-0.11,3.18,-3.29,-7.48,-7.22,40,0.375,0.15,0.0112,0.3222,False,False,0.5676,0.1023,1.1304
2,SPY,low,-1.7579,9976.39,-0.24,-2.02,1.78,-8.07,-5.299,39,0.333,0.25,0.0073,0.3222,False,False,0.5676,0.1023,1.1304
2,UNG,low,-1.2734,9942.77,-0.57,-0.26,-0.31,-3.246,-2.918,42,0.31,1.49,0.0379,0.3222,False,False,0.5676,0.1023,1.1304
2,USO,low,1.3068,9951.06,-0.49,-12.02,11.53,-4.102,-3.547,41,0.439,0.86,0.0324,0.3222,False,False,0.5676,0.1023,1.1304
2,XBI,low,-0.6434,9995.33,-0.05,0.46,-0.5,-0.492,-0.421,40,0.65,0.51,0.0216,0.3222,False,False,0.5676,0.1023,1.1304
2,XLE,low,-2.834,10025.31,0.25,-8.16,8.41,1.111,1.531,41,0.488,0.8,0.0228,0.3222,False,False,0.5676,0.1023,1.1304
3,AAPL,low,3.5364,10176.59,1.77,-6.17,7.94,10.28,13.878,40,0.675,0.4,0.0152,0.3216,False,False,0.4236,1.2895,0.8933
3,ARKK,low,-0.1858,9954.13,-0.46,7.36,-7.82,-10.304,-7.592,41,0.39,0.48,0.0352,0.3216,False,False,0.4236,1.2895,0.8933
3,GLD,low,-1.7,9986.88,-0.13,0.28,-0.41,-4.989,-3.389,39,0.256,0.15,0.007,0.3216,False,False,0.4236,1.2895,0.8933
3,IWM,low,-3.1657,9961.12,-0.39,1.57,-1.96,-9.082,-7.179,40,0.475,0.44,0.014,0.3216,False,False,0.4236,1.2895,0.8933
3,KRE,low,-1.7798,9962.51,-0.37,4.49,-4.86,-9.1,-7.728,41,0.22,0.39,0.0232,0.3216,False,False,0.4236,1.2895,0.8933
3,NFLX,low,-3.1119,9932.83,-0.67,3.53,-4.2,-10.428,-7.183,41,0.366,0.72,0.0212,0.3216,False,False,0.4236,1.2895,0.8933
3,NVDA,low,-0.184,9965.19,-0.35,10.02,-10.37,-6.654,-5.573,41,0.537,0.44,0.0396,0.3216,False,False,0.4236,1.2895,0.8933
3,PYPL,low,-1.5708,9980.14,-0.2,-1.01,0.81,-4.44,-3.334,39,0.462,0.25,0.017,0.3216,False,False,0.4236,1.2895,0.8933
3,QQQ,low,-1.4931,9990.8,-0.09,-0.31,0.22,-3.229,-2.616,39,0.385,0.12,0.014,0.3216,False,False,0.4236,1.2895,0.8933
3,SPY,low,-1.3883,9988.02,-0.12,-0.12,-0.0,-3.637,-2.855,40,0.275,0.2,0.0115,0.3216,False,False,0.4236,1.2895,0.8933
3,UNG,low,4.9677,10358.51,3.59,-16.5,20.09,5.845,4.965,43,0.581,2.52,0.0418,0.3216,False,False,0.4236,1.2895,0.8933
3,USO,low,-3.076,9995.98,-0.04,-7.05,7.01,-0.24,-0.249,41,0.415,1.04,0.0309,0.3216,False,False,0.4236,1.2895,0.8933
3,XBI,low,-3.4527,9972.29,-0.28,-9.7,9.42,-1.399,-1.208,41,0.512,0.93,0.0334,0.3216,False,False,0.4236,1.2895,0.8933
3,XLE,low,2.945,10106.21,1.06,5.72,-4.66,9.184,10.47,40,0.625,0.28,0.0128,0.3216,False,False,0.4236,1.2895,0.8933
4,AAPL,low,-1.5487,9989.61,-0.1,0.53,-0.63,-4.298,-4.086,41,0.366,0.12,0.0049,0.3209,False,False,0.7702,0.3049,1.7282
4,ARKK,low,-6.3119,9957.1,-0.43,19.77,-20.2,-5.549,-3.881,41,0.39,0.52,0.0317,0.3209,False,False,0.7702,0.3049,1.7282
4,GLD,low,-5.5945,9948.94,-0.51,2.79,-3.3,-17.913,-11.594,39,0.231,0.52,0.0057,0.3209,False,False,0.7702,0.3049,1.7282
4,IWM,low,0.264,9979.76,-0.2,-6.75,6.55,-2.366,-2.098,40,0.5,0.52,0.0203,0.3209,False,False,0.7702,0.3049,1.7282
4,KRE,low,3.6577,10143.0,1.43,9.09,-7.66,6.814,8.875,40,0.575,0.56,0.0227,0.3209,False,False,0.7702,0.3049,1.7282
4,NFLX,low,-1.3274,10025.96,0.26,-0.22,0.48,1.994,2.334,40,0.425,0.54,0.0215,0.3209,False,False,0.7702,0.3049,1.7282
4,NVDA,low,-0.1181,9985.99,-0.14,-4.26,4.12,-2.743,-2.219,41,0.463,0.33,0.0217,0.3209,False,False,0.7702,0.3049,1.7282
4,PYPL,low,-2.7941,9965.2,-0.35,-5.38,5.03,-3.516,-3.022,39,0.462,0.88,0.0273,0.3209,False,False,0.7702,0.3049,1.7282
4,QQQ,low,-2.7941,9981.37,-0.19,5.86,-6.05,-5.77,-5.439,40,0.275,0.26,0.0121,0.3209,False,False,0.7702,0.3049,1.7282
4,SPY,low,-1.9001,9988.89,-0.11,0.56,-0.67,-7.295,-6.09,39,0.41,0.17,0.0043,0.3209,False,False,0.7702,0.3049,1.7282
4,UNG,low,2.225,9891.5,-1.08,-23.67,22.58,-3.13,-3.251,43,0.372,2.32,0.0323,0.3209,False,False,0.7702,0.3049,1.7282
4,USO,low,-0.2205,9956.86,-0.43,8.98,-9.41,-5.384,-3.484,41,0.317,0.6,0.0301,0.3209,False,False,0.7702,0.3049,1.7282
4,XBI,low,-0.3612,9975.44,-0.25,7.03,-7.27,-5.324,-4.006,41,0.39,0.34,0.026,0.3209,False,False,0.7702,0.3049,1.7282
4,XLE,low,-1.7261,9977.09,-0.23,1.67,-1.9,-2.968,-2.147,40,0.5,0.55,0.0182,0.3209,False,False,0.7702,0.3049,1.7282
5,AAPL,low,-3.5429,9967.47,-0.33,6.64,-6.96,-8.414,-7.238,39,0.308,0.35,0.0059,0.3203,False,False,0.7083,1.3879,1.4116
5,ARKK,low,-3.6163,9872.51,-1.27,5.99,-7.26,-10.057,-8.5,43,0.372,1.52,0.0338,0.3203,False,False,0.7083,1.3879,1.4116
5,GLD,low,-0.6149,9984.85,-0.15,6.08,-6.23,-6.746,-4.551,41,0.439,0.2,0.0173,0.3203,False,False,0.7083,1.3879,1.4116
5,IWM,low,-1.7891,9969.91,-0.3,-2.39,2.09,-7.569,-5.781,41,0.439,0.36,0.031,0.3203,False,False,0.7083,1.3879,1.4116
5,KRE,low,-1.1564,9985.93,-0.14,2.06,-2.2,-3.01,-2.701,41,0.463,0.37,0.0252,0.3203,False,False,0.7083,1.3879,1.4116
5,NFLX,low,-3.4824,9964.56,-0.35,6.62,-6.98,-6.646,-4.253,40,0.5,0.48,0.0105,0.3203,False,False,0.7083,1.3879,1.4116
5,NVDA,low,-2.5398,9975.09,-0.25,7.1,-7.34,-1.742,-1.291,42,0.524,1.05,0.0414,0.3203,False,False,0.7083,1.3879,1.4116
5,PYPL,low,-2.3103,9969.05,-0.31,4.12,-4.43,-6.876,-6.064,41,0.415,0.46,0.0248,0.3203,False,False,0.7083,1.3879,1.4116
5,QQQ,low,-0.7238,9990.18,-0.1,-3.01,2.91,-2.279,-2.418,40,0.475,0.3,0.0071,0.3203,False,False,0.7083,1.3879,1.4116
5,SPY,low,-0.4914,9972.25,-0.28,4.25,-4.53,-4.867,-2.864,40,0.5,0.36,0.0044,0.3203,False,False,0.7083,1.3879,1.4116
5,UNG,low,-3.9371,9868.85,-1.31,11.9,-13.21,-4.742,-2.711,42,0.595,1.9,0.0421,0.3203,False,False,0.7083,1.3879,1.4116
5,USO,low,0.7269,9995.46,-0.05,12.95,-12.99,-0.498,-0.475,40,0.625,0.62,0.0235,0.3203,False,False,0.7083,1.3879,1.4116
5,XBI,low,1.2854,10020.39,0.2,0.74,-0.53,0.841,0.785,42,0.571,1.1,0.0345,0.3203,False,False,0.7083,1.3879,1.4116
5,XLE,low,-1.9344,9975.9,-0.24,-1.01,0.77,-3.172,-3.365,41,0.463,0.5,0.0202,0.3203,False,False,0.7083,1.3879,1.4116
6,AAPL,low,0.174,10052.11,0.52,2.62,-2.09,2.868,3.812,41,0.512,1.16,0.0151,0.3197,False,False,0.5515,0.0709,1.0303
6,ARKK,low,2.2091,9988.24,-0.12,20.64,-20.75,-1.796,-1.263,41,0.585,0.25,0.0445,0.3197,False,False,0.5515,0.0709,1.0303
6,GLD,low,-0.8036,9998.91,-0.01,1.06,-1.07,-0.484,-0.364,39,0.41,0.08,0.0063,0.3197,False,False,0.5515,0.0709,1.0303
6,IWM,low,-2.3538,9982.71,-0.17,0.06,-0.24,-4.793,-3.575,40,0.45,0.25,0.0004,0.3197,False,False,0.5515,0.0709,1.0303
6,KRE,low,2.6901,10004.93,0.05,19.43,-19.38,0.568,0.578,41,0.512,0.68,0.0407,0.3197,False,False,0.5515,0.0709,1.0303
6,NFLX,low,-0.9519,9986.81,-0.13,-2.39,2.26,-2.361,-1.966,40,0.425,0.25,0.0144,0.3197,False,False,0.5515,0.0709,1.0303
6,NVDA,low,-2.9011,9944.3,-0.56,1.14,-1.7,-8.746,-6.664,41,0.317,0.56,0.0315,0.3197,False,False,0.5515,0.0709,1.0303
6,PYPL,low,-2.1909,9874.46,-1.26,-1.15,-0.11,-8.143,-5.201,41,0.463,1.62,0.0463,0.3197,False,False,0.5515,0.0709,1.0303
6,QQQ,low,-2.5721,9917.93,-0.82,0.17,-0.99,-8.271,-5.531,41,0.512,0.92,0.0243,0.3197,False,False,0.5515,0.0709,1.0303
6,SPY,low,-1.2319,9964.15,-0.36,-2.9,2.54,-5.006,-3.382,42,0.476,0.62,0.0247,0.3197,False,False,0.5515,0.0709,1.0303
6,UNG,low,0.1458,9925.23,-0.75,-4.58,3.83,-2.569,-1.928,44,0.386,2.22,0.0409,0.3197,False,False,0.5515,0.0709,1.0303
6,USO,low,-2.1034,10005.61,0.06,5.19,-5.13,0.339,0.306,40,0.4,0.89,0.0232,0.3197,False,False,0.5515,0.0709,1.0303
6,XBI,low,-0.882,9971.11,-0.29,-4.57,4.28,-6.458,-5.281,41,0.39,0.3,0.0219,0.3197,False,False,0.5515,0.0709,1.0303
6,XLE,low,-0.2885,9991.41,-0.09,6.6,-6.69,-1.873,-1.683,40,0.4,0.25,0.0102,0.3197,False,False,0.5515,0.0709,1.0303
7,AAPL,low,-1.7762,9969.51,-0.3,-5.55,5.25,-1.796,-1.237,41,0.488,1.39,0.0381,0.319,False,False,0.4108,5.996,0.9411
7,ARKK,low,-0.8023,9977.62,-0.22,2.97,-3.19,-3.234,-2.982,41,0.439,0.47,0.0392,0.319,False,False,0.4108,5.996,0.9411
7,GLD,low,-3.4816,9988.44,-0.12,-6.48,6.37,-5.752,-4.746,39,0.359,0.15,0.0041,0.319,False,False,0.4108,5.996,0.9411
7,IWM,low,-2.2932,9974.68,-0.25,-0.69,0.44,-7.893,-5.893,40,0.325,0.3,0.0094,0.319,False,False,0.4108,5.996,0.9411
7,KRE,low,-1.7332,9960.85,-0.39,3.89,-4.28,-8.444,-5.628,40,0.475,0.46,0.0226,0.319,False,False,0.4108,5.996,0.9411
7,NFLX,low,-3.2698,10055.52,0.56,-2.51,3.07,1.814,2.643,41,0.463,1.09,0.0222,0.319,False,False,0.4108,5.996,0.9411
7,NVDA,low,0.6287,9984.46,-0.16,5.92,-6.07,-1.161,-1.032,41,0.415,0.71,0.0272,0.319,False,False,0.4108,5.996,0.9411
7,PYPL,low,-4.8254,9995.95,-0.04,14.42,-14.46,-0.185,-0.198,40,0.575,1.23,0.0296,0.319,False,False,0.4108,5.996,0.9411
7,QQQ,low,-2.3732,9976.38,-0.24,0.58,-0.82,-14.091,-10.951,41,0.415,0.24,0.0095,0.319,False,False,0.4108,5.996,0.9411
7,SPY,low,-2.5733,9972.25,-0.28,1.22,-1.49,-13.535,-9.579,40,0.325,0.28,0.0046,0.319,False,False,0.4108,5.996,0.9411
7,UNG,low,1.6968,9976.84,-0.23,18.81,-19.05,-4.308,-3.59,41,0.415,0.47,0.0373,0.319,False,False,0.4108,5.996,0.9411
7,USO,low,0.6633,10063.31,0.63,1.54,-0.91,5.441,7.072,40,0.55,0.38,0.0267,0.319,False,False,0.4108,5.996,0.9411
7,XBI,low,-0.2676,9976.03,-0.24,6.85,-7.09,-4.634,-4.099,41,0.488,0.41,0.0235,0.319,False,False,0.4108,5.996,0.9411
7,XLE,low,-2.3827,9987.01,-0.13,-3.96,3.83,-4.53,-4.306,41,0.341,0.26,0.02,0.319,False,False,0.4108,5.996,0.9411
8,AAPL,low,-4.5666,9932.43,-0.68,-9.46,8.79,-3.832,-3.311,41,0.463,1.16,0.0239,0.3184,False,False,0.4046,0.0731,0.9036
8,ARKK,low,-1.5627,9983.3,-0.17,1.47,-1.64,-1.898,-1.543,42,0.452,0.47,0.03,0.3184,False,False,0.4046,0.0731,0.9036
8,GLD,low,-1.182,10029.27,0.29,-0.94,1.23,4.853,6.932,40,0.4,0.19,0.0009,0.3184,False,False,0.4046,0.0731,0.9036
8,IWM,low,-2.657,9970.86,-0.29,-0.43,0.14,-4.144,-3.823,41,0.488,0.38,0.0125,0.3184,False,False,0.4046,0.0731,0.9036
8,KRE,low,2.9906,9796.59,-2.03,-19.66,17.63,-3.268,-1.839,44,0.545,3.33,0.0375,0.3184,False,False,0.4046,0.0731,0.9036
8,NFLX,low,-0.7515,9976.0,-0.24,-3.96,3.72,-3.26,-2.399,41,0.463,0.5,0.0337,0.3184,False,False,0.4046,0.0731,0.9036
8,NVDA,low,-2.9931,9921.76,-0.78,-1.07,0.29,-3.822,-3.437,41,0.585,1.48,0.0354,0.3184,False,False,0.4046,0.0731,0.9036
8,PYPL,low,-2.0695,10019.67,0.2,-7.75,7.94,1.749,1.779,41,0.463,0.51,0.0302,0.3184,False,False,0.4046,0.0731,0.9036
8,QQQ,low,-3.2012,9963.25,-0.37,5.58,-5.95,-3.327,-3.173,41,0.39,1.12,0.0271,0.3184,False,False,0.4046,0.0731,0.9036
8,SPY,low,-0.1805,10083.52,0.84,-3.32,4.16,5.683,9.061,40,0.5,0.5,0.0118,0.3184,False,False,0.4046,0.0731,0.9036
8,UNG,low,-0.0676,10004.09,0.04,0.18,-0.14,0.162,0.171,42,0.405,2.36,0.0436,0.3184,False,False,0.4046,0.0731,0.9036
8,USO,low,-2.0989,9990.11,-0.1,-3.46,3.36,-2.319,-2.411,40,0.475,0.28,0.0312,0.3184,False,False,0.4046,0.0731,0.9036
8,XBI,low,-4.0814,9976.68,-0.23,-8.2,7.97,-2.558,-2.733,41,0.488,0.54,0.0233,0.3184,False,False,0.4046,0.0731,0.9036
8,XLE,low,-2.7127,9985.08,-0.15,-2.61,2.46,-2.369,-2.031,40,0.35,0.3,0.0076,0.3184,False,False,0.4046,0.0731,0.9036
9,AAPL,low,4.4702,10143.29,1.43,-4.4,5.83,8.831,10.478,41,0.659,0.36,0.0208,0.3177,False,False,0.3988,0.051,0.8545
9,ARKK,low,-3.5879,10049.01,0.49,10.57,-10.08,2.219,2.628,41,0.488,0.83,0.0149,0.3177,False,False,0.3988,0.051,0.8545
9,GLD,low,-2.0784,9991.83,-0.08,1.52,-1.6,-5.963,-3.99,38,0.421,0.1,-0.0008,0.3177,False,False,0.3988,0.051,0.8545
9,IWM,low,-2.2862,9992.35,-0.08,1.82,-1.89,-1.254,-1.523,40,0.45,0.36,0.0097,0.3177,False,False,0.3988,0.051,0.8545
9,KRE,low,0.0514,10007.34,0.07,5.47,-5.39,2.272,2.475,41,0.415,0.14,0.0302,0.3177,False,False,0.3988,0.051,0.8545
9,NFLX,low,0.0218,10002.96,0.03,-6.74,6.77,0.251,0.287,40,0.525,0.63,0.0172,0.3177,False,False,0.3988,0.051,0.8545
9,NVDA,low,-4.1734,9974.2,-0.26,12.89,-13.15,-2.283,-2.309,41,0.439,0.75,0.0312,0.3177,False,False,0.3988,0.051,0.8545
9,PYPL,low,-0.4204,9989.13,-0.11,-6.48,6.37,-2.592,-2.299,40,0.475,0.37,0.0194,0.3177,False,False,0.3988,0.051,0.8545
9,QQQ,low,-0.2443,9982.57,-0.17,7.69,-7.86,-1.891,-1.904,40,0.475,0.63,0.0203,0.3177,False,False,0.3988,0.051,0.8545
9,SPY,low,2.1759,10047.37,0.47,-1.42,1.89,7.506,9.392,40,0.6,0.21,0.0,0.3177,False,False,0.3988,0.051,0.8545
9,UNG,low,-8.6406,9877.36,-1.23,30.74,-31.97,-9.542,-7.38,42,0.405,1.4,0.0398,0.3177,False,False,0.3988,0.051,0.8545
9,USO,low,-8.4038,10072.17,0.72,37.6,-36.88,2.291,1.802,41,0.585,1.32,0.0397,0.3177,False,False,0.3988,0.051,0.8545
9,XBI,low,-1.0588,9973.42,-0.27,-1.01,0.74,-4.925,-4.03,41,0.537,0.35,0.0339,0.3177,False,False,0.3988,0.051,0.8545
9,XLE,low,0.3217,10080.98,0.81,1.33,-0.52,4.192,5.019,40,0.65,0.84,0.0165,0.3177,False,False,0.3988,0.051,0.8545
10,AAPL,low,0.1899,9896.36,-1.04,-10.68,9.65,-6.007,-4.788,42,0.5,1.22,0.0261,0.3171,False,False,0.3551,0.0485,0.6269
10,ARKK,low,-4.7502,9941.17,-0.59,-11.55,10.96,-8.592,-6.982,41,0.463,0.65,0.0353,0.3171,False,False,0.3551,0.0485,0.6269
10,GLD,low,-1.3013,9987.52,-0.12,-1.94,1.81,-10.678,-9.145,40,0.25,0.14,-0.0025,0.3171,False,False,0.3551,0.0485,0.6269
10,IWM,low,0.496,9959.72,-0.4,11.98,-12.38,-5.681,-5.35,40,0.475,0.64,0.012,0.3171,False,False,0.3551,0.0485,0.6269
10,KRE,low,4.4359,9901.01,-0.99,19.84,-20.83,-2.57,-1.449,41,0.463,1.88,0.031,0.3171,False,False,0.3551,0.0485,0.6269
10,NFLX,low,1.4278,10086.8,0.87,0.12,0.75,3.708,3.5,41,0.61,0.8,0.0267,0.3171,False,False,0.3551,0.0485,0.6269
10,NVDA,low,-0.8798,9985.31,-0.15,7.4,-7.54,-1.891,-2.783,41,0.463,0.52,0.0241,0.3171,False,False,0.3551,0.0485,0.6269
10,PYPL,low,-4.3645,9967.11,-0.33,-11.23,10.9,-7.479,-6.594,41,0.341,0.37,0.0251,0.3171,False,False,0.3551,0.0485,0.6269
10,QQQ,low,-0.8391,9995.97,-0.04,-2.38,2.34,-0.651,-0.651,41,0.61,0.39,0.0133,0.3171,False,False,0.3551,0.0485,0.6269
10,SPY,low,0.6834,10097.99,0.98,1.02,-0.04,8.03,15.474,39,0.538,0.25,-0.0048,0.3171,False,False,0.3551,0.0485,0.6269
10,UNG,low,1.1521,10025.21,0.25,-1.8,2.05,0.539,0.476,42,0.524,2.19,0.0317,0.3171,False,False,0.3551,0.0485,0.6269
10,USO,low,-1.4501,9974.69,-0.25,-1.01,0.76,-2.239,-1.843,41,0.561,0.99,0.0248,0.3171,False,False,0.3551,0.0485,0.6269
10,XBI,low,-2.0987,9949.21,-0.51,0.39,-0.89,-5.589,-3.455,41,0.39,0.65,0.0166,0.3171,False,False,0.3551,0.0485,0.6269
10,XLE,low,0.0206,9987.4,-0.13,-5.58,5.45,-2.889,-2.032,41,0.512,0.33,0.0089,0.3171,False,False,0.3551,0.0485,0.6269
11,AAPL,low,1.2809,10059.06,0.59,0.7,-0.11,5.798,7.335,40,0.6,0.3,-0.0037,0.3165,False,False,0.4877,0.0812,1.0298
11,ARKK,low,-2.0953,9965.93,-0.34,-1.46,1.12,-6.946,-5.007,41,0.39,0.34,0.0304,0.3165,False,False,0.4877,0.0812,1.0298
11,GLD,low,-1.6942,9983.46,-0.17,1.61,-1.78,-9.87,-7.698,40,0.35,0.17,0.0075,0.3165,False,False,0.4877,0.0812,1.0298
11,IWM,low,-1.7301,9982.15,-0.18,1.01,-1.19,-7.583,-6.098,40,0.375,0.18,0.009,0.3165,False,False,0.4877,0.0812,1.0298
11,KRE,low,-2.7204,9981.75,-0.18,-3.24,3.06,-4.167,-4.01,41,0.39,0.32,0.0168,0.3165,False,False,0.4877,0.0812,1.0298
11,NFLX,low,-2.4961,9982.79,-0.17,-2.51,2.33,-1.66,-1.375,40,0.45,0.44,0.0185,0.3165,False,False,0.4877,0.0812,1.0298
11,NVDA,low,-0.2752,9990.41,-0.1,-5.46,5.37,-1.889,-1.754,40,0.575,0.34,0.0238,0.3165,False,False,0.4877,0.0812,1.0298
11,PYPL,low,-4.8806,9940.21,-0.6,-10.64,10.05,-3.22,-2.962,40,0.375,1.11,0.0203,0.3165,False,False,0.4877,0.0812,1.0298
11,QQQ,low,-0.6511,9989.34,-0.11,-2.19,2.08,-1.536,-1.175,41,0.537,0.38,0.0055,0.3165,False,False,0.4877,0.0812,1.0298
11,SPY,low,-0.9309,9977.5,-0.22,-0.87,0.64,-4.698,-2.792,39,0.436,0.34,-0.0019,0.3165,False,False,0.4877,0.0812,1.0298
11,UNG,low,-2.1918,10097.24,0.97,-7.54,8.51,3.295,3.011,42,0.619,1.56,0.0381,0.3165,False,False,0.4877,0.0812,1.0298
11,USO,low,-1.0608,10119.52,1.2,6.25,-5.06,5.749,10.171,41,0.585,0.36,0.0216,0.3165,False,False,0.4877,0.0812,1.0298
11,XBI,low,-1.9129,9950.27,-0.5,-1.36,0.86,-5.528,-3.993,41,0.463,0.7,0.0219,0.3165,False,False,0.4877,0.0812,1.0298
11,XLE,low,-2.3089,9985.39,-0.15,-2.35,2.2,-1.77,-1.816,40,0.475,0.46,0.0031,0.3165,False,False,0.4877,0.0812,1.0298
12,AAPL,low,-3.0666,10004.38,0.04,-6.22,6.27,0.242,0.186,41,0.537,0.72,0.0229,0.3158,False,False,0.4373,0.0437,0.9201
12,ARKK,low,-2.9986,9929.81,-0.7,-2.01,1.31,-6.857,-5.281,42,0.595,0.88,0.0359,0.3158,False,False,0.4373,0.0437,0.9201
12,GLD,low,-0.3891,10007.72,0.08,-2.65,2.72,1.8,1.654,40,0.475,0.22,-0.0015,0.3158,False,False,0.4373,0.0437,0.9201
12,IWM,low,-1.6008,9990.26,-0.1,3.76,-3.86,-2.233,-1.907,40,0.425,0.33,0.0065,0.3158,False,False,0.4373,0.0437,0.9201
12,KRE,low,-2.6872,9967.33,-0.33,-3.81,3.48,-5.367,-3.493,41,0.463,0.48,0.0168,0.3158,False,False,0.4373,0.0437,0.9201
12,NFLX,low,-2.0323,9957.19,-0.43,2.05,-2.48,-8.442,-5.58,40,0.475,0.53,0.0102,0.3158,False,False,0.4373,0.0437,0.9201
12,NVDA,low,0.2847,10009.09,0.09,6.15,-6.06,0.672,0.676,41,0.537,0.95,0.0124,0.3158,False,False,0.4373,0.0437,0.9201
12,PYPL,low,-4.2743,9985.53,-0.14,14.7,-14.84,-1.226,-1.126,40,0.525,0.67,0.0144,0.3158,False,False,0.4373,0.0437,0.9201
12,QQQ,low,-3.4321,9984.01,-0.16,8.35,-8.51,-4.186,-3.355,41,0.463,0.37,0.0143,0.3158,False,False,0.4373,0.0437,0.9201
12,SPY,low,-1.5201,10026.18,0.26,1.71,-1.45,2.482,2.265,39,0.513,0.45,0.002,0.3158,False,False,0.4373,0.0437,0.9201
12,UNG,low,-0.5808,9985.13,-0.15,3.79,-3.93,-0.73,-0.814,42,0.476,1.05,0.0299,0.3158,False,False,0.4373,0.0437,0.9201
12,USO,low,0.0615,10101.42,1.01,-6.85,7.86,4.974,6.158,40,0.675,0.63,0.0288,0.3158,False,False,0.4373,0.0437,0.9201
12,XBI,low,-2.537,9966.01,-0.34,-3.37,3.03,-6.274,-5.422,41,0.439,0.4,0.0289,0.3158,False,False,0.4373,0.0437,0.9201
12,XLE,low,-3.9418,9987.47,-0.13,12.58,-12.7,-3.296,-2.944,42,0.429,0.17,0.0191,0.3158,False,False,0.4373,0.0437,0.9201
13,AAPL,low,-4.1382,9959.48,-0.41,-4.26,3.85,-10.951,-9.094,41,0.439,0.44,0.0084,0.3152,False,False,0.6888,0.0798,1.3365
13,ARKK,low,-0.7206,10023.02,0.23,-3.33,3.56,1.081,1.081,40,0.525,1.55,0.0183,0.3152,False,False,0.6888,0.0798,1.3365
13,GLD,low,-0.9213,9996.51,-0.03,-0.19,0.15,-1.91,-1.472,39,0.487,0.1,-0.0067,0.3152,False,False,0.6888,0.0798,1.3365
13,IWM,low,-0.9532,9966.48,-0.34,-6.16,5.83,-11.634,-7.532,40,0.35,0.37,-0.0005,0.3152,False,False,0.6888,0.0798,1.3365
13,KRE,low,-1.1051,9959.06,-0.41,1.9,-2.31,-5.139,-4.13,41,0.341,0.52,0.0254,0.3152,False,False,0.6888,0.0798,1.3365
13,NFLX,low,-1.4998,9970.58,-0.29,-0.51,0.22,-2.989,-2.547,42,0.548,0.71,0.0169,0.3152,False,False,0.6888,0.0798,1.3365
13,NVDA,low,-0.467,9963.82,-0.36,9.74,-10.1,-4.494,-3.91,42,0.452,0.59,0.0197,0.3152,False,False,0.6888,0.0798,1.3365
13,PYPL,low,-0.9205,9977.98,-0.22,2.14,-2.36,-5.397,-3.862,41,0.366,0.27,0.0152,0.3152,False,False,0.6888,0.0798,1.3365
13,QQQ,low,-2.1225,9988.95,-0.11,-1.51,1.4,-4.13,-3.661,39,0.359,0.19,-0.0005,0.3152,False,False,0.6888,0.0798,1.3365
13,SPY,low,-0.878,9993.93,-0.06,-3.01,2.95,-4.099,-3.985,40,0.45,0.12,-0.0026,0.3152,False,False,0.6888,0.0798,1.3365
13,UNG,low,-0.9591,9968.54,-0.31,2.66,-2.98,-2.689,-2.067,43,0.465,0.89,0.0293,0.3152,False,False,0.6888,0.0798,1.3365
13,USO,low,-1.9763,9955.62,-0.44,0.91,-1.36,-7.115,-6.267,41,0.415,0.68,0.0307,0.3152,False,False,0.6888,0.0798,1.3365
13,XBI,low,-4.2352,9935.42,-0.65,-8.42,7.78,-5.327,-4.398,41,0.61,1.22,0.0261,0.3152,False,False,0.6888,0.0798,1.3365
13,XLE,low,-2.1538,9966.1,-0.34,-0.11,-0.23,-4.042,-3.598,42,0.381,0.9,0.0106,0.3152,False,False,0.6888,0.0798,1.3365
14,AAPL,low,-0.3812,9972.21,-0.28,-8.21,7.93,-1.803,-1.709,40,0.375,0.85,0.0107,0.3146,False,False,0.4179,0.0412,0.9403
14,ARKK,low,-0.3372,9961.18,-0.39,7.49,-7.88,-5.915,-4.998,41,0.39,0.57,0.0203,0.3146,False,False,0.4179,0.0412,0.9403
14,GLD,low,-2.9339,9980.9,-0.19,2.56,-2.75,-8.693,-5.753,40,0.375,0.22,0.0027,0.3146,False,False,0.4179,0.0412,0.9403
14,IWM,low,-1.9283,9995.11,-0.05,-4.12,4.07,-0.856,-0.822,41,0.463,0.38,0.0081,0.3146,False,False,0.4179,0.0412,0.9403
14,KRE,low,-2.1247,10028.88,0.29,-6.07,6.36,2.363,2.809,40,0.475,0.35,0.0118,0.3146,False,False,0.4179,0.0412,0.9403
14,NFLX,low,-0.8369,9985.65,-0.14,-4.08,3.94,-4.422,-3.566,40,0.55,0.23,0.0096,0.3146,False,False,0.4179,0.0412,0.9403
14,NVDA,low,0.3547,10159.34,1.59,6.42,-4.83,5.075,4.7,41,0.634,1.06,0.0247,0.3146,False,False,0.4179,0.0412,0.9403
14,PYPL,low,-0.421,9970.6,-0.29,7.43,-7.72,-6.288,-5.235,40,0.525,0.34,0.0124,0.3146,False,False,0.4179,0.0412,0.9403
14,QQQ,low,-0.5193,9995.36,-0.05,6.14,-6.19,-0.474,-0.403,39,0.513,0.37,0.0004,0.3146,False,False,0.4179,0.0412,0.9403
14,SPY,low,-2.0039,9997.89,-0.02,2.08,-2.1,-0.459,-0.527,39,0.436,0.3,-0.0107,0.3146,False,False,0.4179,0.0412,0.9403
14,UNG,low,0.7847,9865.15,-1.35,-13.96,12.61,-6.114,-3.387,41,0.463,1.47,0.0337,0.3146,False,False,0.4179,0.0412,0.9403
14,USO,low,-5.2534,9916.39,-0.84,15.93,-16.77,-4.52,-2.72,40,0.375,1.18,0.0303,0.3146,False,False,0.4179,0.0412,0.9403
14,XBI,low,-1.9848,9986.34,-0.14,-1.41,1.27,-3.432,-3.096,40,0.525,0.28,0.0178,0.3146,False,False,0.4179,0.0412,0.9403
14,XLE,low,0.216,9963.91,-0.36,14.91,-15.27,-4.647,-4.21,40,0.5,0.72,0.0185,0.3146,False,False,0.4179,0.0412,0.9403
15,AAPL,low,-1.6111,9988.79,-0.11,0.57,-0.69,-3.038,-2.403,41,0.512,0.27,0.0042,0.314,False,False,0.7293,0.0597,1.4036
15,ARKK,low,-1.825,9992.77,-0.07,2.04,-2.11,-0.475,-0.495,40,0.475,0.66,0.0117,0.314,False,False,0.7293,0.0597,1.4036
15,GLD,low,-1.0584,9987.73,-0.12,5.51,-5.63,-5.578,-4.937,40,0.45,0.14,0.007,0.314,False,False,0.7293,0.0597,1.4036
15,IWM,low,-0.9302,9959.76,-0.4,4.15,-4.55,-5.444,-4.247,41,0.585,0.71,0.0149,0.314,False,False,0.7293,0.0597,1.4036
15,KRE,low,-1.5316,9997.14,-0.03,2.1,-2.13,-0.316,-0.285,40,0.45,0.59,0.0165,0.314,False,False,0.7293,0.0597,1.4036
15,NFLX,low,-1.7005,9923.81,-0.76,1.96,-2.73,-6.918,-4.749,43,0.372,1.12,0.0286,0.314,False,False,0.7293,0.0597,1.4036
15,NVDA,low,0.4937,9943.69,-0.56,13.04,-13.6,-7.43,-5.068,42,0.405,0.71,0.0277,0.314,False,False,0.7293,0.0597,1.4036
15,PYPL,low,-0.0185,10043.36,0.43,-1.31,1.74,4.459,4.488,41,0.512,0.33,0.0078,0.314,False,False,0.7293,0.0597,1.4036
15,QQQ,low,-0.6354,9981.46,-0.19,-3.42,3.23,-8.304,-6.932,40,0.45,0.22,0.0027,0.314,False,False,0.7293,0.0597,1.4036
15,SPY,low,-1.8592,9995.35,-0.05,-1.44,1.4,-2.054,-1.666,40,0.45,0.16,0.0017,0.314,False,False,0.7293,0.0597,1.4036
15,UNG,low,0.5162,9906.01,-0.94,15.89,-16.83,-6.285,-4.453,42,0.405,1.39,0.0296,0.314,False,False,0.7293,0.0597,1.4036
15,USO,low,-1.5196,9922.89,-0.77,-4.23,3.46,-5.253,-4.075,41,0.585,1.04,0.0264,0.314,False,False,0.7293,0.0597,1.4036
15,XBI,low,-1.0793,9953.72,-0.46,-4.41,3.95,-4.872,-4.122,41,0.512,0.81,0.0107,0.314,False,False,0.7293,0.0597,1.4036
15,XLE,low,-1.2014,9965.73,-0.34,-5.01,4.67,-7.36,-5.028,40,0.475,0.45,0.008,0.314,False,False,0.7293,0.0597,1.4036
16,AAPL,low,-1.5518,9971.56,-0.28,-2.2,1.92,-9.758,-9.294,40,0.3,0.29,0.0062,0.3133,False,False,0.6654,0.0396,1.1079
16,ARKK,low,2.31,10022.29,0.22,-15.69,15.92,0.513,0.518,45,0.444,3.46,0.027,0.3133,False,False,0.6654,0.0396,1.1079
16,GLD,low,-2.0456,9993.46,-0.07,-1.66,1.59,-2.519,-2.988,40,0.4,0.15,-0.0108,0.3133,False,False,0.6654,0.0396,1.1079
16,IWM,low,-1.9545,9981.91,-0.18,-0.65,0.47,-3.756,-3.678,40,0.45,0.44,0.0008,0.3133,False,False,0.6654,0.0396,1.1079
16,KRE,low,-1.0818,9970.19,-0.3,-3.61,3.32,-7.619,-5.548,41,0.39,0.33,0.0148,0.3133,False,False,0.6654,0.0396,1.1079
16,NFLX,low,-2.2142,9998.36,-0.02,-2.47,2.45,-0.23,-0.245,41,0.415,0.42,0.0111,0.3133,False,False,0.6654,0.0396,1.1079
16,NVDA,low,-1.4965,9983.86,-0.16,-0.07,-0.09,-3.312,-2.772,40,0.3,0.38,0.006,0.3133,False,False,0.6654,0.0396,1.1079
16,PYPL,low,0.9689,9954.62,-0.45,-16.34,15.88,-6.702,-5.73,41,0.317,0.68,0.026,0.3133,False,False,0.6654,0.0396,1.1079
16,QQQ,low,-1.9485,9982.51,-0.17,2.88,-3.06,-8.637,-7.952,40,0.3,0.18,-0.0024,0.3133,False,False,0.6654,0.0396,1.1079
16,SPY,low,-0.9668,9973.42,-0.27,4.91,-5.17,-9.015,-5.685,40,0.4,0.29,0.0026,0.3133,False,False,0.6654,0.0396,1.1079
16,UNG,low,0.2563,10055.05,0.55,-6.36,6.91,1.977,1.908,40,0.425,0.98,0.0225,0.3133,False,False,0.6654,0.0396,1.1079
16,USO,low,-1.2777,9964.02,-0.36,6.4,-6.76,-7.389,-5.133,40,0.4,0.54,0.0184,0.3133,False,False,0.6654,0.0396,1.1079
16,XBI,low,-6.5468,9895.85,-1.04,12.63,-13.68,-11.336,-9.423,41,0.366,1.13,0.0324,0.3133,False,False,0.6654,0.0396,1.1079
16,XLE,low,-4.6554,9946.36,-0.54,13.3,-13.83,-13.736,-9.769,42,0.333,0.54,0.0212,0.3133,False,False,0.6654,0.0396,1.1079
17,AAPL,low,-4.0038,9983.82,-0.16,-9.6,9.43,-4.593,-4.418,39,0.462,0.25,0.0015,0.3127,False,False,0.46,0.157,1.0111
17,ARKK,low,-3.8153,9949.09,-0.51,-6.62,6.11,-3.889,-3.622,41,0.39,0.93,0.0159,0.3127,False,False,0.46,0.157,1.0111
17,GLD,low,-2.9397,9992.34,-0.08,0.12,-0.2,-1.329,-1.232,40,0.45,0.39,-0.0084,0.3127,False,False,0.46,0.157,1.0111
17,IWM,low,-0.0076,10001.71,0.02,6.68,-6.66,0.386,0.377,40,0.4,0.18,0.0088,0.3127,False,False,0.46,0.157,1.0111
17,KRE,low,-4.3457,10779.54,7.8,-26.65,34.44,8.906,16.053,41,0.61,1.62,0.0205,0.3127,False,False,0.46,0.157,1.0111
17,NFLX,low,0.8691,9978.75,-0.21,-7.31,7.1,-1.43,-0.95,41,0.585,0.8,0.0167,0.3127,False,False,0.46,0.157,1.0111
17,NVDA,low,-1.6766,9975.38,-0.25,0.35,-0.6,-2.307,-2.282,41,0.463,0.77,0.0203,0.3127,False,False,0.46,0.157,1.0111
17,PYPL,low,-0.5772,9942.87,-0.57,8.1,-8.68,-4.073,-2.784,42,0.5,0.92,0.0274,0.3127,False,False,0.46,0.157,1.0111
17,QQQ,low,-1.0977,9975.39,-0.25,-0.68,0.44,-5.034,-3.432,41,0.463,0.44,0.001,0.3127,False,False,0.46,0.157,1.0111
17,SPY,low,-1.2233,9990.32,-0.1,-2.5,2.41,-3.838,-3.327,40,0.5,0.16,0.0054,0.3127,False,False,0.46,0.157,1.0111
17,UNG,low,1.8229,10075.09,0.75,-13.76,14.51,1.644,1.971,42,0.571,1.68,0.0299,0.3127,False,False,0.46,0.157,1.0111
17,USO,low,-4.6194,10020.4,0.2,-12.38,12.58,0.984,1.153,41,0.537,0.75,0.0292,0.3127,False,False,0.46,0.157,1.0111
17,XBI,low,-0.9007,10054.52,0.55,3.93,-3.39,4.278,4.238,41,0.61,0.43,0.0247,0.3127,False,False,0.46,0.157,1.0111
17,XLE,low,-2.169,9949.57,-0.5,3.3,-3.81,-6.11,-3.841,41,0.366,0.61,0.0269,0.3127,False,False,0.46,0.157,1.0111
18,AAPL,low,-3.3737,9965.61,-0.34,6.3,-6.65,-5.734,-4.425,40,0.475,0.44,0.0206,0.3121,False,False,0.5932,0.1733,0.9962
18,ARKK,low,-5.9467,9967.2,-0.33,-18.08,17.75,-0.797,-0.685,43,0.651,1.74,0.0321,0.3121,False,False,0.5932,0.1733,0.9962
18,GLD,low,-0.6348,9968.63,-0.31,6.21,-6.52,-4.853,-2.891,40,0.575,0.44,0.0102,0.3121,False,False,0.5932,0.1733,0.9962
18,IWM,low,-2.0495,9997.41,-0.03,-3.3,3.27,-1.252,-1.44,40,0.425,0.1,0.0032,0.3121,False,False,0.5932,0.1733,0.9962
18,KRE,low,0.7835,10052.26,0.52,-1.83,2.35,4.492,5.716,40,0.55,0.33,0.0076,0.3121,False,False,0.5932,0.1733,0.9962
18,NFLX,low,-0.8993,9898.29,-1.02,14.34,-15.36,-10.444,-8.148,40,0.375,1.11,0.0275,0.3121,False,False,0.5932,0.1733,0.9962
18,NVDA,low,-3.313,10133.16,1.33,19.25,-17.92,5.084,5.077,41,0.488,1.49,0.0296,0.3121,False,False,0.5932,0.1733,0.9962
18,PYPL,low,-1.6027,9949.13,-0.51,-4.75,4.24,-6.428,-5.139,41,0.512,0.53,0.0211,0.3121,False,False,0.5932,0.1733,0.9962
18,QQQ,low,-0.3045,9985.21,-0.15,7.2,-7.35,-6.707,-5.038,41,0.415,0.21,0.0018,0.3121,False,False,0.5932,0.1733,0.9962
18,SPY,low,-2.1063,9984.83,-0.15,2.68,-2.83,-1.964,-1.607,40,0.45,0.45,0.0006,0.3121,False,False,0.5932,0.1733,0.9962
18,UNG,low,1.3634,9962.35,-0.38,18.01,-18.39,-3.592,-2.842,43,0.535,0.91,0.0268,0.3121,False,False,0.5932,0.1733,0.9962
18,USO,low,-0.5293,10016.41,0.16,3.04,-2.87,1.352,1.174,41,0.561,0.69,0.0266,0.3121,False,False,0.5932,0.1733,0.9962
18,XBI,low,0.2173,9982.77,-0.17,9.58,-9.75,-2.861,-2.662,40,0.575,0.4,0.02,0.3121,False,False,0.5932,0.1733,0.9962
18,XLE,low,0.9583,9941.02,-0.59,-6.2,5.61,-2.894,-1.728,39,0.564,0.93,0.0116,0.3121,False,False,0.5932,0.1733,0.9962
19,AAPL,low,-2.2713,9973.67,-0.26,0.09,-0.35,-3.397,-2.744,41,0.366,0.47,0.0246,0.3115,False,False,0.5675,0.0815,1.3413
19,ARKK,low,-4.3745,9954.96,-0.45,-7.62,7.17,-11.282,-8.719,39,0.487,0.53,0.0254,0.3115,False,False,0.5675,0.0815,1.3413
19,GLD,low,-1.5467,9952.11,-0.48,-3.51,3.04,-5.973,-3.95,40,0.45,0.49,0.0028,0.3115,False,False,0.5675,0.0815,1.3413
19,IWM,low,-1.9023,9963.02,-0.37,-0.61,0.24,-5.459,-3.909,41,0.293,0.55,0.0135,0.3115,False,False,0.5675,0.0815,1.3413
19,KRE,low,-1.7363,9956.42,-0.44,-1.14,0.7,-8.629,-5.564,41,0.341,0.48,0.0205,0.3115,False,False,0.5675,0.0815,1.3413
19,NFLX,low,-2.3864,9909.09,-0.91,-3.17,2.26,-5.469,-4.246,43,0.535,1.64,0.0306,0.3115,False,False,0.5675,0.0815,1.3413
19,NVDA,low,-1.4629,9951.03,-0.49,-3.59,3.1,-6.401,-5.515,42,0.429,0.64,0.0236,0.3115,False,False,0.5675,0.0815,1.3413
19,PYPL,low,-2.0845,9913.07,-0.87,2.0,-2.87,-5.32,-3.463,41,0.439,1.22,0.0279,0.3115,False,False,0.5675,0.0815,1.3413
19,QQQ,low,-0.9062,9990.79,-0.09,-2.95,2.85,-0.736,-0.676,41,0.537,0.65,0.015,0.3115,False,False,0.5675,0.0815,1.3413
19,SPY,low,-1.1522,9972.34,-0.28,-2.0,1.72,-8.149,-6.095,40,0.4,0.35,0.0163,0.3115,False,False,0.5675,0.0815,1.3413
19,UNG,low,-5.024,9925.95,-0.74,-12.21,11.47,-10.383,-6.024,42,0.5,0.97,0.0315,0.3115,False,False,0.5675,0.0815,1.3413
19,USO,low,-0.6017,9846.5,-1.53,-6.64,5.11,-9.701,-6.624,43,0.326,1.72,0.033,0.3115,False,False,0.5675,0.0815,1.3413
19,XBI,low,-2.1264,9987.43,-0.13,2.58,-2.71,-3.458,-3.664,41,0.463,0.28,0.0163,0.3115,False,False,0.5675,0.0815,1.3413
19,XLE,low,-2.6897,9972.69,-0.27,0.5,-0.77,-6.725,-5.192,41,0.463,0.44,0.0151,0.3115,False,False,0.5675,0.0815,1.3413
20,AAPL,low,-1.3574,9963.42,-0.37,-2.74,2.38,-6.196,-4.725,41,0.366,0.55,0.0125,0.3108,False,False,0.6479,0.2538,1.508
20,ARKK,low,0.5503,9899.18,-1.01,-11.71,10.7,-6.911,-6.412,42,0.5,1.17,0.0315,0.3108,False,False,0.6479,0.2538,1.508
20,GLD,low,-1.3008,10000.99,0.01,-0.45,0.46,0.753,1.069,39,0.308,0.07,-0.0067,0.3108,False,False,0.6479,0.2538,1.508
20,IWM,low,-2.2905,9987.65,-0.12,3.72,-3.84,-4.982,-4.464,40,0.475,0.2,0.0068,0.3108,False,False,0.6479,0.2538,1.508
20,KRE,low,-1.2182,9974.87,-0.25,-0.39,0.14,-3.787,-3.54,41,0.415,0.52,0.0153,0.3108,False,False,0.6479,0.2538,1.508
20,NFLX,low,-0.6354,9943.41,-0.57,-1.88,1.31,-3.419,-2.035,41,0.488,0.87,0.0148,0.3108,False,False,0.6479,0.2538,1.508
20,NVDA,low,-4.5479,9954.49,-0.46,-12.11,11.66,-1.616,-1.224,41,0.561,1.63,0.0336,0.3108,False,False,0.6479,0.2538,1.508
20,PYPL,low,-0.6495,9988.62,-0.11,11.93,-12.05,-0.686,-0.72,40,0.4,0.97,0.0212,0.3108,False,False,0.6479,0.2538,1.508
20,QQQ,low,-1.2297,9986.72,-0.13,-1.1,0.97,-3.121,-2.272,40,0.525,0.27,0.0019,0.3108,False,False,0.6479,0.2538,1.508
20,SPY,low,-2.3517,10001.49,0.01,-0.25,0.27,0.128,0.187,40,0.5,0.71,0.0089,0.3108,False,False,0.6479,0.2538,1.508
20,UNG,low,-4.6297,9828.92,-1.71,10.54,-12.25,-4.958,-3.064,42,0.452,3.3,0.0317,0.3108,False,False,0.6479,0.2538,1.508
20,USO,low,-3.9842,9916.86,-0.83,1.08,-1.91,-6.973,-5.297,40,0.575,0.96,0.0137,0.3108,False,False,0.6479,0.2538,1.508
20,XBI,low,-2.3489,9979.97,-0.2,5.08,-5.28,-3.687,-3.334,41,0.488,0.28,0.0226,0.3108,False,False,0.6479,0.2538,1.508
20,XLE,low,-1.0211,9951.24,-0.49,5.76,-6.25,-3.224,-2.571,41,0.488,1.15,0.0271,0.3108,False,False,0.6479,0.2538,1.508
21,AAPL,low,-1.7442,9988.4,-0.12,0.66,-0.77,-4.022,-4.256,40,0.4,0.18,0.0055,0.3102,False,False,0.5575,0.0943,1.0928
21,ARKK,low,-1.2796,9954.52,-0.45,6.29,-6.75,-5.622,-4.208,39,0.564,0.57,0.0217,0.3102,False,False,0.5575,0.0943,1.0928
21,GLD,low,-1.7359,9993.12,-0.07,-0.31,0.24,-4.833,-4.304,40,0.45,0.08,-0.0033,0.3102,False,False,0.5575,0.0943,1.0928
21,IWM,low,-1.8958,9992.27,-0.08,1.72,-1.79,-2.725,-2.144,39,0.487,0.16,0.0017,0.3102,False,False,0.5575,0.0943,1.0928
21,KRE,low,-1.8278,10035.58,0.36,3.31,-2.96,2.532,2.847,41,0.537,0.77,0.0155,0.3102,False,False,0.5575,0.0943,1.0928
21,NFLX,low,-1.4096,9937.57,-0.62,7.84,-8.47,-3.761,-2.556,42,0.381,1.08,0.0232,0.3102,False,False,0.5575,0.0943,1.0928
21,NVDA,low,-41.6294,9989.18,-0.11,-73.96,73.85,-2.175,-2.265,41,0.561,0.36,0.0237,0.3102,False,False,0.5575,0.0943,1.0928
21,PYPL,low,-2.6283,9978.22,-0.22,4.71,-4.93,-1.738,-1.58,40,0.375,0.6,0.0216,0.3102,False,False,0.5575,0.0943,1.0928
21,QQQ,low,-5.1769,9948.46,-0.52,8.35,-8.87,-5.587,-5.856,41,0.512,0.54,0.0102,0.3102,False,False,0.5575,0.0943,1.0928
21,SPY,low,-2.059,9987.67,-0.12,-1.92,1.8,-1.901,-2.49,40,0.475,0.47,0.0039,0.3102,False,False,0.5575,0.0943,1.0928
21,UNG,low,1.5642,9950.74,-0.49,22.09,-22.58,-3.987,-3.492,41,0.463,0.68,0.0321,0.3102,False,False,0.5575,0.0943,1.0928
21,USO,low,-1.2997,9988.64,-0.11,-2.4,2.29,-1.233,-1.236,41,0.415,0.54,0.025,0.3102,False,False,0.5575,0.0943,1.0928
21,XBI,low,-2.6167,9980.66,-0.19,-4.98,4.78,-7.572,-7.4,41,0.317,0.3,0.009,0.3102,False,False,0.5575,0.0943,1.0928
21,XLE,low,-3.9017,9975.41,-0.25,-1.27,1.02,-1.446,-1.421,41,0.512,1.19,0.0217,0.3102,False,False,0.5575,0.0943,1.0928
22,AAPL,low,-2.0432,9987.45,-0.13,-0.64,0.52,-2.329,-2.362,41,0.39,0.33,0.0024,0.3096,False,False,0.9753,0.0476,1.5881
22,ARKK,low,-3.3091,10015.49,0.15,-9.35,9.5,0.712,0.706,42,0.524,1.4,0.0304,0.3096,False,False,0.9753,0.0476,1.5881
22,GLD,low,-2.7993,9987.29,-0.13,2.14,-2.27,-5.967,-4.279,40,0.3,0.14,-0.0058,0.3096,False,False,0.9753,0.0476,1.5881
22,IWM,low,-1.9346,9962.07,-0.38,-2.8,2.42,-4.934,-3.054,40,0.525,0.73,0.0083,0.3096,False,False,0.9753,0.0476,1.5881
22,KRE,low,-0.6641,9957.95,-0.42,10.67,-11.09,-12.408,-9.017,40,0.325,0.5,0.0191,0.3096,False,False,0.9753,0.0476,1.5881
22,NFLX,low,-2.1774,10050.52,0.51,6.75,-6.24,2.368,2.062,41,0.512,1.02,0.0093,0.3096,False,False,0.9753,0.0476,1.5881
22,NVDA,low,0.3085,10009.73,0.1,-4.86,4.96,0.564,0.621,41,0.512,0.92,0.0149,0.3096,False,False,0.9753,0.0476,1.5881
22,PYPL,low,-3.5857,9960.29,-0.4,-1.18,0.78,-3.791,-3.864,40,0.375,0.7,0.0108,0.3096,False,False,0.9753,0.0476,1.5881
22,QQQ,low,-2.5052,9983.98,-0.16,-3.02,2.86,-5.976,-5.831,40,0.375,0.25,0.003,0.3096,False,False,0.9753,0.0476,1.5881
22,SPY,low,-2.5343,9978.63,-0.21,2.3,-2.51,-13.733,-9.506,39,0.385,0.24,-0.0017,0.3096,False,False,0.9753,0.0476,1.5881
22,UNG,low,-10.882,9856.02,-1.44,-17.96,16.52,-7.229,-4.158,43,0.419,1.6,0.0351,0.3096,False,False,0.9753,0.0476,1.5881
22,USO,low,-0.2253,9945.98,-0.54,4.12,-4.66,-3.923,-3.176,41,0.415,1.23,0.0255,0.3096,False,False,0.9753,0.0476,1.5881
22,XBI,low,-2.1842,9956.74,-0.43,-4.43,4.0,-6.767,-4.335,40,0.45,0.62,0.0101,0.3096,False,False,0.9753,0.0476,1.5881
22,XLE,low,1.209,9960.79,-0.39,16.0,-16.39,-3.251,-1.96,40,0.5,0.64,0.0147,0.3096,False,False,0.9753,0.0476,1.5881
23,AAPL,low,3.2665,10115.05,1.15,6.6,-5.45,11.218,12.742,40,0.55,0.23,0.0026,0.309,False,False,0.5634,0.0677,1.2447
23,ARKK,low,-0.6694,10137.94,1.38,-9.76,11.14,5.649,7.192,41,0.585,0.51,0.0141,0.309,False,False,0.5634,0.0677,1.2447
23,GLD,low,-2.0697,9981.1,-0.19,0.34,-0.53,-6.161,-4.316,40,0.4,0.25,-0.003,0.309,False,False,0.5634,0.0677,1.2447
23,IWM,low,-3.5674,9976.76,-0.23,-5.8,5.56,-5.902,-4.972,41,0.463,0.35,-0.0032,0.309,False,False,0.5634,0.0677,1.2447
23,KRE,low,-1.2536,9982.52,-0.17,0.77,-0.95,-5.198,-4.147,40,0.45,0.29,0.0119,0.309,False,False,0.5634,0.0677,1.2447
23,NFLX,low,-1.7475,9987.87,-0.12,-2.5,2.38,-1.019,-1.228,39,0.436,0.78,-0.0033,0.309,False,False,0.5634,0.0677,1.2447
23,NVDA,low,-3.5892,9930.89,-0.69,-8.22,7.53,-3.547,-2.526,42,0.476,1.11,0.0266,0.309,False,False,0.5634,0.0677,1.2447
23,PYPL,low,-3.0647,9996.46,-0.04,9.14,-9.18,-0.232,-0.229,40,0.55,1.03,0.0121,0.309,False,False,0.5634,0.0677,1.2447
23,QQQ,low,-1.1954,9977.49,-0.23,-3.92,3.69,-5.976,-5.424,40,0.45,0.37,-0.0005,0.309,False,False,0.5634,0.0677,1.2447
23,SPY,low,-1.4147,9980.47,-0.2,5.31,-5.51,-9.03,-7.636,41,0.39,0.23,-0.001,0.309,False,False,0.5634,0.0677,1.2447
23,UNG,low,-4.3444,9940.36,-0.6,-5.79,5.2,-5.582,-3.699,43,0.419,0.87,0.0243,0.309,False,False,0.5634,0.0677,1.2447
23,USO,low,-1.7359,9987.23,-0.13,1.39,-1.52,-2.822,-2.124,41,0.439,0.3,0.0199,0.309,False,False,0.5634,0.0677,1.2447
23,XBI,low,-1.2787,9984.12,-0.16,-2.37,2.21,-2.347,-1.969,40,0.475,0.28,0.0167,0.309,False,False,0.5634,0.0677,1.2447
23,XLE,low,1.5928,10201.63,2.02,0.42,1.59,7.78,10.265,41,0.634,0.88,0.0083,0.309,False,False,0.5634,0.0677,1.2447
24,AAPL,low,0.0969,9982.9,-0.17,9.57,-9.75,-2.589,-2.958,41,0.463,0.4,0.0135,0.3083,False,False,0.6444,0.0937,1.1717
24,ARKK,low,-0.9718,9914.31,-0.86,11.58,-12.44,-15.965,-12.016,42,0.333,0.92,0.0222,0.3083,False,False,0.6444,0.0937,1.1717
24,GLD,low,-2.2508,9987.04,-0.13,2.96,-3.09,-1.931,-1.734,40,0.5,0.31,-0.0126,0.3083,False,False,0.6444,0.0937,1.1717
24,IWM,low,0.9851,10091.31,0.91,-0.71,1.62,5.758,6.99,40,0.55,0.64,0.0067,0.3083,False,False,0.6444,0.0937,1.1717
24,KRE,low,-1.5262,9995.56,-0.04,0.39,-0.44,-0.461,-0.406,41,0.512,0.51,0.0102,0.3083,False,False,0.6444,0.0937,1.1717
24,NFLX,low,-1.1652,9967.74,-0.32,-1.94,1.62,-4.124,-3.365,40,0.55,0.46,0.0133,0.3083,False,False,0.6444,0.0937,1.1717
24,NVDA,low,-0.2807,9930.06,-0.7,-10.9,10.2,-10.788,-6.974,41,0.341,0.72,0.0157,0.3083,False,False,0.6444,0.0937,1.1717
24,PYPL,low,0.4527,10111.16,1.11,1.34,-0.23,3.635,4.301,40,0.625,0.95,0.0203,0.3083,False,False,0.6444,0.0937,1.1717
24,QQQ,low,-3.5576,9980.42,-0.2,6.02,-6.21,-10.015,-8.128,40,0.25,0.24,-0.0158,0.3083,False,False,0.6444,0.0937,1.1717
24,SPY,low,-2.547,9986.24,-0.14,2.72,-2.86,-3.47,-3.569,41,0.293,0.33,-0.0137,0.3083,False,False,0.6444,0.0937,1.1717
24,UNG,low,-5.2432,9939.9,-0.6,-13.96,13.35,-7.051,-5.949,43,0.349,0.7,0.0228,0.3083,False,False,0.6444,0.0937,1.1717
24,USO,low,-2.6136,9971.21,-0.29,3.69,-3.97,-3.916,-3.388,42,0.5,0.58,0.0152,0.3083,False,False,0.6444,0.0937,1.1717
24,XBI,low,-3.2735,9964.78,-0.35,3.71,-4.06,-8.62,-7.937,41,0.317,0.47,0.0057,0.3083,False,False,0.6444,0.0937,1.1717
24,XLE,low,-1.4037,9984.99,-0.15,1.39,-1.54,-6.701,-5.925,40,0.325,0.22,-0.0075,0.3083,False,False,0.6444,0.0937,1.1717
25,AAPL,low,0.5641,9943.63,-0.56,9.45,-10.02,-5.497,-3.863,41,0.463,0.75,0.0107,0.3077,False,False,0.5467,0.1215,1.2372
25,ARKK,low,-1.376,10188.12,1.88,16.37,-14.49,5.561,6.04,41,0.561,1.23,0.0112,0.3077,False,False,0.5467,0.1215,1.2372
25,GLD,low,-2.4881,9978.94,-0.21,-1.71,1.5,-7.488,-5.762,41,0.268,0.33,-0.0174,0.3077,False,False,0.5467,0.1215,1.2372
25,IWM,low,-1.5813,10020.88,0.21,-1.65,1.86,1.087,1.284,40,0.5,0.69,-0.0011,0.3077,False,False,0.5467,0.1215,1.2372
25,KRE,low,-1.6107,9986.22,-0.14,1.0,-1.14,-3.179,-2.752,41,0.439,0.23,0.0035,0.3077,False,False,0.5467,0.1215,1.2372
25,NFLX,low,-0.0896,9982.99,-0.17,-4.08,3.91,-2.287,-1.758,41,0.341,0.41,0.0025,0.3077,False,False,0.5467,0.1215,1.2372
25,NVDA,low,-4.3486,9996.26,-0.04,14.73,-14.76,-0.091,-0.094,43,0.581,1.35,0.0158,0.3077,False,False,0.5467,0.1215,1.2372
25,PYPL,low,-2.5673,9994.24,-0.06,0.03,-0.08,-0.372,-0.492,40,0.425,0.83,-0.0057,0.3077,False,False,0.5467,0.1215,1.2372
25,QQQ,low,-1.2998,9989.68,-0.1,2.53,-2.63,-4.313,-3.993,41,0.463,0.16,-0.0185,0.3077,False,False,0.5467,0.1215,1.2372
25,SPY,low,-2.4164,9988.02,-0.12,3.65,-3.77,-1.996,-1.388,40,0.45,0.42,-0.0246,0.3077,False,False,0.5467,0.1215,1.2372
25,UNG,low,-1.8647,9822.87,-1.77,-5.21,3.44,-6.183,-3.531,45,0.422,2.0,0.0222,0.3077,False,False,0.5467,0.1215,1.2372
25,USO,low,-5.1811,9967.37,-0.33,13.04,-13.37,-1.742,-1.168,41,0.537,1.17,0.0009,0.3077,False,False,0.5467,0.1215,1.2372
25,XBI,low,-1.1482,9963.98,-0.36,-4.68,4.32,-9.384,-7.067,41,0.537,0.49,0.003,0.3077,False,False,0.5467,0.1215,1.2372
25,XLE,low,-1.8184,9931.72,-0.68,0.07,-0.75,-5.749,-3.858,40,0.525,0.83,0.0048,0.3077,False,False,0.5467,0.1215,1.2372
26,AAPL,low,-1.1386,9971.65,-0.28,3.37,-3.65,-7.376,-5.778,41,0.488,0.34,0.0001,0.3071,False,False,0.6099,0.0493,1.0505
26,ARKK,low,-1.7172,9830.66,-1.69,-11.8,10.11,-9.278,-7.743,41,0.39,2.14,0.0106,0.3071,False,False,0.6099,0.0493,1.0505
26,GLD,low,-1.5524,9997.15,-0.03,0.12,-0.14,-1.723,-1.664,39,0.436,0.12,-0.0246,0.3071,False,False,0.6099,0.0493,1.0505
26,IWM,low,-2.3254,9971.05,-0.29,3.55,-3.84,-5.801,-5.322,40,0.5,0.38,-0.0109,0.3071,False,False,0.6099,0.0493,1.0505
26,KRE,low,-1.3361,9980.58,-0.19,0.06,-0.25,-2.907,-1.888,40,0.4,0.27,-0.0013,0.3071,False,False,0.6099,0.0493,1.0505
26,NFLX,low,-0.848,9910.93,-0.89,-5.3,4.41,-4.734,-2.928,40,0.5,1.1,0.0044,0.3071,False,False,0.6099,0.0493,1.0505
26,NVDA,low,-3.7486,9970.05,-0.3,10.07,-10.37,-5.471,-5.246,41,0.439,0.33,0.0037,0.3071,False,False,0.6099,0.0493,1.0505
26,PYPL,low,4.45,10250.81,2.51,-11.18,13.69,6.397,7.406,40,0.6,1.03,0.0133,0.3071,False,False,0.6099,0.0493,1.0505
26,QQQ,low,-4.3737,9949.01,-0.51,-9.48,8.97,-7.071,-4.873,41,0.512,0.57,0.0066,0.3071,False,False,0.6099,0.0493,1.0505
26,SPY,low,-1.0383,9989.95,-0.1,-4.41,4.31,-5.014,-4.602,40,0.425,0.14,-0.0145,0.3071,False,False,0.6099,0.0493,1.0505
26,UNG,low,-0.0404,9944.08,-0.56,-13.2,12.64,-8.276,-7.026,42,0.381,0.63,0.0145,0.3071,False,False,0.6099,0.0493,1.0505
26,USO,low,-1.5521,9944.41,-0.56,5.68,-6.24,-3.592,-3.429,42,0.452,1.06,0.0053,0.3071,False,False,0.6099,0.0493,1.0505
26,XBI,low,0.2495,10071.94,0.72,3.71,-3.0,5.107,6.512,41,0.61,0.75,0.0072,0.3071,False,False,0.6099,0.0493,1.0505
26,XLE,low,0.8324,10006.21,0.06,9.16,-9.1,0.351,0.336,41,0.585,1.33,0.0087,0.3071,False,False,0.6099,0.0493,1.0505
27,AAPL,low,-0.8775,9966.43,-0.34,9.71,-10.04,-11.993,-8.654,41,0.39,0.35,-0.005,0.3065,False,False,0.4271,0.0309,0.6329
27,ARKK,low,0.7281,9897.46,-1.03,-17.32,16.29,-5.633,-5.28,43,0.442,1.32,0.0076,0.3065,False,False,0.4271,0.0309,0.6329
27,GLD,low,-1.3376,10021.37,0.21,1.91,-1.69,3.482,4.607,40,0.425,0.27,-0.022,0.3065,False,False,0.4271,0.0309,0.6329
27,IWM,low,-1.7195,9992.02,-0.08,-1.29,1.21,-1.634,-1.803,41,0.439,0.27,-0.0084,0.3065,False,False,0.4271,0.0309,0.6329
27,KRE,low,-2.3526,9975.68,-0.24,3.91,-4.15,-1.357,-1.372,41,0.537,1.03,0.0096,0.3065,False,False,0.4271,0.0309,0.6329
27,NFLX,low,-0.8678,9955.05,-0.45,9.21,-9.66,-15.798,-11.573,42,0.381,0.46,-0.0078,0.3065,False,False,0.4271,0.0309,0.6329
27,NVDA,low,-0.4077,9934.02,-0.66,6.03,-6.69,-4.316,-2.669,43,0.488,1.26,0.0054,0.3065,False,False,0.4271,0.0309,0.6329
27,PYPL,low,1.2734,9980.93,-0.19,-9.81,9.62,-2.542,-2.034,41,0.585,0.37,-0.0039,0.3065,False,False,0.4271,0.0309,0.6329
27,QQQ,low,-1.3518,9994.6,-0.05,-0.58,0.52,-1.95,-2.2,40,0.475,0.11,-0.0213,0.3065,False,False,0.4271,0.0309,0.6329
27,SPY,low,-1.7424,10004.31,0.04,3.13,-3.09,0.629,0.687,41,0.463,0.39,-0.0127,0.3065,False,False,0.4271,0.0309,0.6329
27,UNG,low,-8.2968,9996.63,-0.03,38.88,-38.91,-0.306,-0.251,43,0.488,0.77,0.0095,0.3065,False,False,0.4271,0.0309,0.6329
27,USO,low,1.0649,10103.17,1.03,-9.8,10.83,2.812,5.477,40,0.525,1.17,0.0062,0.3065,False,False,0.4271,0.0309,0.6329
27,XBI,low,1.878,9978.26,-0.22,-16.3,16.08,-0.762,-0.794,42,0.5,1.54,0.0077,0.3065,False,False,0.4271,0.0309,0.6329
27,XLE,low,-2.745,9946.38,-0.54,3.16,-3.7,-10.319,-6.592,41,0.463,0.61,0.0033,0.3065,False,False,0.4271,0.0309,0.6329
28,AAPL,low,-1.3744,9997.95,-0.02,0.02,-0.04,-0.796,-0.762,41,0.39,0.08,-0.0177,0.3059,False,False,0.5401,0.3551,1.1666
28,ARKK,low,-3.8199,9987.69,-0.12,6.18,-6.3,-1.866,-1.911,40,0.5,0.45,0.002,0.3059,False,False,0.5401,0.3551,1.1666
28,GLD,low,-2.386,9979.46,-0.21,0.3,-0.51,-9.245,-6.571,40,0.425,0.22,-0.0123,0.3059,False,False,0.5401,0.3551,1.1666
28,IWM,low,-2.3077,9979.28,-0.21,-2.21,2.0,-5.724,-5.053,41,0.366,0.25,-0.0105,0.3059,False,False,0.5401,0.3551,1.1666
28,KRE,low,-3.1276,9969.13,-0.31,7.23,-7.54,-2.09,-1.84,40,0.5,0.74,-0.0131,0.3059,False,False,0.5401,0.3551,1.1666
28,NFLX,low,-2.7492,9958.82,-0.41,-5.63,5.22,-2.844,-2.088,40,0.45,0.95,0.0002,0.3059,False,False,0.5401,0.3551,1.1666
28,NVDA,low,-2.7705,10040.5,0.4,-5.75,6.15,2.672,3.601,40,0.5,0.49,-0.0022,0.3059,False,False,0.5401,0.3551,1.1666
28,PYPL,low,-1.2223,9980.9,-0.19,0.43,-0.62,-1.913,-1.743,41,0.415,0.46,-0.0096,0.3059,False,False,0.5401,0.3551,1.1666
28,QQQ,low,-1.0338,9990.61,-0.09,4.11,-4.2,-2.486,-2.201,40,0.35,0.17,-0.0153,0.3059,False,False,0.5401,0.3551,1.1666
28,SPY,low,-2.2484,9994.17,-0.06,-4.59,4.53,-3.175,-2.712,41,0.415,0.14,-0.0138,0.3059,False,False,0.5401,0.3551,1.1666
28,UNG,low,-0.8526,9961.2,-0.39,-3.32,2.93,-1.356,-0.825,42,0.643,1.65,0.0164,0.3059,False,False,0.5401,0.3551,1.1666
28,USO,low,0.5785,9994.31,-0.06,10.16,-10.21,-0.392,-0.309,41,0.537,1.03,-0.0013,0.3059,False,False,0.5401,0.3551,1.1666
28,XBI,low,2.7212,10201.21,2.01,-4.42,6.43,10.504,11.45,40,0.65,0.57,0.0015,0.3059,False,False,0.5401,0.3551,1.1666
28,XLE,low,-1.3185,9971.66,-0.28,-0.36,0.08,-4.193,-3.535,41,0.463,0.55,-0.009,0.3059,False,False,0.5401,0.3551,1.1666
29,AAPL,low,-2.3966,9990.17,-0.1,3.48,-3.57,-4.516,-3.865,41,0.39,0.11,-0.0153,0.3053,False,False,0.639,0.1274,1.3525
29,ARKK,low,-3.0276,9989.59,-0.1,-7.65,7.55,-0.901,-0.984,41,0.39,0.93,0.0011,0.3053,False,False,0.639,0.1274,1.3525
29,GLD,low,-1.7409,9977.77,-0.22,1.57,-1.79,-6.215,-5.458,41,0.39,0.23,-0.0069,0.3053,False,False,0.639,0.1274,1.3525
29,IWM,low,-1.3578,9966.18,-0.34,5.31,-5.65,-5.24,-4.299,40,0.475,0.5,-0.0074,0.3053,False,False,0.639,0.1274,1.3525
29,KRE,low,-3.1054,9981.95,-0.18,-1.33,1.15,-1.406,-1.633,41,0.39,0.84,0.0021,0.3053,False,False,0.639,0.1274,1.3525
29,NFLX,low,-1.2617,9970.41,-0.3,-3.92,3.63,-1.254,-1.542,40,0.55,1.38,0.0063,0.3053,False,False,0.639,0.1274,1.3525
29,NVDA,low,-2.6093,9938.97,-0.61,-0.68,0.07,-9.703,-7.809,42,0.31,0.67,0.0102,0.3053,False,False,0.639,0.1274,1.3525
29,PYPL,low,-3.1655,9892.17,-1.08,-1.31,0.23,-7.556,-6.461,41,0.537,1.22,0.0108,0.3053,False,False,0.639,0.1274,1.3525
29,QQQ,low,-2.5789,9983.43,-0.17,4.47,-4.63,-2.65,-2.8,41,0.463,0.48,-0.0098,0.3053,False,False,0.639,0.1274,1.3525
29,SPY,low,-1.6892,9985.07,-0.15,-0.03,-0.12,-5.287,-3.473,40,0.475,0.18,-0.0203,0.3053,False,False,0.639,0.1274,1.3525
29,UNG,low,1.2008,10113.46,1.13,8.01,-6.87,2.257,1.964,43,0.581,2.42,0.0173,0.3053,False,False,0.639,0.1274,1.3525
29,USO,low,0.9152,9961.23,-0.39,18.82,-19.21,-5.879,-5.3,41,0.415,0.53,0.0023,0.3053,False,False,0.639,0.1274,1.3525
29,XBI,low,-1.3457,9993.71,-0.06,0.05,-0.11,-1.873,-1.775,41,0.512,0.13,-0.0013,0.3053,False,False,0.639,0.1274,1.3525
29,XLE,low,-2.7776,9978.45,-0.22,-3.15,2.94,-2.421,-3.123,41,0.366,0.38,-0.0007,0.3053,False,False,0.639,0.1274,1.3525
30,AAPL,low,-1.3169,9987.78,-0.12,3.89,-4.01,-4.02,-3.16,40,0.575,0.24,-0.0099,0.3047,False,False,0.5666,0.298,1.1533
30,ARKK,low,-2.1146,9950.19,-0.5,-1.94,1.44,-7.142,-4.793,41,0.366,0.75,0.0083,0.3047,False,False,0.5666,0.298,1.1533
30,GLD,low,0.4191,9997.43,-0.03,7.6,-7.62,-1.119,-1.184,41,0.39,0.12,-0.0088,0.3047,False,False,0.5666,0.298,1.1533
30,IWM,low,-2.1363,9984.43,-0.16,1.56,-1.72,-5.852,-5.768,41,0.439,0.19,-0.0061,0.3047,False,False,0.5666,0.298,1.1533
30,KRE,low,-1.0589,9976.36,-0.24,-3.09,2.85,-5.021,-3.565,40,0.3,0.33,0.0034,0.3047,False,False,0.5666,0.298,1.1533
30,NFLX,low,-3.3065,9993.47,-0.07,-3.27,3.21,-0.654,-0.608,41,0.512,0.37,-0.011,0.3047,False,False,0.5666,0.298,1.1533
30,NVDA,low,0.9474,10047.2,0.47,-2.34,2.81,1.547,1.414,42,0.619,1.4,0.0164,0.3047,False,False,0.5666,0.298,1.1533
30,PYPL,low,-0.5392,9919.64,-0.8,-7.5,6.7,-4.381,-2.779,41,0.585,1.06,0.0059,0.3047,False,False,0.5666,0.298,1.1533
30,QQQ,low,-2.5395,9982.61,-0.17,3.71,-3.89,-7.949,-7.126,41,0.341,0.21,-0.0129,0.3047,False,False,0.5666,0.298,1.1533
30,SPY,low,-1.3839,9977.17,-0.23,-5.89,5.66,-4.179,-3.774,40,0.375,0.43,-0.008,0.3047,False,False,0.5666,0.298,1.1533
30,UNG,low,-5.5737,9915.32,-0.85,-16.27,15.43,-2.969,-2.206,42,0.548,1.54,0.0208,0.3047,False,False,0.5666,0.298,1.1533
30,USO,low,-0.1922,10126.97,1.27,-1.29,2.56,4.179,7.102,41,0.463,0.95,0.0079,0.3047,False,False,0.5666,0.298,1.1533
30,XBI,low,-6.1781,9945.07,-0.55,-12.6,12.05,-11.189,-9.962,41,0.512,0.55,0.0034,0.3047,False,False,0.5666,0.298,1.1533
30,XLE,low,-0.9319,9962.05,-0.38,-4.93,4.55,-8.85,-6.027,41,0.366,0.42,-0.0048,0.3047,False,False,0.5666,0.298,1.1533
31,AAPL,low,-0.7002,9986.12,-0.14,4.54,-4.68,-3.844,-2.682,40,0.5,0.17,-0.0142,0.3041,False,False,0.4171,0.0337,0.7398
31,ARKK,low,-0.573,9967.09,-0.33,-8.12,7.79,-3.016,-2.897,40,0.5,0.51,-0.0017,0.3041,False,False,0.4171,0.0337,0.7398
31,GLD,low,-3.5152,9990.6,-0.09,-3.55,3.46,-1.41,-1.271,40,0.475,0.24,-0.011,0.3041,False,False,0.4171,0.0337,0.7398
31,IWM,low,-1.7264,9991.41,-0.09,-0.47,0.39,-2.968,-2.89,41,0.488,0.13,-0.0173,0.3041,False,False,0.4171,0.0337,0.7398
31,KRE,low,-1.2561,9991.12,-0.09,-2.88,2.79,-1.455,-1.513,41,0.293,0.32,0.0018,0.3041,False,False,0.4171,0.0337,0.7398
31,NFLX,low,-2.6208,9999.94,-0.0,7.91,-7.91,0.008,0.01,39,0.41,0.62,-0.0077,0.3041,False,False,0.4171,0.0337,0.7398
31,NVDA,low,-3.745,9930.43,-0.7,-5.0,4.3,-10.209,-7.366,40,0.525,0.76,0.017,0.3041,False,False,0.4171,0.0337,0.7398
31,PYPL,low,-3.0667,10111.06,1.11,12.13,-11.01,6.088,6.75,40,0.625,0.52,0.0005,0.3041,False,False,0.4171,0.0337,0.7398
31,QQQ,low,0.876,10038.94,0.39,0.86,-0.47,2.882,3.017,40,0.625,0.73,-0.0152,0.3041,False,False,0.4171,0.0337,0.7398
31,SPY,low,-1.3957,9986.88,-0.13,3.03,-3.16,-5.879,-5.328,40,0.4,0.16,-0.016,0.3041,False,False,0.4171,0.0337,0.7398
31,UNG,low,-5.8231,9931.97,-0.68,-16.33,15.65,-4.904,-3.1,43,0.535,0.97,0.0157,0.3041,False,False,0.4171,0.0337,0.7398
31,USO,low,-1.1188,9953.54,-0.46,7.86,-8.32,-5.084,-4.512,40,0.425,0.54,-0.0006,0.3041,False,False,0.4171,0.0337,0.7398
31,XBI,low,-2.8731,9939.71,-0.6,0.04,-0.65,-12.852,-9.159,41,0.366,0.69,0.0059,0.3041,False,False,0.4171,0.0337,0.7398
31,XLE,low,-2.1011,9956.1,-0.44,0.43,-0.87,-5.253,-3.922,41,0.39,0.49,-0.0034,0.3041,False,False,0.4171,0.0337,0.7398
32,AAPL,low,-2.8847,9976.19,-0.24,2.1,-2.34,-6.021,-4.875,39,0.462,0.27,-0.0068,0.3035,False,False,0.516,0.0671,0.7678
32,ARKK,low,0.6797,9934.62,-0.65,-13.65,13.0,-8.82,-7.044,43,0.302,0.71,0.0085,0.3035,False,False,0.516,0.0671,0.7678
32,GLD,low,-2.8056,9985.92,-0.14,1.89,-2.03,-9.139,-7.167,39,0.282,0.14,-0.0193,0.3035,False,False,0.516,0.0671,0.7678
32,IWM,low,-1.9779,9991.64,-0.08,2.15,-2.24,-2.533,-2.435,40,0.35,0.3,-0.0162,0.3035,False,False,0.516,0.0671,0.7678
32,KRE,low,-4.3859,9961.42,-0.39,6.72,-7.11,-12.285,-8.555,40,0.5,0.43,-0.0109,0.3035,False,False,0.516,0.0671,0.7678
32,NFLX,low,-0.6241,9959.5,-0.41,3.57,-3.98,-3.213,-2.827,41,0.463,0.82,-0.0012,0.3035,False,False,0.516,0.0671,0.7678
32,NVDA,low,1.9056,10072.6,0.73,4.25,-3.52,3.38,3.493,40,0.55,0.91,-0.0031,0.3035,False,False,0.516,0.0671,0.7678
32,PYPL,low,-7.0744,9908.5,-0.91,-18.82,17.91,-2.841,-1.82,41,0.512,1.75,0.0055,0.3035,False,False,0.516,0.0671,0.7678
32,QQQ,low,-1.675,9985.14,-0.15,1.12,-1.27,-3.439,-2.896,40,0.5,0.28,-0.0167,0.3035,False,False,0.516,0.0671,0.7678
32,SPY,low,-0.7645,9993.97,-0.06,-1.05,0.99,-1.511,-1.594,40,0.425,0.25,-0.0246,0.3035,False,False,0.516,0.0671,0.7678
32,UNG,low,3.3681,9975.19,-0.25,25.09,-25.34,-1.987,-1.306,42,0.429,0.58,0.0084,0.3035,False,False,0.516,0.0671,0.7678
32,USO,low,-3.0856,10021.42,0.21,-14.02,14.24,1.745,1.599,42,0.5,0.96,0.0041,0.3035,False,False,0.516,0.0671,0.7678
32,XBI,low,-2.9053,9924.66,-0.75,-4.35,3.6,-8.992,-5.738,42,0.429,0.94,0.0127,0.3035,False,False,0.516,0.0671,0.7678
32,XLE,low,0.4077,10043.03,0.43,-3.4,3.83,1.546,1.794,41,0.537,1.83,0.0008,0.3035,False,False,0.516,0.0671,0.7678
33,AAPL,low,-0.5819,10125.88,1.26,5.65,-4.39,5.744,7.899,40,0.55,0.96,-0.0026,0.3028,False,False,0.4838,0.065,0.9868
33,ARKK,low,-0.1361,10011.33,0.11,-0.66,0.78,0.84,0.86,40,0.625,0.55,0.0026,0.3028,False,False,0.4838,0.065,0.9868
33,GLD,low,-2.3341,9990.16,-0.1,-1.32,1.22,-10.334,-8.525,40,0.425,0.12,-0.0218,0.3028,False,False,0.4838,0.065,0.9868
33,IWM,low,-0.4133,9999.25,-0.01,3.51,-3.51,-0.267,-0.236,40,0.425,0.13,-0.014,0.3028,False,False,0.4838,0.065,0.9868
33,KRE,low,-1.373,10059.68,0.6,4.76,-4.16,4.175,6.108,41,0.537,0.39,-0.0191,0.3028,False,False,0.4838,0.065,0.9868
33,NFLX,low,-3.2689,9982.94,-0.17,9.11,-9.28,-2.301,-2.012,41,0.561,0.6,-0.0016,0.3028,False,False,0.4838,0.065,0.9868
33,NVDA,low,-2.8145,9822.36,-1.78,5.79,-7.57,-3.606,-2.301,41,0.366,2.67,-0.0091,0.3028,False,False,0.4838,0.065,0.9868
33,PYPL,low,0.4682,10041.98,0.42,-0.1,0.52,2.357,2.454,41,0.585,0.58,-0.002,0.3028,False,False,0.4838,0.065,0.9868
33,QQQ,low,-2.5335,9969.03,-0.31,5.11,-5.42,-3.061,-1.989,41,0.488,0.66,-0.0112,0.3028,False,False,0.4838,0.065,0.9868
33,SPY,low,-5.3922,9969.28,-0.31,3.85,-4.15,-14.786,-12.943,40,0.325,0.31,-0.0234,0.3028,False,False,0.4838,0.065,0.9868
33,UNG,low,0.4442,10091.39,0.91,-6.2,7.11,2.45,2.986,41,0.512,1.26,0.0037,0.3028,False,False,0.4838,0.065,0.9868
33,USO,low,-3.2477,9981.41,-0.19,8.65,-8.84,-1.58,-1.332,40,0.525,0.82,-0.0001,0.3028,False,False,0.4838,0.065,0.9868
33,XBI,low,-2.3341,9981.28,-0.19,-4.1,3.91,-6.63,-5.363,41,0.341,0.21,-0.0073,0.3028,False,False,0.4838,0.065,0.9868
33,XLE,low,0.9381,10045.31,0.45,2.43,-1.98,2.767,3.018,40,0.5,0.67,-0.0111,0.3028,False,False,0.4838,0.065,0.9868
1,AAPL,low,-0.4054,9989.46,-0.11,1.81,-1.92,-2.473,-1.275,8,0.75,0.27,-0.022,0.3022,False,False,0.5598,0.0614,0.6731
1,ARKK,low,0.2208,9992.93,-0.07,3.2,-3.27,-2.095,-0.674,5,0.4,0.18,0.0303,0.3022,False,False,0.5598,0.0614,0.6731
1,GLD,low,1.3493,10098.33,0.98,1.76,-0.78,8.173,22.954,40,0.55,0.51,-0.0095,0.3022,False,False,0.5598,0.0614,0.6731
1,IWM,low,-1.4944,9986.94,-0.13,3.24,-3.37,-6.966,-2.946,5,0.2,0.16,0.0076,0.3022,False,False,0.5598,0.0614,0.6731
1,KRE,low,-0.3534,9984.35,-0.16,2.13,-2.29,-3.203,-1.12,7,0.571,0.48,-0.0202,0.3022,False,False,0.5598,0.0614,0.6731
1,NFLX,low,3.5961,9991.91,-0.08,25.84,-25.92,-1.016,-0.435,6,0.5,0.34,-0.002,0.3022,False,False,0.5598,0.0614,0.6731
1,NVDA,low,2.909,9985.35,-0.15,24.01,-24.16,-2.452,-0.97,5,0.6,0.34,0.0686,0.3022,False,False,0.5598,0.0614,0.6731
1,PYPL,low,-0.8213,9987.51,-0.12,1.55,-1.68,-2.383,-0.859,5,0.6,0.43,0.0494,0.3022,False,False,0.5598,0.0614,0.6731
1,QQQ,low,-0.5691,9992.28,-0.08,2.56,-2.64,-1.311,-0.864,20,0.6,0.31,-0.0249,0.3022,False,False,0.5598,0.0614,0.6731
1,SPY,low,-1.6449,9995.59,-0.04,3.75,-3.79,-1.182,-1.067,19,0.368,0.2,-0.0208,0.3022,False,False,0.5598,0.0614,0.6731
1,UNG,low,4.6937,9998.08,-0.02,33.92,-33.94,-0.35,-0.217,6,0.333,0.28,0.0002,0.3022,False,False,0.5598,0.0614,0.6731
1,USO,low,-4.0455,9948.5,-0.51,-11.92,11.41,-4.259,-2.091,21,0.524,1.12,0.0021,0.3022,False,False,0.5598,0.0614,0.6731
1,XBI,low,-0.0267,9990.42,-0.1,-0.34,0.25,-1.109,-0.346,5,0.6,0.55,0.0663,0.3022,False,False,0.5598,0.0614,0.6731
1,XLE,low,-0.4103,10065.0,0.65,8.61,-7.96,2.86,3.682,41,0.537,1.45,0.0027,0.3022,False,False,0.5598,0.0614,0.6731
2,AAPL,low,1.6549,9987.69,-0.12,-16.24,16.12,-0.263,-0.246,22,0.5,1.71,0.0069,0.3016,False,False,0.9484,0.0652,1.0803
2,ARKK,low,1.2944,10002.88,0.03,-8.81,8.84,0.315,0.228,12,0.5,0.42,-0.0084,0.3016,False,False,0.9484,0.0652,1.0803
2,GLD,low,-1.9893,9998.95,-0.01,4.45,-4.46,-0.202,-0.184,23,0.435,0.22,-0.0109,0.3016,False,False,0.9484,0.0652,1.0803
2,IWM,low,-1.3942,9995.26,-0.05,-2.27,2.22,-0.38,-0.393,38,0.553,0.46,-0.0044,0.3016,False,False,0.9484,0.0652,1.0803
2,KRE,low,-1.1411,9999.71,-0.0,4.33,-4.33,-0.129,-0.06,6,0.5,0.1,-0.0221,0.3016,False,False,0.9484,0.0652,1.0803
2,NFLX,low,-4.2571,9921.18,-0.79,14.14,-14.93,-7.55,-1.787,5,0.0,0.91,0.0789,0.3016,False,False,0.9484,0.0652,1.0803
2,NVDA,low,-1.8657,10044.18,0.44,10.57,-10.13,2.557,2.311,41,0.61,0.68,0.0063,0.3016,False,False,0.9484,0.0652,1.0803
2,PYPL,low,2.1774,9983.74,-0.16,-16.53,16.37,-1.667,-1.429,21,0.381,0.42,-0.009,0.3016,False,False,0.9484,0.0652,1.0803
2,QQQ,low,0.1563,10000.91,0.01,-0.04,0.05,0.161,0.129,22,0.5,0.28,-0.0142,0.3016,False,False,0.9484,0.0652,1.0803
2,SPY,low,-0.3847,9991.59,-0.08,1.5,-1.59,-7.194,-2.381,5,0.4,0.12,0.0176,0.3016,False,False,0.9484,0.0652,1.0803
2,UNG,low,-0.8019,9924.23,-0.76,1.34,-2.1,-3.232,-1.488,15,0.533,1.48,0.0085,0.3016,False,False,0.9484,0.0652,1.0803
2,USO,low,-0.7661,9951.64,-0.48,-0.93,0.45,-6.502,-2.248,5,0.4,0.68,-0.0027,0.3016,False,False,0.9484,0.0652,1.0803
2,XBI,low,-1.2458,9992.13,-0.08,-4.33,4.25,-1.797,-0.638,5,0.4,0.18,0.0282,0.3016,False,False,0.9484,0.0652,1.0803
2,XLE,low,0.8297,9982.95,-0.17,-5.55,5.38,-3.635,-1.349,5,0.6,0.4,0.0379,0.3016,False,False,0.9484,0.0652,1.0803
3,AAPL,low,-2.1607,9995.2,-0.05,9.36,-9.4,-1.777,-0.961,5,0.6,0.18,-0.0134,0.301,False,False,0.6913,0.1022,0.8219
3,ARKK,low,0.3067,9993.85,-0.06,-3.89,3.83,-2.259,-1.032,5,0.2,0.12,-0.014,0.301,False,False,0.6913,0.1022,0.8219
3,GLD,low,-0.477,10006.12,0.06,1.35,-1.29,0.788,0.722,39,0.59,0.35,-0.0051,0.301,False,False,0.6913,0.1022,0.8219
3,IWM,low,-0.8082,9991.86,-0.08,-2.11,2.03,-3.455,-1.403,5,0.4,0.17,0.0214,0.301,False,False,0.6913,0.1022,0.8219
3,KRE,low,-2.5992,9933.88,-0.66,3.85,-4.51,-10.215,-3.088,5,0.0,0.67,0.0705,0.301,False,False,0.6913,0.1022,0.8219
3,NFLX,low,0.1415,9964.08,-0.36,4.54,-4.9,-5.94,-1.95,5,0.4,0.4,-0.0026,0.301,False,False,0.6913,0.1022,0.8219
3,NVDA,low,-1.5919,10052.9,0.53,1.17,-0.64,1.826,2.232,40,0.4,2.1,0.0141,0.301,False,False,0.6913,0.1022,0.8219
3,PYPL,low,-0.3324,9972.83,-0.27,6.57,-6.84,-9.858,-5.062,5,0.2,0.33,0.0522,0.301,False,False,0.6913,0.1022,0.8219
3,QQQ,low,0.4674,9989.08,-0.11,6.74,-6.85,-3.167,-1.289,10,0.5,0.21,-0.0167,0.301,False,False,0.6913,0.1022,0.8219
3,SPY,low,-0.1242,10000.17,0.0,0.64,-0.64,0.181,0.12,5,0.2,0.06,-0.0166,0.301,False,False,0.6913,0.1022,0.8219
3,UNG,low,7.2214,10571.49,5.71,-21.33,27.05,8.28,11.899,41,0.585,1.58,0.0179,0.301,False,False,0.6913,0.1022,0.8219
3,USO,low,-1.9266,9999.07,-0.01,-8.81,8.8,-0.175,-0.085,5,0.4,0.2,-0.0053,0.301,False,False,0.6913,0.1022,0.8219
3,XBI,low,-0.574,9905.59,-0.94,1.67,-2.61,-7.058,-1.54,5,0.2,1.02,0.0788,0.301,False,False,0.6913,0.1022,0.8219
3,XLE,low,-0.925,9997.66,-0.02,-3.79,3.77,-0.429,-0.22,6,0.5,0.18,0.0036,0.301,False,False,0.6913,0.1022,0.8219
4,AAPL,low,-1.0293,9983.56,-0.16,-0.04,-0.13,-1.01,-0.841,40,0.475,1.03,0.0077,0.3004,False,False,0.5642,0.5517,0.9234
4,ARKK,low,0.2038,9963.59,-0.36,7.83,-8.19,-6.762,-2.24,5,0.2,0.41,0.0815,0.3004,False,False,0.5642,0.5517,0.9234
4,GLD,low,0.5591,10069.16,0.69,-2.0,2.69,6.86,8.221,40,0.55,0.25,-0.0011,0.3004,False,False,0.5642,0.5517,0.9234
4,IWM,low,1.0392,9995.96,-0.04,-6.6,6.56,-1.054,-0.521,10,0.3,0.23,-0.013,0.3004,False,False,0.5642,0.5517,0.9234
4,KRE,low,-1.9013,9968.22,-0.32,-6.14,5.82,-2.854,-1.403,11,0.545,0.9,0.0002,0.3004,False,False,0.5642,0.5517,0.9234
4,NFLX,low,0.9042,10041.73,0.42,6.77,-6.35,1.241,1.247,42,0.619,2.38,0.0181,0.3004,False,False,0.5642,0.5517,0.9234
4,NVDA,low,-1.894,9993.71,-0.06,-7.43,7.37,-1.005,-0.765,15,0.467,0.39,0.0037,0.3004,False,False,0.5642,0.5517,0.9234
4,PYPL,low,-2.4194,9985.21,-0.15,10.17,-10.32,-2.845,-0.746,5,0.4,0.35,0.0039,0.3004,False,False,0.5642,0.5517,0.9234
4,QQQ,low,-0.1064,9994.89,-0.05,-2.88,2.83,-1.016,-0.67,13,0.462,0.26,-0.0182,0.3004,False,False,0.5642,0.5517,0.9234
4,SPY,low,-0.5158,9997.92,-0.02,2.3,-2.32,-1.152,-0.409,5,0.4,0.08,-0.021,0.3004,False,False,0.5642,0.5517,0.9234
4,UNG,low,2.156,9903.02,-0.97,-17.79,16.82,-9.847,-2.795,5,0.2,1.11,0.0086,0.3004,False,False,0.5642,0.5517,0.9234
4,USO,low,1.7043,9980.92,-0.19,12.75,-12.94,-5.233,-1.78,5,0.4,0.27,-0.0051,0.3004,False,False,0.5642,0.5517,0.9234
4,XBI,low,-0.5283,9938.38,-0.62,-2.14,1.52,-11.671,-3.273,5,0.2,0.69,-0.0006,0.3004,False,False,0.5642,0.5517,0.9234
4,XLE,low,-0.7741,9988.56,-0.11,-0.15,0.03,-5.84,-2.615,5,0.4,0.15,-0.0151,0.3004,False,False,0.5642,0.5517,0.9234
5,AAPL,low,0.2629,9973.62,-0.26,8.51,-8.78,-10.777,-3.281,5,0.4,0.29,0.0721,0.2998,False,False,0.9147,0.181,1.0968
5,ARKK,low,-1.4468,9977.11,-0.23,-4.75,4.52,-2.216,-1.035,5,0.2,0.63,0.0716,0.2998,False,False,0.9147,0.181,1.0968
5,GLD,low,1.0003,10034.22,0.34,-0.72,1.07,6.301,7.754,40,0.5,0.11,-0.0076,0.2998,False,False,0.9147,0.181,1.0968
5,IWM,low,-1.4621,9985.45,-0.15,3.25,-3.4,-5.576,-2.263,5,0.0,0.2,-0.0211,0.2998,False,False,0.9147,0.181,1.0968
5,KRE,low,-0.83,9981.87,-0.18,0.29,-0.47,-3.168,-1.212,6,0.5,0.41,0.0028,0.2998,False,False,0.9147,0.181,1.0968
5,NFLX,low,-1.7885,9962.93,-0.37,2.63,-3.0,-2.482,-1.96,33,0.485,0.88,0.0179,0.2998,False,False,0.9147,0.181,1.0968
5,NVDA,low,-1.7233,10000.12,0.0,1.07,-1.07,0.028,0.027,31,0.323,0.57,0.0057,0.2998,False,False,0.9147,0.181,1.0968
5,PYPL,low,1.7503,9989.67,-0.1,-12.55,12.45,-1.582,-0.481,6,0.5,0.39,-0.0026,0.2998,False,False,0.9147,0.181,1.0968
5,QQQ,low,0.2673,9997.75,-0.02,2.06,-2.09,-0.976,-0.358,5,0.4,0.12,0.0518,0.2998,False,False,0.9147,0.181,1.0968
5,SPY,low,-0.8416,9999.99,-0.0,3.75,-3.75,0.001,0.001,6,0.333,0.18,-0.0198,0.2998,False,False,0.9147,0.181,1.0968
5,UNG,low,-6.5222,9907.34,-0.93,24.62,-25.55,-9.21,-2.12,5,0.0,0.93,0.0723,0.2998,False,False,0.9147,0.181,1.0968
5,USO,low,1.2496,9952.82,-0.47,-10.77,10.3,-8.08,-2.285,5,0.2,0.52,0.012,0.2998,False,False,0.9147,0.181,1.0968
5,XBI,low,-1.2958,9968.62,-0.31,2.35,-2.67,-3.037,-1.512,5,0.6,0.78,0.0722,0.2998,False,False,0.9147,0.181,1.0968
5,XLE,low,-0.0832,9946.54,-0.53,2.48,-3.02,-5.988,-1.472,5,0.2,0.67,0.0553,0.2998,False,False,0.9147,0.181,1.0968
6,AAPL,low,-2.6892,9974.64,-0.25,8.8,-9.05,-6.816,-2.444,5,0.2,0.25,-0.0088,0.2992,False,False,0.4378,0.318,0.5039
6,ARKK,low,1.7008,10040.9,0.41,10.35,-9.94,1.992,2.553,41,0.512,0.83,0.0104,0.2992,False,False,0.4378,0.318,0.5039
6,GLD,low,-0.1059,9999.39,-0.01,-1.85,1.85,-0.679,-0.324,5,0.4,0.07,-0.0153,0.2992,False,False,0.4378,0.318,0.5039
6,IWM,low,-0.3367,9998.16,-0.02,-0.78,0.76,-0.921,-0.393,6,0.333,0.11,-0.014,0.2992,False,False,0.4378,0.318,0.5039
6,KRE,low,-1.9185,9975.77,-0.24,6.35,-6.59,-6.6,-2.932,5,0.2,0.32,0.0006,0.2992,False,False,0.4378,0.318,0.5039
6,NFLX,low,-0.3008,9990.19,-0.1,-3.53,3.44,-1.98,-0.854,5,0.4,0.31,0.071,0.2992,False,False,0.4378,0.318,0.5039
6,NVDA,low,2.8135,9981.56,-0.18,-17.74,17.55,-3.576,-1.536,5,0.4,0.27,0.0077,0.2992,False,False,0.4378,0.318,0.5039
6,PYPL,low,-1.0052,9982.38,-0.18,2.76,-2.93,-3.675,-1.695,5,0.4,0.44,0.0273,0.2992,False,False,0.4378,0.318,0.5039
6,QQQ,low,-1.5939,9997.29,-0.03,-5.83,5.8,-0.682,-0.267,5,0.4,0.14,0.0219,0.2992,False,False,0.4378,0.318,0.5039
6,SPY,low,-1.1103,10003.47,0.03,-3.51,3.55,0.696,0.684,11,0.364,0.3,-0.0171,0.2992,False,False,0.4378,0.318,0.5039
6,UNG,low,-0.1231,9976.96,-0.23,-0.49,0.26,-2.106,-0.498,5,0.8,0.49,0.065,0.2992,False,False,0.4378,0.318,0.5039
6,USO,low,-0.8151,9999.7,-0.0,-4.79,4.78,-0.052,-0.019,5,0.8,0.36,0.076,0.2992,False,False,0.4378,0.318,0.5039
6,XBI,low,0.1959,10014.1,0.14,-0.77,0.92,2.378,0.768,5,0.4,0.25,0.0782,0.2992,False,False,0.4378,0.318,0.5039
6,XLE,low,0.202,9998.17,-0.02,-1.79,1.77,-0.663,-0.252,5,0.6,0.25,0.0786,0.2992,False,False,0.4378,0.318,0.5039
7,AAPL,low,-1.2938,9990.24,-0.1,3.11,-3.21,-3.416,-0.995,5,0.6,0.2,0.0253,0.2986,False,False,1.3528,2.2079,1.7873
7,ARKK,low,-0.2184,9963.78,-0.36,-1.02,0.66,-1.701,-0.675,10,0.5,1.52,0.0178,0.2986,False,False,1.3528,2.2079,1.7873
7,GLD,low,-0.1385,9999.76,-0.0,0.23,-0.24,-0.141,-0.07,5,0.4,0.11,-0.0171,0.2986,False,False,1.3528,2.2079,1.7873
7,IWM,low,-0.3482,9984.27,-0.16,-1.55,1.4,-5.129,-2.062,5,0.4,0.23,0.0579,0.2986,False,False,1.3528,2.2079,1.7873
7,KRE,low,-0.8362,9999.66,-0.0,3.44,-3.45,-0.038,-0.014,5,0.6,0.31,0.0789,0.2986,False,False,1.3528,2.2079,1.7873
7,NFLX,low,-1.3094,9989.78,-0.1,-2.66,2.56,-0.952,-0.597,18,0.444,0.79,0.0022,0.2986,False,False,1.3528,2.2079,1.7873
7,NVDA,low,0.5219,9973.06,-0.27,-3.83,3.56,-2.768,-1.0,5,0.4,0.52,0.0722,0.2986,False,False,1.3528,2.2079,1.7873
7,PYPL,low,-0.2735,9988.6,-0.11,1.9,-2.01,-2.522,-0.987,5,0.6,0.3,0.0502,0.2986,False,False,1.3528,2.2079,1.7873
7,QQQ,low,-0.5105,9993.84,-0.06,-0.74,0.68,-1.593,-0.556,5,0.2,0.24,-0.0098,0.2986,False,False,1.3528,2.2079,1.7873
7,SPY,low,0.7327,9992.8,-0.07,5.19,-5.27,-2.281,-0.999,5,0.4,0.18,0.0529,0.2986,False,False,1.3528,2.2079,1.7873
7,UNG,low,-2.1008,9922.07,-0.78,3.38,-4.16,-3.07,-1.372,21,0.524,1.59,0.0195,0.2986,False,False,1.3528,2.2079,1.7873
7,USO,low,1.4631,9981.19,-0.19,9.79,-9.98,-3.172,-1.586,9,0.444,0.66,-0.0004,0.2986,False,False,1.3528,2.2079,1.7873
7,XBI,low,0.4355,9998.69,-0.01,3.47,-3.48,-0.119,-0.048,6,0.333,0.34,0.0123,0.2986,False,False,1.3528,2.2079,1.7873
7,XLE,low,-0.6359,9999.36,-0.01,-1.92,1.92,-0.18,-0.08,5,0.4,0.12,-0.0175,0.2986,False,False,1.3528,2.2079,1.7873
8,AAPL,low,0.5719,9965.74,-0.34,8.44,-8.78,-8.908,-2.571,5,0.2,0.36,0.0025,0.298,False,False,0.8156,0.2079,0.8121
8,ARKK,low,-0.3238,9973.32,-0.27,3.06,-3.32,-3.568,-1.232,8,0.5,0.51,0.0153,0.298,False,False,0.8156,0.2079,0.8121
8,GLD,low,-0.3235,9989.26,-0.11,-0.3,0.2,-4.118,-1.456,7,0.429,0.21,-0.0074,0.298,False,False,0.8156,0.2079,0.8121
8,IWM,low,-1.0086,9976.34,-0.24,-0.91,0.68,-10.482,-3.26,5,0.2,0.25,-0.0057,0.298,False,False,0.8156,0.2079,0.8121
8,KRE,low,1.0509,9989.87,-0.1,15.44,-15.54,-0.776,-0.568,29,0.448,0.82,0.0027,0.298,False,False,0.8156,0.2079,0.8121
8,NFLX,low,2.8659,10147.38,1.47,3.78,-2.31,8.401,11.285,40,0.675,0.39,-0.0001,0.298,False,False,0.8156,0.2079,0.8121
8,NVDA,low,0.1014,9995.37,-0.05,-1.35,1.3,-1.177,-0.547,8,0.5,0.18,-0.0099,0.298,False,False,0.8156,0.2079,0.8121
8,PYPL,low,0.6972,9993.04,-0.07,5.81,-5.88,-1.906,-0.988,6,0.5,0.23,-0.0017,0.298,False,False,0.8156,0.2079,0.8121
8,QQQ,low,0.9105,10003.74,0.04,4.41,-4.37,2.166,1.139,5,0.6,0.06,0.0341,0.298,False,False,0.8156,0.2079,0.8121
8,SPY,low,-0.7333,9989.53,-0.1,3.4,-3.5,-1.867,-1.417,22,0.409,0.24,-0.0029,0.298,False,False,0.8156,0.2079,0.8121
8,UNG,low,-2.5082,9976.14,-0.24,10.33,-10.57,-1.816,-0.445,5,0.6,0.59,0.0766,0.298,False,False,0.8156,0.2079,0.8121
8,USO,low,-0.3449,9945.38,-0.55,3.4,-3.94,-1.708,-1.217,35,0.486,1.91,0.0141,0.298,False,False,0.8156,0.2079,0.8121
8,XBI,low,-0.3149,9994.75,-0.05,-0.25,0.2,-2.055,-0.796,5,0.6,0.17,0.057,0.298,False,False,0.8156,0.2079,0.8121
8,XLE,low,1.48,10106.7,1.07,10.78,-9.71,4.535,5.75,40,0.475,1.05,0.0043,0.298,False,False,0.8156,0.2079,0.8121
9,AAPL,low,-0.5452,10007.36,0.07,2.16,-2.08,2.392,1.506,9,0.556,0.09,-0.0161,0.2974,False,False,0.4294,0.175,0.5071
9,ARKK,low,-0.7747,9999.65,-0.0,3.44,-3.44,-0.066,-0.027,5,0.4,0.26,-0.0059,0.2974,False,False,0.4294,0.175,0.5071
9,GLD,low,0.3342,9991.89,-0.08,2.83,-2.92,-4.908,-1.915,7,0.286,0.12,-0.0061,0.2974,False,False,0.4294,0.175,0.5071
9,IWM,low,-2.558,9962.26,-0.38,1.23,-1.61,-15.354,-5.864,5,0.0,0.39,0.0102,0.2974,False,False,0.4294,0.175,0.5071
9,KRE,low,-0.5931,9979.14,-0.21,-2.3,2.09,-8.768,-3.487,5,0.4,0.25,0.0646,0.2974,False,False,0.4294,0.175,0.5071
9,NFLX,low,-0.7812,9971.0,-0.29,0.29,-0.58,-6.322,-2.171,5,0.2,0.45,-0.0024,0.2974,False,False,0.4294,0.175,0.5071
9,NVDA,low,-2.7129,10124.15,1.24,-13.77,15.01,3.772,3.906,41,0.561,1.72,0.0251,0.2974,False,False,0.4294,0.175,0.5071
9,PYPL,low,1.5883,9970.75,-0.29,11.99,-12.28,-4.121,-0.901,5,0.8,0.49,0.0756,0.2974,False,False,0.4294,0.175,0.5071
9,QQQ,low,-1.884,9981.37,-0.19,-8.43,8.24,-3.597,-0.845,5,0.4,0.32,0.0774,0.2974,False,False,0.4294,0.175,0.5071
9,SPY,low,-0.0208,9987.25,-0.13,-3.38,3.25,-6.602,-2.591,5,0.0,0.16,-0.0099,0.2974,False,False,0.4294,0.175,0.5071
9,UNG,low,-0.8103,9985.06,-0.15,3.5,-3.64,-1.574,-0.718,6,0.5,0.59,0.0195,0.2974,False,False,0.4294,0.175,0.5071
9,USO,low,1.5542,9998.46,-0.02,9.02,-9.04,-0.445,-0.157,5,0.4,0.22,0.008,0.2974,False,False,0.4294,0.175,0.5071
9,XBI,low,1.1851,9990.28,-0.1,7.75,-7.85,-1.378,-0.45,5,0.6,0.45,0.0157,0.2974,False,False,0.4294,0.175,0.5071
9,XLE,low,-0.7709,10002.31,0.02,-2.99,3.01,0.145,0.144,40,0.525,0.76,0.0034,0.2974,False,False,0.4294,0.175,0.5071
10,AAPL,low,-2.9113,9955.69,-0.44,7.3,-7.74,-6.805,-2.329,5,0.2,0.56,0.0829,0.2968,False,False,0.6745,0.0854,0.9566
10,ARKK,low,-2.3642,9935.09,-0.65,-4.02,3.37,-11.987,-3.386,5,0.2,0.67,0.0035,0.2968,False,False,0.6745,0.0854,0.9566
10,GLD,low,-0.5372,9994.37,-0.06,0.39,-0.45,-2.0,-0.609,5,0.4,0.12,0.0059,0.2968,False,False,0.6745,0.0854,0.9566
10,IWM,low,-1.7518,9978.26,-0.22,-2.71,2.49,-7.97,-3.079,5,0.0,0.24,0.0177,0.2968,False,False,0.6745,0.0854,0.9566
10,KRE,low,-0.3661,9977.5,-0.22,-2.5,2.28,-6.517,-2.458,5,0.2,0.22,-0.0058,0.2968,False,False,0.6745,0.0854,0.9566
10,NFLX,low,1.7564,9989.82,-0.1,8.54,-8.64,-1.161,-0.318,5,0.4,0.47,0.0129,0.2968,False,False,0.6745,0.0854,0.9566
10,NVDA,low,-1.1714,9985.49,-0.15,-2.59,2.45,-2.769,-0.79,5,0.4,0.38,0.0802,0.2968,False,False,0.6745,0.0854,0.9566
10,PYPL,low,0.2937,9970.37,-0.3,-7.39,7.09,-3.974,-1.476,7,0.429,0.58,0.0132,0.2968,False,False,0.6745,0.0854,0.9566
10,QQQ,low,-2.2164,10005.21,0.05,4.52,-4.47,0.767,0.819,40,0.525,0.29,-0.0062,0.2968,False,False,0.6745,0.0854,0.9566
10,SPY,low,-0.6986,10000.74,0.01,-1.9,1.91,0.23,0.207,18,0.444,0.12,-0.0155,0.2968,False,False,0.6745,0.0854,0.9566
10,UNG,low,1.4612,9946.74,-0.53,12.43,-12.97,-4.516,-1.18,6,0.5,0.76,0.0247,0.2968,False,False,0.6745,0.0854,0.9566
10,USO,low,-0.0773,9998.79,-0.01,0.04,-0.05,-0.251,-0.086,6,0.5,0.21,0.0082,0.2968,False,False,0.6745,0.0854,0.9566
10,XBI,low,-1.162,9976.67,-0.23,-2.69,2.46,-2.724,-1.25,12,0.583,0.54,0.0073,0.2968,False,False,0.6745,0.0854,0.9566
10,XLE,low,-2.5746,9975.92,-0.24,8.4,-8.64,-5.914,-2.794,5,0.2,0.39,-0.0102,0.2968,False,False,0.6745,0.0854,0.9566
11,AAPL,low,-0.2065,9999.97,-0.0,0.51,-0.51,-0.005,-0.003,13,0.462,0.15,-0.0163,0.2962,False,False,0.7802,0.1868,1.6895
11,ARKK,low,-3.1252,9984.68,-0.15,7.97,-8.13,-2.29,-1.195,10,0.6,0.47,-0.0059,0.2962,False,False,0.7802,0.1868,1.6895
11,GLD,low,-0.1849,10004.32,0.04,-2.94,2.98,1.094,1.152,18,0.389,0.16,-0.0151,0.2962,False,False,0.7802,0.1868,1.6895
11,IWM,low,-0.8761,10000.57,0.01,-3.72,3.73,0.212,0.082,5,0.4,0.11,-0.0115,0.2962,False,False,0.7802,0.1868,1.6895
11,KRE,low,-1.712,9994.29,-0.06,6.11,-6.16,-0.78,-0.404,9,0.444,0.33,-0.0054,0.2962,False,False,0.7802,0.1868,1.6895
11,NFLX,low,-0.9455,10004.47,0.04,0.66,-0.62,0.571,0.507,21,0.524,0.3,0.0,0.2962,False,False,0.7802,0.1868,1.6895
11,NVDA,low,0.7333,9976.28,-0.24,-0.61,0.38,-1.726,-0.755,14,0.357,0.91,0.0021,0.2962,False,False,0.7802,0.1868,1.6895
11,PYPL,low,-0.7243,9959.42,-0.41,2.07,-2.47,-3.15,-0.905,9,0.556,0.69,0.0002,0.2962,False,False,0.7802,0.1868,1.6895
11,QQQ,low,-1.9188,9987.98,-0.12,-4.89,4.77,-6.317,-2.379,5,0.2,0.16,-0.0066,0.2962,False,False,0.7802,0.1868,1.6895
11,SPY,low,-0.9717,10002.39,0.02,1.87,-1.85,0.361,0.321,40,0.5,0.3,-0.0073,0.2962,False,False,0.7802,0.1868,1.6895
11,UNG,low,-0.5754,9988.41,-0.12,1.28,-1.4,-2.148,-0.905,5,0.4,0.26,0.0137,0.2962,False,False,0.7802,0.1868,1.6895
11,USO,low,1.2232,9990.76,-0.09,6.0,-6.09,-0.397,-0.318,41,0.537,1.46,0.0178,0.2962,False,False,0.7802,0.1868,1.6895
11,XBI,low,-1.7705,9962.94,-0.37,0.54,-0.91,-5.368,-2.846,13,0.538,0.69,-0.0071,0.2962,False,False,0.7802,0.1868,1.6895
11,XLE,low,0.5734,10112.06,1.12,-9.44,10.56,4.613,3.532,40,0.65,0.88,0.0076,0.2962,False,False,0.7802,0.1868,1.6895
12,AAPL,low,-1.1126,9968.33,-0.32,-1.18,0.86,-11.067,-4.569,5,0.2,0.32,-0.0247,0.2957,False,False,1.0848,0.1263,1.7798
12,ARKK,low,-0.9276,9970.68,-0.29,2.5,-2.79,-3.091,-1.912,15,0.533,0.64,-0.0021,0.2957,False,False,1.0848,0.1263,1.7798
12,GLD,low,-0.3296,9989.55,-0.1,4.25,-4.35,-6.577,-3.194,5,0.2,0.15,0.0111,0.2957,False,False,1.0848,0.1263,1.7798
12,IWM,low,-2.0019,9983.46,-0.17,-3.19,3.02,-8.589,-3.858,7,0.286,0.17,-0.0134,0.2957,False,False,1.0848,0.1263,1.7798
12,KRE,low,-2.401,9981.31,-0.19,-5.52,5.33,-7.831,-3.467,5,0.2,0.3,-0.0199,0.2957,False,False,1.0848,0.1263,1.7798
12,NFLX,low,-2.2652,9962.94,-0.37,14.22,-14.59,-2.227,-1.556,13,0.462,1.13,-0.0001,0.2957,False,False,1.0848,0.1263,1.7798
12,NVDA,low,-0.5911,9955.27,-0.45,0.75,-1.2,-6.486,-2.252,5,0.4,0.65,0.0038,0.2957,False,False,1.0848,0.1263,1.7798
12,PYPL,low,-3.1046,9828.75,-1.71,13.15,-14.86,-4.397,-0.8,5,0.4,2.13,0.0805,0.2957,False,False,1.0848,0.1263,1.7798
12,QQQ,low,0.858,9992.13,-0.08,7.03,-7.11,-2.861,-0.975,5,0.4,0.18,-0.0057,0.2957,False,False,1.0848,0.1263,1.7798
12,SPY,low,-0.2836,9993.0,-0.07,-0.02,-0.05,-2.4,-0.661,5,0.4,0.18,0.0375,0.2957,False,False,1.0848,0.1263,1.7798
12,UNG,low,0.4502,9928.21,-0.72,3.39,-4.1,-2.452,-0.934,16,0.562,1.59,0.0192,0.2957,False,False,1.0848,0.1263,1.7798
12,USO,low,-1.3189,10122.3,1.22,8.69,-7.46,5.65,6.66,40,0.475,0.95,0.0146,0.2957,False,False,1.0848,0.1263,1.7798
12,XBI,low,-1.1739,9988.68,-0.11,2.55,-2.66,-4.197,-1.737,5,0.2,0.15,0.0324,0.2957,False,False,1.0848,0.1263,1.7798
12,XLE,low,1.6014,9995.64,-0.04,10.57,-10.61,-0.48,-0.212,14,0.429,0.38,0.0111,0.2957,False,False,1.0848,0.1263,1.7798
13,AAPL,low,-1.9314,9992.11,-0.08,-6.69,6.62,-1.672,-0.439,5,0.4,0.23,-0.0104,0.2951,False,False,0.6387,0.7671,1.051
13,ARKK,low,-1.4246,9976.42,-0.24,-5.04,4.81,-3.412,-1.404,5,0.6,0.36,0.0132,0.2951,False,False,0.6387,0.7671,1.051
13,GLD,low,-0.0742,9983.6,-0.16,-5.09,4.93,-11.762,-3.695,5,0.0,0.16,-0.0261,0.2951,False,False,0.6387,0.7671,1.051
13,IWM,low,-2.3451,9961.32,-0.39,-2.36,1.98,-3.681,-1.662,10,0.5,0.93,-0.0062,0.2951,False,False,0.6387,0.7671,1.051
13,KRE,low,-2.2981,9990.72,-0.09,-8.55,8.45,-3.849,-1.821,5,0.4,0.14,-0.0215,0.2951,False,False,0.6387,0.7671,1.051
13,NFLX,low,-1.9494,9997.96,-0.02,8.87,-8.89,-0.142,-0.061,8,0.5,0.43,0.0053,0.2951,False,False,0.6387,0.7671,1.051
13,NVDA,low,-1.4383,9964.44,-0.36,3.48,-3.83,-3.405,-1.175,5,0.0,0.65,0.0725,0.2951,False,False,0.6387,0.7671,1.051
13,PYPL,low,3.0372,10139.56,1.4,6.84,-5.44,6.142,7.514,40,0.55,0.8,0.0102,0.2951,False,False,0.6387,0.7671,1.051
13,QQQ,low,-0.6243,9987.89,-0.12,3.43,-3.55,-2.397,-1.768,20,0.55,0.4,-0.0225,0.2951,False,False,0.6387,0.7671,1.051
13,SPY,low,-0.5686,9987.44,-0.13,0.93,-1.05,-7.292,-2.417,5,0.4,0.14,-0.0238,0.2951,False,False,0.6387,0.7671,1.051
13,UNG,low,-2.1806,10042.24,0.42,7.25,-6.82,1.677,1.868,9,0.111,0.9,0.0068,0.2951,False,False,0.6387,0.7671,1.051
13,USO,low,1.3512,10139.2,1.39,-2.47,3.86,2.574,2.363,41,0.561,2.51,0.02,0.2951,False,False,0.6387,0.7671,1.051
13,XBI,low,1.762,10001.2,0.01,-9.94,9.95,0.093,0.075,19,0.579,0.75,-0.011,0.2951,False,False,0.6387,0.7671,1.051
13,XLE,low,-2.499,10000.53,0.01,-3.77,3.77,0.052,0.038,33,0.424,1.36,0.0114,0.2951,False,False,0.6387,0.7671,1.051
14,AAPL,low,-2.1582,10000.06,0.0,11.1,-11.1,0.025,0.017,7,0.429,0.16,-0.0241,0.2945,False,False,0.7872,0.079,1.6229
14,ARKK,low,-3.2555,9985.51,-0.14,-13.5,13.35,-0.768,-0.484,17,0.471,1.04,0.0114,0.2945,False,False,0.7872,0.079,1.6229
14,GLD,low,-0.4803,9997.58,-0.02,-0.68,0.66,-0.657,-0.51,5,0.4,0.2,-0.0423,0.2945,False,False,0.7872,0.079,1.6229
14,IWM,low,-2.6286,9986.55,-0.13,-7.92,7.78,-4.107,-1.321,6,0.833,0.23,-0.0183,0.2945,False,False,0.7872,0.079,1.6229
14,KRE,low,-1.1115,9979.04,-0.21,-4.36,4.15,-3.223,-0.924,6,0.667,0.46,-0.0093,0.2945,False,False,0.7872,0.079,1.6229
14,NFLX,low,1.431,10010.8,0.11,5.71,-5.6,2.571,1.187,6,0.5,0.12,-0.0169,0.2945,False,False,0.7872,0.079,1.6229
14,NVDA,low,-2.7395,9993.58,-0.06,-10.16,10.1,-0.586,-0.291,8,0.375,0.46,0.0045,0.2945,False,False,0.7872,0.079,1.6229
14,PYPL,low,0.7805,9996.11,-0.04,7.89,-7.93,-0.988,-0.378,5,0.2,0.34,-0.0158,0.2945,False,False,0.7872,0.079,1.6229
14,QQQ,low,0.8984,9994.38,-0.06,6.81,-6.86,-3.709,-1.376,6,0.5,0.12,-0.0209,0.2945,False,False,0.7872,0.079,1.6229
14,SPY,low,0.4912,9998.02,-0.02,-2.77,2.75,-1.02,-0.334,5,0.6,0.08,0.0687,0.2945,False,False,0.7872,0.079,1.6229
14,UNG,low,-2.5855,9912.88,-0.87,8.57,-9.44,-7.194,-1.891,5,0.0,0.92,0.0707,0.2945,False,False,0.7872,0.079,1.6229
14,USO,low,2.8432,9993.88,-0.06,-15.98,15.91,-0.63,-0.277,11,0.364,0.51,-0.0105,0.2945,False,False,0.7872,0.079,1.6229
14,XBI,low,-1.839,9987.6,-0.12,-6.2,6.08,-5.281,-1.851,5,0.2,0.19,-0.0196,0.2945,False,False,0.7872,0.079,1.6229
14,XLE,low,0.4281,9997.53,-0.02,-6.73,6.71,-0.428,-0.126,5,0.6,0.28,0.074,0.2945,False,False,0.7872,0.079,1.6229
15,AAPL,low,0.5428,9997.34,-0.03,4.32,-4.34,-1.116,-0.455,5,0.4,0.13,0.0065,0.2939,False,False,0.7775,0.8182,1.5366
15,ARKK,low,-2.9424,9968.96,-0.31,8.15,-8.46,-8.145,-3.581,5,0.2,0.34,0.0305,0.2939,False,False,0.7775,0.8182,1.5366
15,GLD,low,-0.5817,9988.54,-0.11,1.44,-1.56,-6.776,-1.963,5,0.2,0.14,-0.0278,0.2939,False,False,0.7775,0.8182,1.5366
15,IWM,low,-0.2212,9997.93,-0.02,-1.14,1.12,-0.882,-0.424,5,0.6,0.21,0.0369,0.2939,False,False,0.7775,0.8182,1.5366
15,KRE,low,-0.3348,9989.13,-0.11,-0.83,0.72,-1.702,-0.919,12,0.417,0.39,-0.0213,0.2939,False,False,0.7775,0.8182,1.5366
15,NFLX,low,0.151,10117.87,1.18,-4.16,5.34,2.826,3.467,41,0.512,1.8,0.004,0.2939,False,False,0.7775,0.8182,1.5366
15,NVDA,low,-0.0562,10385.85,3.86,9.13,-5.28,7.218,9.985,41,0.561,1.1,0.0066,0.2939,False,False,0.7775,0.8182,1.5366
15,PYPL,low,-2.4505,9912.12,-0.88,3.43,-4.31,-3.64,-2.122,33,0.545,1.7,-0.009,0.2939,False,False,0.7775,0.8182,1.5366
15,QQQ,low,-1.5057,9981.5,-0.19,2.64,-2.83,-6.388,-2.664,5,0.2,0.27,-0.0022,0.2939,False,False,0.7775,0.8182,1.5366
15,SPY,low,-1.5759,9984.12,-0.16,1.64,-1.8,-9.844,-3.734,5,0.0,0.18,-0.0395,0.2939,False,False,0.7775,0.8182,1.5366
15,UNG,low,-1.794,9990.93,-0.09,5.82,-5.92,-1.349,-0.585,5,0.4,0.46,0.0669,0.2939,False,False,0.7775,0.8182,1.5366
15,USO,low,-0.1921,10188.58,1.89,0.4,1.48,5.127,6.123,40,0.55,1.63,0.0078,0.2939,False,False,0.7775,0.8182,1.5366
15,XBI,low,-1.8668,9994.19,-0.06,-8.37,8.31,-0.871,-0.447,7,0.571,0.21,-0.0032,0.2939,False,False,0.7775,0.8182,1.5366
15,XLE,low,0.4663,9982.41,-0.18,7.35,-7.52,-5.146,-1.813,5,0.2,0.22,-0.0232,0.2939,False,False,0.7775,0.8182,1.5366
16,AAPL,low,-1.6252,10015.97,0.16,2.78,-2.62,0.976,1.209,40,0.475,0.76,-0.018,0.2933,False,False,0.7041,0.0726,1.0745
16,ARKK,low,0.019,9955.01,-0.45,2.69,-3.14,-3.365,-1.111,5,0.4,1.02,0.0721,0.2933,False,False,0.7041,0.0726,1.0745
16,GLD,low,-1.5563,9994.09,-0.06,-4.94,4.88,-1.323,-0.645,7,0.429,0.27,-0.0205,0.2933,False,False,0.7041,0.0726,1.0745
16,IWM,low,-1.7038,9987.71,-0.12,1.53,-1.65,-1.115,-1.038,19,0.526,0.76,-0.0159,0.2933,False,False,0.7041,0.0726,1.0745
16,KRE,low,-1.9232,10001.48,0.01,8.28,-8.26,0.404,0.2,7,0.286,0.1,-0.0175,0.2933,False,False,0.7041,0.0726,1.0745
16,NFLX,low,-3.0218,9869.72,-1.3,-3.02,1.72,-6.362,-4.839,39,0.513,1.74,0.001,0.2933,False,False,0.7041,0.0726,1.0745
16,NVDA,low,0.4415,9980.23,-0.2,-6.78,6.58,-5.16,-2.447,5,0.4,0.26,-0.0257,0.2933,False,False,0.7041,0.0726,1.0745
16,PYPL,low,-0.2686,9992.32,-0.08,-2.63,2.55,-0.963,-0.191,5,0.6,0.42,0.0717,0.2933,False,False,0.7041,0.0726,1.0745
16,QQQ,low,-0.6134,9991.67,-0.08,2.02,-2.1,-3.242,-1.255,5,0.6,0.18,-0.0283,0.2933,False,False,0.7041,0.0726,1.0745
16,SPY,low,-0.6438,9993.56,-0.06,-2.78,2.72,-0.842,-0.82,29,0.483,0.36,-0.0278,0.2933,False,False,0.7041,0.0726,1.0745
16,UNG,low,2.3938,10291.61,2.92,1.89,1.03,7.137,8.246,41,0.61,1.6,0.0082,0.2933,False,False,0.7041,0.0726,1.0745
16,USO,low,-5.0367,9951.02,-0.49,11.88,-12.37,-4.186,-3.301,28,0.464,0.83,-0.0202,0.2933,False,False,0.7041,0.0726,1.0745
16,XBI,low,-0.2353,10016.6,0.17,-0.53,0.69,1.145,1.048,30,0.467,0.6,-0.0166,0.2933,False,False,0.7041,0.0726,1.0745
16,XLE,low,1.0988,9997.28,-0.03,7.13,-7.15,-0.838,-0.304,5,0.4,0.12,-0.0171,0.2933,False,False,0.7041,0.0726,1.0745
17,AAPL,low,-1.0461,9968.39,-0.32,2.51,-2.83,-5.432,-1.868,8,0.5,0.49,-0.0159,0.2927,False,False,0.7179,0.0512,1.0208
17,ARKK,low,-1.0085,9988.73,-0.11,4.93,-5.05,-1.629,-0.421,5,0.4,0.37,-0.0063,0.2927,False,False,0.7179,0.0512,1.0208
17,GLD,low,0.1897,9997.6,-0.02,0.36,-0.39,-1.603,-0.644,5,0.4,0.08,-0.0368,0.2927,False,False,0.7179,0.0512,1.0208
17,IWM,low,-1.054,9972.48,-0.28,0.14,-0.42,-5.226,-1.272,6,0.5,0.37,-0.0278,0.2927,False,False,0.7179,0.0512,1.0208
17,KRE,low,0.8618,9997.04,-0.03,-4.31,4.28,-0.65,-0.287,5,0.4,0.18,0.0399,0.2927,False,False,0.7179,0.0512,1.0208
17,NFLX,low,-3.0831,9997.41,-0.03,-13.69,13.67,-0.218,-0.056,5,0.6,0.57,-0.0061,0.2927,False,False,0.7179,0.0512,1.0208
17,NVDA,low,3.4412,9999.51,-0.0,20.44,-20.44,-0.076,-0.027,6,0.333,0.32,-0.0181,0.2927,False,False,0.7179,0.0512,1.0208
17,PYPL,low,-6.0298,9991.28,-0.09,-18.83,18.74,-0.629,-0.403,12,0.417,0.56,0.0058,0.2927,False,False,0.7179,0.0512,1.0208
17,QQQ,low,-0.0962,9996.47,-0.04,-0.88,0.85,-1.771,-0.772,5,0.4,0.14,-0.0228,0.2927,False,False,0.7179,0.0512,1.0208
17,SPY,low,-1.4776,9983.5,-0.17,2.97,-3.14,-3.366,-2.25,19,0.474,0.28,-0.0286,0.2927,False,False,0.7179,0.0512,1.0208
17,UNG,low,2.3342,9961.33,-0.39,-17.17,16.78,-6.224,-2.167,5,0.2,0.54,0.067,0.2927,False,False,0.7179,0.0512,1.0208
17,USO,low,-2.1153,9987.95,-0.12,7.66,-7.78,-2.887,-1.276,5,0.4,0.31,0.079,0.2927,False,False,0.7179,0.0512,1.0208
17,XBI,low,-0.4212,9995.53,-0.04,-1.59,1.55,-1.318,-0.494,5,0.0,0.18,-0.0303,0.2927,False,False,0.7179,0.0512,1.0208
17,XLE,low,-1.5172,9974.42,-0.26,-3.71,3.45,-7.972,-2.157,5,0.0,0.3,0.0275,0.2927,False,False,0.7179,0.0512,1.0208
18,AAPL,low,0.3489,9984.14,-0.16,5.16,-5.32,-6.279,-2.34,5,0.4,0.17,-0.0133,0.2921,False,False,0.7985,0.3769,1.3008
18,ARKK,low,-3.0909,9964.22,-0.36,10.93,-11.29,-4.748,-2.229,5,0.2,0.41,0.0012,0.2921,False,False,0.7985,0.3769,1.3008
18,GLD,low,-1.0769,9977.12,-0.23,0.95,-1.17,-8.824,-2.843,5,0.4,0.28,0.0717,0.2921,False,False,0.7985,0.3769,1.3008
18,IWM,low,-1.0553,9989.63,-0.1,-0.7,0.59,-2.42,-1.504,13,0.462,0.31,-0.0303,0.2921,False,False,0.7985,0.3769,1.3008
18,KRE,low,-1.9649,9987.55,-0.12,-9.86,9.73,-1.735,-0.358,5,0.8,0.4,0.0768,0.2921,False,False,0.7985,0.3769,1.3008
18,NFLX,low,-1.3098,9995.48,-0.05,-3.65,3.61,-0.466,-0.257,9,0.444,0.47,0.0017,0.2921,False,False,0.7985,0.3769,1.3008
18,NVDA,low,-0.4126,9992.92,-0.07,-0.76,0.69,-2.288,-0.878,6,0.5,0.13,-0.0147,0.2921,False,False,0.7985,0.3769,1.3008
18,PYPL,low,1.3991,10001.99,0.02,7.32,-7.3,0.259,0.193,17,0.529,0.33,-0.0195,0.2921,False,False,0.7985,0.3769,1.3008
18,QQQ,low,-0.3593,9975.89,-0.24,-0.17,-0.07,-3.413,-0.654,5,0.6,0.4,0.0185,0.2921,False,False,0.7985,0.3769,1.3008
18,SPY,low,0.4267,10001.68,0.02,-2.19,2.2,1.797,0.857,5,0.4,0.03,-0.0284,0.2921,False,False,0.7985,0.3769,1.3008
18,UNG,low,2.3516,9998.94,-0.01,13.19,-13.21,-0.097,-0.042,5,0.4,0.47,0.0107,0.2921,False,False,0.7985,0.3769,1.3008
18,USO,low,-0.4236,9982.2,-0.18,0.94,-1.11,-3.796,-1.258,5,0.4,0.23,-0.0126,0.2921,False,False,0.7985,0.3769,1.3008
18,XBI,low,-0.0996,9994.79,-0.05,-0.09,0.03,-1.178,-0.36,6,0.333,0.24,-0.0106,0.2921,False,False,0.7985,0.3769,1.3008
18,XLE,low,-2.6005,9983.27,-0.17,-10.27,10.11,-3.047,-0.938,6,0.5,0.32,-0.0111,0.2921,False,False,0.7985,0.3769,1.3008
19,AAPL,low,0.7759,9988.78,-0.11,-7.08,6.97,-3.991,-1.672,5,0.4,0.24,0.0718,0.2915,False,False,0.9716,0.1007,1.5634
19,ARKK,low,-4.3879,9971.26,-0.29,-13.2,12.92,-5.282,-2.506,5,0.4,0.39,0.078,0.2915,False,False,0.9716,0.1007,1.5634
19,GLD,low,0.0524,9994.62,-0.05,2.46,-2.51,-2.215,-0.661,5,0.6,0.17,-0.0237,0.2915,False,False,0.9716,0.1007,1.5634
19,IWM,low,0.825,9996.72,-0.03,-4.15,4.12,-1.258,-0.665,8,0.625,0.16,-0.038,0.2915,False,False,0.9716,0.1007,1.5634
19,KRE,low,0.147,9999.19,-0.01,1.76,-1.77,-0.352,-0.225,5,0.4,0.17,-0.0252,0.2915,False,False,0.9716,0.1007,1.5634
19,NFLX,low,-1.1875,10197.41,1.97,15.91,-13.94,7.044,8.572,40,0.55,1.12,0.0063,0.2915,False,False,0.9716,0.1007,1.5634
19,NVDA,low,-1.4238,9967.19,-0.33,-3.39,3.07,-2.661,-0.776,6,0.333,0.87,0.008,0.2915,False,False,0.9716,0.1007,1.5634
19,PYPL,low,0.2162,9994.95,-0.05,-2.48,2.43,-0.652,-0.428,7,0.429,0.3,-0.0098,0.2915,False,False,0.9716,0.1007,1.5634
19,QQQ,low,-0.0768,9985.26,-0.15,3.12,-3.27,-2.276,-1.026,11,0.455,0.31,-0.0204,0.2915,False,False,0.9716,0.1007,1.5634
19,SPY,low,-0.9226,9971.37,-0.29,-0.1,-0.19,-9.328,-2.632,5,0.2,0.33,-0.0291,0.2915,False,False,0.9716,0.1007,1.5634
19,UNG,low,-2.7313,9907.59,-0.92,1.11,-2.03,-3.674,-3.156,37,0.459,1.95,0.0123,0.2915,False,False,0.9716,0.1007,1.5634
19,USO,low,-1.7136,9984.82,-0.15,7.1,-7.25,-2.589,-0.884,6,0.333,0.27,-0.0129,0.2915,False,False,0.9716,0.1007,1.5634
19,XBI,low,-1.7787,9988.67,-0.11,-6.18,6.06,-2.48,-1.205,7,0.429,0.28,-0.0002,0.2915,False,False,0.9716,0.1007,1.5634
19,XLE,low,-2.2463,9972.58,-0.27,9.23,-9.51,-8.432,-2.971,5,0.4,0.33,-0.0237,0.2915,False,False,0.9716,0.1007,1.5634
20,AAPL,low,-1.9345,10020.87,0.21,0.33,-0.12,2.016,2.762,40,0.425,0.29,-0.0203,0.291,False,False,1.0114,0.2546,1.1672
20,ARKK,low,-3.2008,9939.75,-0.6,-9.8,9.2,-5.243,-1.677,5,0.4,0.64,0.0041,0.291,False,False,1.0114,0.2546,1.1672
20,GLD,low,-1.9791,9981.04,-0.19,-3.4,3.21,-14.566,-6.127,5,0.0,0.19,-0.0236,0.291,False,False,1.0114,0.2546,1.1672
20,IWM,low,-1.9988,9993.37,-0.07,8.31,-8.37,-1.159,-0.715,12,0.417,0.28,-0.0219,0.291,False,False,1.0114,0.2546,1.1672
20,KRE,low,-2.38,9956.69,-0.43,-2.66,2.23,-11.897,-4.074,5,0.2,0.48,-0.0145,0.291,False,False,1.0114,0.2546,1.1672
20,NFLX,low,0.7583,9980.75,-0.19,4.11,-4.3,-3.204,-1.285,5,0.4,0.45,0.0818,0.291,False,False,1.0114,0.2546,1.1672
20,NVDA,low,-0.5282,9987.84,-0.12,-1.11,0.99,-2.26,-0.81,5,0.2,0.29,0.0787,0.291,False,False,1.0114,0.2546,1.1672
20,PYPL,low,0.9602,10054.22,0.54,-0.92,1.46,2.249,2.142,41,0.463,1.19,0.009,0.291,False,False,1.0114,0.2546,1.1672
20,QQQ,low,-2.08,9993.52,-0.06,3.08,-3.15,-0.795,-0.896,39,0.59,0.4,-0.0244,0.291,False,False,1.0114,0.2546,1.1672
20,SPY,low,0.3203,9997.76,-0.02,-3.43,3.4,-1.917,-1.01,7,0.286,0.1,-0.0409,0.291,False,False,1.0114,0.2546,1.1672
20,UNG,low,0.8763,9924.04,-0.76,11.22,-11.98,-4.985,-1.089,5,0.4,1.12,0.0856,0.291,False,False,1.0114,0.2546,1.1672
20,USO,low,0.2382,9975.61,-0.24,6.57,-6.81,-9.481,-3.655,5,0.2,0.26,0.0197,0.291,False,False,1.0114,0.2546,1.1672
20,XBI,low,0.5678,9954.22,-0.46,7.08,-7.53,-7.163,-2.213,5,0.2,0.63,-0.0007,0.291,False,False,1.0114,0.2546,1.1672
20,XLE,low,-1.236,9985.51,-0.14,-2.87,2.73,-7.312,-2.791,5,0.4,0.17,-0.0253,0.291,False,False,1.0114,0.2546,1.1672
21,AAPL,low,-1.7746,9990.5,-0.09,5.78,-5.87,-3.026,-1.21,5,0.4,0.22,0.0773,0.2904,False,False,0.5178,0.0979,0.8594
21,ARKK,low,-1.4765,9910.69,-0.89,0.49,-1.38,-3.98,-2.783,31,0.516,1.42,0.0121,0.2904,False,False,0.5178,0.0979,0.8594
21,GLD,low,-0.4154,10000.15,0.0,0.29,-0.29,0.054,0.018,6,0.333,0.16,-0.024,0.2904,False,False,0.5178,0.0979,0.8594
21,IWM,low,-2.6636,9994.05,-0.06,-8.59,8.53,-2.372,-0.903,5,0.2,0.12,0.0802,0.2904,False,False,0.5178,0.0979,0.8594
21,KRE,low,-1.3273,9982.67,-0.17,4.76,-4.94,-2.274,-0.847,8,0.75,0.56,-0.0169,0.2904,False,False,0.5178,0.0979,0.8594
21,NFLX,low,0.9559,9966.04,-0.34,9.85,-10.19,-6.888,-2.301,5,0.2,0.37,0.0584,0.2904,False,False,0.5178,0.0979,0.8594
21,NVDA,low,0.4086,9993.67,-0.06,-2.67,2.61,-1.293,-0.63,10,0.5,0.24,-0.0172,0.2904,False,False,0.5178,0.0979,0.8594
21,PYPL,low,-1.7186,9982.57,-0.17,5.83,-6.0,-5.149,-1.397,5,0.4,0.3,0.0428,0.2904,False,False,0.5178,0.0979,0.8594
21,QQQ,low,0.7958,9999.03,-0.01,5.46,-5.47,-0.156,-0.086,13,0.615,0.26,-0.0266,0.2904,False,False,0.5178,0.0979,0.8594
21,SPY,low,-0.6721,10005.69,0.06,4.44,-4.39,2.633,1.481,5,0.6,0.16,0.0748,0.2904,False,False,0.5178,0.0979,0.8594
21,UNG,low,3.3676,9892.71,-1.07,-15.53,14.46,-3.535,-2.168,39,0.436,1.59,0.0137,0.2904,False,False,0.5178,0.0979,0.8594
21,USO,low,-1.6914,9997.28,-0.03,7.96,-7.98,-0.334,-0.112,8,0.5,0.47,-0.0149,0.2904,False,False,0.5178,0.0979,0.8594
21,XBI,low,-1.5011,9980.23,-0.2,5.3,-5.5,-3.214,-1.144,5,0.4,0.42,0.0815,0.2904,False,False,0.5178,0.0979,0.8594
21,XLE,low,-2.3396,9964.51,-0.35,7.06,-7.41,-4.366,-1.764,8,0.5,0.65,-0.0185,0.2904,False,False,0.5178,0.0979,0.8594
22,AAPL,low,-1.327,9990.28,-0.1,3.39,-3.49,-4.895,-2.144,5,0.4,0.15,0.0015,0.2898,False,False,0.7651,0.6037,1.3805
22,ARKK,low,0.565,9979.59,-0.2,-5.69,5.49,-2.772,-2.288,15,0.4,0.82,-0.025,0.2898,False,False,0.7651,0.6037,1.3805
22,GLD,low,0.5787,9999.0,-0.01,-2.08,2.07,-0.373,-0.148,5,0.6,0.14,0.0231,0.2898,False,False,0.7651,0.6037,1.3805
22,IWM,low,-1.6711,9973.8,-0.26,2.73,-2.99,-6.45,-1.52,5,0.2,0.32,0.0537,0.2898,False,False,0.7651,0.6037,1.3805
22,KRE,low,1.0154,10220.52,2.21,-6.21,8.42,8.996,12.155,41,0.512,0.7,0.0171,0.2898,False,False,0.7651,0.6037,1.3805
22,NFLX,low,3.3444,10174.47,1.74,18.5,-16.76,4.936,7.542,41,0.439,1.24,-0.0015,0.2898,False,False,0.7651,0.6037,1.3805
22,NVDA,low,1.6356,9986.78,-0.13,-9.32,9.19,-3.404,-1.339,5,0.4,0.33,-0.0127,0.2898,False,False,0.7651,0.6037,1.3805
22,PYPL,low,1.5082,9967.26,-0.33,-14.18,13.86,-6.442,-3.005,5,0.2,0.45,-0.0247,0.2898,False,False,0.7651,0.6037,1.3805
22,QQQ,low,-1.0197,9984.91,-0.15,2.35,-2.51,-2.309,-1.762,20,0.55,0.37,-0.0317,0.2898,False,False,0.7651,0.6037,1.3805
22,SPY,low,0.0882,9996.64,-0.03,0.36,-0.4,-1.14,-0.423,5,0.6,0.19,-0.0149,0.2898,False,False,0.7651,0.6037,1.3805
22,UNG,low,2.8652,9856.55,-1.43,-22.78,21.34,-6.396,-1.373,5,0.4,1.57,0.0804,0.2898,False,False,0.7651,0.6037,1.3805
22,USO,low,-0.9037,9893.71,-1.06,0.34,-1.4,-6.367,-1.419,5,0.2,1.21,0.0821,0.2898,False,False,0.7651,0.6037,1.3805
22,XBI,low,-3.8247,9997.24,-0.03,11.86,-11.88,-0.13,-0.096,25,0.48,1.19,-0.0166,0.2898,False,False,0.7651,0.6037,1.3805
22,XLE,low,-2.1499,9976.85,-0.23,-5.92,5.69,-5.016,-1.536,8,0.5,0.3,-0.0187,0.2898,False,False,0.7651,0.6037,1.3805
23,AAPL,low,-0.9413,10000.88,0.01,-5.7,5.71,0.134,0.07,10,0.3,0.36,-0.0129,0.2892,False,False,0.6867,0.2239,1.1315
23,ARKK,low,-2.8592,9964.36,-0.36,-5.76,5.4,-1.838,-1.207,20,0.45,1.46,0.0036,0.2892,False,False,0.6867,0.2239,1.1315
23,GLD,low,-0.9993,9952.79,-0.47,-1.39,0.92,-7.531,-1.643,5,0.0,0.5,0.0439,0.2892,False,False,0.6867,0.2239,1.1315
23,IWM,low,-2.5847,9988.7,-0.11,-8.76,8.65,-5.026,-2.063,5,0.2,0.12,-0.0162,0.2892,False,False,0.6867,0.2239,1.1315
23,KRE,low,-0.4409,9998.09,-0.02,-0.22,0.2,-0.695,-0.424,7,0.429,0.11,-0.0208,0.2892,False,False,0.6867,0.2239,1.1315
23,NFLX,low,0.0363,9993.02,-0.07,1.25,-1.32,-1.958,-0.88,5,0.6,0.21,-0.015,0.2892,False,False,0.6867,0.2239,1.1315
23,NVDA,low,1.4379,9983.0,-0.17,11.82,-11.99,-2.892,-1.259,5,0.4,0.3,0.0014,0.2892,False,False,0.6867,0.2239,1.1315
23,PYPL,low,-0.7316,9975.73,-0.24,-5.35,5.11,-2.519,-0.942,5,0.4,0.57,0.0876,0.2892,False,False,0.6867,0.2239,1.1315
23,QQQ,low,-2.1388,9984.45,-0.16,-3.8,3.65,-8.242,-3.725,5,0.4,0.23,-0.0281,0.2892,False,False,0.6867,0.2239,1.1315
23,SPY,low,-2.6823,9956.49,-0.44,-0.65,0.22,-3.928,-0.778,5,0.4,0.55,0.0934,0.2892,False,False,0.6867,0.2239,1.1315
23,UNG,low,-2.5733,9990.41,-0.1,12.37,-12.47,-1.522,-0.54,5,0.2,0.43,0.0835,0.2892,False,False,0.6867,0.2239,1.1315
23,USO,low,-1.1263,9878.93,-1.21,-1.35,0.14,-5.222,-1.274,7,0.429,1.35,-0.0041,0.2892,False,False,0.6867,0.2239,1.1315
23,XBI,low,-4.4731,9958.42,-0.42,17.63,-18.05,-5.704,-1.453,5,0.4,0.51,-0.0047,0.2892,False,False,0.6867,0.2239,1.1315
23,XLE,low,-4.8988,9987.97,-0.12,22.0,-22.12,-2.164,-0.81,5,0.4,0.43,0.0818,0.2892,False,False,0.6867,0.2239,1.1315
24,AAPL,low,-1.9585,9978.68,-0.21,-2.68,2.46,-2.67,-2.337,21,0.524,0.46,-0.016,0.2886,False,False,0.8782,14.5257,1.0588
24,ARKK,low,0.2651,9992.11,-0.08,-3.46,3.38,-1.005,-0.499,7,0.429,0.34,-0.0099,0.2886,False,False,0.8782,14.5257,1.0588
24,GLD,low,-0.7722,9991.94,-0.08,0.73,-0.81,-1.577,-1.028,17,0.353,0.28,-0.0154,0.2886,False,False,0.8782,14.5257,1.0588
24,IWM,low,-1.2437,9981.74,-0.18,-1.09,0.91,-9.474,-3.857,5,0.2,0.2,-0.008,0.2886,False,False,0.8782,14.5257,1.0588
24,KRE,low,0.1806,9992.31,-0.08,-4.93,4.85,-2.261,-0.839,5,0.6,0.28,0.0836,0.2886,False,False,0.8782,14.5257,1.0588
24,NFLX,low,-1.2077,9954.29,-0.46,-2.09,1.64,-4.088,-1.554,10,0.5,0.7,-0.0048,0.2886,False,False,0.8782,14.5257,1.0588
24,NVDA,low,-0.789,9999.96,-0.0,-1.58,1.58,-0.005,-0.002,6,0.333,0.19,-0.0095,0.2886,False,False,0.8782,14.5257,1.0588
24,PYPL,low,-4.5108,9964.85,-0.35,-16.55,16.2,-2.48,-1.267,12,0.583,0.91,0.0003,0.2886,False,False,0.8782,14.5257,1.0588
24,QQQ,low,-1.5769,9982.32,-0.18,-4.06,3.88,-7.903,-2.562,5,0.2,0.19,-0.0276,0.2886,False,False,0.8782,14.5257,1.0588
24,SPY,low,-0.3457,9996.88,-0.03,0.11,-0.14,-1.879,-0.707,8,0.5,0.1,-0.025,0.2886,False,False,0.8782,14.5257,1.0588
24,UNG,low,-3.2269,9991.36,-0.09,16.15,-16.24,-1.569,-0.684,5,0.4,0.44,0.083,0.2886,False,False,0.8782,14.5257,1.0588
24,USO,low,-5.0782,9977.86,-0.22,-18.16,17.94,-4.307,-1.373,5,0.4,0.28,0.0025,0.2886,False,False,0.8782,14.5257,1.0588
24,XBI,low,0.744,9988.77,-0.11,7.35,-7.46,-2.847,-1.412,6,0.5,0.29,-0.0113,0.2886,False,False,0.8782,14.5257,1.0588
24,XLE,low,1.3382,9992.85,-0.07,10.48,-10.55,-0.95,-0.428,8,0.5,0.26,-0.0139,0.2886,False,False,0.8782,14.5257,1.0588
25,AAPL,low,-2.5134,9976.65,-0.23,-10.92,10.69,-3.947,-0.926,5,0.4,0.41,0.0844,0.2881,False,False,0.5909,2.665,1.006
25,ARKK,low,1.3209,9996.48,-0.04,-7.79,7.75,-1.023,-0.356,5,0.2,0.13,-0.0149,0.2881,False,False,0.5909,2.665,1.006
25,GLD,low,-0.2841,10000.54,0.01,-1.26,1.27,0.459,0.205,6,0.333,0.04,-0.0222,0.2881,False,False,0.5909,2.665,1.006
25,IWM,low,-0.3081,9987.07,-0.13,-1.8,1.67,-3.404,-0.918,5,0.2,0.15,-0.0435,0.2881,False,False,0.5909,2.665,1.006
25,KRE,low,-0.0921,9991.43,-0.09,-1.44,1.36,-1.469,-0.68,7,0.571,0.37,-0.0248,0.2881,False,False,0.5909,2.665,1.006
25,NFLX,low,0.1709,9970.85,-0.29,3.87,-4.16,-5.29,-1.382,5,0.4,0.36,0.0035,0.2881,False,False,0.5909,2.665,1.006
25,NVDA,low,-0.2266,9987.82,-0.12,-1.6,1.48,-0.391,-0.255,28,0.571,1.36,0.0141,0.2881,False,False,0.5909,2.665,1.006
25,PYPL,low,-0.3612,9978.65,-0.21,2.19,-2.4,-5.882,-2.344,5,0.2,0.3,0.0405,0.2881,False,False,0.5909,2.665,1.006
25,QQQ,low,0.7583,10036.41,0.36,1.73,-1.37,4.614,5.142,40,0.55,0.24,-0.0226,0.2881,False,False,0.5909,2.665,1.006
25,SPY,low,-1.0423,9988.88,-0.11,4.98,-5.09,-1.929,-0.461,5,0.2,0.24,-0.0116,0.2881,False,False,0.5909,2.665,1.006
25,UNG,low,0.7842,9966.77,-0.33,8.06,-8.39,-2.944,-0.93,11,0.455,0.64,-0.0021,0.2881,False,False,0.5909,2.665,1.006
25,USO,low,-2.9309,9966.2,-0.34,2.04,-2.37,-2.87,-1.931,27,0.519,0.87,0.0027,0.2881,False,False,0.5909,2.665,1.006
25,XBI,low,-0.8696,9988.33,-0.12,-1.68,1.56,-1.19,-0.56,6,0.333,0.58,-0.006,0.2881,False,False,0.5909,2.665,1.006
25,XLE,low,-0.8224,9989.88,-0.1,0.26,-0.36,-6.535,-2.756,5,0.2,0.14,-0.0073,0.2881,False,False,0.5909,2.665,1.006
1,AAPL,low,-1.3231,10006.95,0.07,7.74,-7.67,1.677,0.719,5,0.4,0.16,-0.0375,0.2875,False,False,1.0135,0.1504,1.6347
1,ARKK,low,-0.1586,9954.36,-0.46,-7.68,7.23,-2.36,-2.01,24,0.458,1.18,-0.0128,0.2875,False,False,1.0135,0.1504,1.6347
1,GLD,low,-0.7305,9994.54,-0.05,0.1,-0.15,-2.017,-1.46,5,0.4,0.09,-0.0155,0.2875,False,False,1.0135,0.1504,1.6347
1,IWM,low,-0.3406,9995.93,-0.04,3.96,-4.0,-0.202,-0.174,28,0.464,1.17,-0.0147,0.2875,False,False,1.0135,0.1504,1.6347
1,KRE,low,0.3562,10071.88,0.72,4.07,-3.35,5.161,6.468,40,0.55,0.48,-0.015,0.2875,False,False,1.0135,0.1504,1.6347
1,NFLX,low,0.0291,9989.34,-0.11,1.65,-1.76,-2.184,-0.788,5,0.2,0.21,-0.0056,0.2875,False,False,1.0135,0.1504,1.6347
1,NVDA,low,-1.9557,10012.49,0.12,-5.65,5.77,0.462,0.471,42,0.524,0.97,0.0037,0.2875,False,False,1.0135,0.1504,1.6347
1,PYPL,low,-2.8476,9983.69,-0.16,11.4,-11.56,-1.885,-1.175,5,0.4,0.5,0.0026,0.2875,False,False,1.0135,0.1504,1.6347
1,QQQ,low,-1.3148,9988.04,-0.12,3.7,-3.82,-1.787,-1.222,17,0.412,0.44,-0.0413,0.2875,False,False,1.0135,0.1504,1.6347
1,SPY,low,0.3058,9997.19,-0.03,2.68,-2.71,-1.364,-0.466,5,0.2,0.08,0.0463,0.2875,False,False,1.0135,0.1504,1.6347
1,UNG,low,-2.0532,9971.21,-0.29,9.01,-9.3,-2.449,-0.727,5,0.4,0.7,0.0471,0.2875,False,False,1.0135,0.1504,1.6347
1,USO,low,-0.3552,9984.83,-0.15,1.26,-1.41,-1.183,-0.33,5,0.2,0.72,-0.0114,0.2875,False,False,1.0135,0.1504,1.6347
1,XBI,low,-0.2217,9927.9,-0.72,7.16,-7.88,-9.972,-4.737,5,0.0,0.8,-0.016,0.2875,False,False,1.0135,0.1504,1.6347
1,XLE,low,0.801,9990.62,-0.09,6.32,-6.41,-2.386,-1.056,5,0.4,0.31,0.078,0.2875,False,False,1.0135,0.1504,1.6347
2,AAPL,low,-1.8503,9995.77,-0.04,5.17,-5.21,-1.014,-0.465,5,0.6,0.2,-0.0387,0.2869,False,False,0.4909,0.1376,1.2051
2,ARKK,low,-3.2178,9977.07,-0.23,-10.53,10.3,-2.11,-1.38,17,0.353,0.62,-0.0112,0.2869,False,False,0.4909,0.1376,1.2051
2,GLD,low,-1.0461,9997.14,-0.03,-2.13,2.1,-1.794,-1.229,5,0.4,0.09,-0.027,0.2869,False,False,0.4909,0.1376,1.2051
2,IWM,low,0.5695,9991.16,-0.09,-4.34,4.25,-3.231,-1.112,5,0.2,0.18,-0.0449,0.2869,False,False,0.4909,0.1376,1.2051
2,KRE,low,0.6235,9991.42,-0.09,2.77,-2.86,-2.157,-0.7,5,0.6,0.23,-0.0287,0.2869,False,False,0.4909,0.1376,1.2051
2,NFLX,low,-2.2528,9997.48,-0.03,-6.0,5.98,-0.286,-0.174,12,0.417,0.4,-0.0239,0.2869,False,False,0.4909,0.1376,1.2051
2,NVDA,low,0.507,9968.74,-0.31,-1.47,1.15,-1.89,-0.59,9,0.444,1.22,-0.0221,0.2869,False,False,0.4909,0.1376,1.2051
2,PYPL,low,-1.315,9988.22,-0.12,-4.2,4.09,-4.411,-1.699,5,0.0,0.16,-0.0094,0.2869,False,False,0.4909,0.1376,1.2051
2,QQQ,low,-0.8476,9997.31,-0.03,-3.63,3.6,-0.329,-0.193,11,0.545,0.36,-0.0278,0.2869,False,False,0.4909,0.1376,1.2051
2,SPY,low,0.023,9993.18,-0.07,2.9,-2.97,-6.958,-2.779,5,0.2,0.08,-0.0285,0.2869,False,False,0.4909,0.1376,1.2051
2,UNG,low,-3.8405,9977.46,-0.23,-15.38,15.15,-2.498,-0.55,5,0.6,0.4,-0.0042,0.2869,False,False,0.4909,0.1376,1.2051
2,USO,low,0.4284,9996.75,-0.03,4.52,-4.55,-0.254,-0.178,10,0.3,0.86,-0.0127,0.2869,False,False,0.4909,0.1376,1.2051
2,XBI,low,0.447,10002.34,0.02,2.31,-2.29,0.592,0.332,5,0.2,0.19,-0.0163,0.2869,False,False,0.4909,0.1376,1.2051
2,XLE,low,-1.692,9993.58,-0.06,6.53,-6.6,-1.097,-0.417,5,0.2,0.27,-0.0083,0.2869,False,False,0.4909,0.1376,1.2051
3,AAPL,low,-2.2507,9989.77,-0.1,8.89,-8.99,-3.448,-1.13,5,0.4,0.2,0.0159,0.2863,False,False,0.4735,0.1316,0.9174
3,ARKK,low,-5.217,10002.35,0.02,23.05,-23.03,0.374,0.186,6,0.333,0.31,-0.0294,0.2863,False,False,0.4735,0.1316,0.9174
3,GLD,low,-1.7345,9995.14,-0.05,0.49,-0.54,-1.203,-0.826,15,0.4,0.23,-0.033,0.2863,False,False,0.4735,0.1316,0.9174
3,IWM,low,-1.0251,9984.08,-0.16,-0.2,0.04,-5.28,-1.326,5,0.2,0.18,-0.0188,0.2863,False,False,0.4735,0.1316,0.9174
3,KRE,low,-2.2921,9967.84,-0.32,2.75,-3.07,-6.892,-2.004,5,0.2,0.37,0.054,0.2863,False,False,0.4735,0.1316,0.9174
3,NFLX,low,0.4569,9969.96,-0.3,-9.13,8.83,-9.664,-3.62,5,0.0,0.33,-0.0043,0.2863,False,False,0.4735,0.1316,0.9174
3,NVDA,low,-2.006,10074.47,0.74,12.68,-11.93,2.812,3.39,41,0.537,1.2,-0.004,0.2863,False,False,0.4735,0.1316,0.9174
3,PYPL,low,1.2034,9993.43,-0.07,9.77,-9.84,-2.916,-1.096,5,0.4,0.1,-0.0325,0.2863,False,False,0.4735,0.1316,0.9174
3,QQQ,low,0.5861,9997.85,-0.02,4.33,-4.36,-2.218,-0.831,5,0.2,0.04,-0.0333,0.2863,False,False,0.4735,0.1316,0.9174
3,SPY,low,-0.6664,9993.02,-0.07,0.19,-0.26,-3.761,-1.762,5,0.2,0.1,-0.0151,0.2863,False,False,0.4735,0.1316,0.9174
3,UNG,low,0.313,10306.23,3.06,14.69,-11.63,6.71,7.215,41,0.585,1.47,0.0068,0.2863,False,False,0.4735,0.1316,0.9174
3,USO,low,-1.0223,9964.22,-0.36,-3.95,3.59,-5.038,-1.219,5,0.4,0.61,0.0857,0.2863,False,False,0.4735,0.1316,0.9174
3,XBI,low,-3.3807,9975.75,-0.24,11.09,-11.33,-3.376,-1.123,5,0.2,0.45,-0.0197,0.2863,False,False,0.4735,0.1316,0.9174
3,XLE,low,-0.4775,9995.86,-0.04,-0.84,0.8,-1.665,-0.561,5,0.4,0.09,-0.0329,0.2863,False,False,0.4735,0.1316,0.9174
4,AAPL,low,-0.3872,9998.58,-0.01,0.42,-0.43,-0.253,-0.194,14,0.357,0.3,-0.0393,0.2858,False,False,0.5773,0.1044,0.9736
4,ARKK,low,1.1941,9947.68,-0.52,14.96,-15.48,-7.694,-2.658,5,0.0,0.58,0.0747,0.2858,False,False,0.5773,0.1044,0.9736
4,GLD,low,-1.8277,9977.02,-0.23,4.33,-4.56,-8.728,-2.062,5,0.2,0.24,0.0028,0.2858,False,False,0.5773,0.1044,0.9736
4,IWM,low,0.1311,9995.91,-0.04,2.63,-2.67,-2.154,-0.98,5,0.2,0.1,-0.0391,0.2858,False,False,0.5773,0.1044,0.9736
4,KRE,low,-0.159,9999.41,-0.01,-0.21,0.2,-0.171,-0.057,5,0.4,0.14,0.013,0.2858,False,False,0.5773,0.1044,0.9736
4,NFLX,low,-0.3334,9987.98,-0.12,0.66,-0.78,-2.813,-1.253,5,0.4,0.24,0.0745,0.2858,False,False,0.5773,0.1044,0.9736
4,NVDA,low,-0.9989,9967.28,-0.33,-0.17,-0.16,-7.606,-3.084,5,0.2,0.33,-0.0253,0.2858,False,False,0.5773,0.1044,0.9736
4,PYPL,low,-0.8611,9977.16,-0.23,1.61,-1.84,-10.007,-4.629,5,0.0,0.24,-0.0308,0.2858,False,False,0.5773,0.1044,0.9736
4,QQQ,low,-0.0274,9991.36,-0.09,3.2,-3.28,-5.207,-1.877,6,0.667,0.11,-0.0428,0.2858,False,False,0.5773,0.1044,0.9736
4,SPY,low,0.6932,10002.5,0.02,3.06,-3.03,3.013,1.572,5,0.6,0.03,-0.0421,0.2858,False,False,0.5773,0.1044,0.9736
4,UNG,low,-1.3803,9973.71,-0.26,5.76,-6.02,-1.879,-1.086,9,0.333,0.98,-0.0243,0.2858,False,False,0.5773,0.1044,0.9736
4,USO,low,-1.8876,9990.23,-0.1,-8.28,8.19,-1.535,-0.622,5,0.4,0.36,-0.0164,0.2858,False,False,0.5773,0.1044,0.9736
4,XBI,low,-0.4495,9993.55,-0.06,-1.2,1.13,-1.207,-0.535,7,0.429,0.33,-0.0306,0.2858,False,False,0.5773,0.1044,0.9736
4,XLE,low,-1.432,9970.97,-0.29,-1.03,0.74,-6.703,-2.562,5,0.4,0.32,-0.0198,0.2858,False,False,0.5773,0.1044,0.9736
5,AAPL,low,-1.6869,9990.15,-0.1,5.44,-5.54,-2.587,-1.053,5,0.4,0.21,-0.0433,0.2852,False,False,1.2144,0.2585,2.0567
5,ARKK,low,0.4188,9999.46,-0.01,4.97,-4.98,-0.176,-0.129,8,0.5,0.12,-0.0174,0.2852,False,False,1.2144,0.2585,2.0567
5,GLD,low,-0.6563,9966.35,-0.34,7.08,-7.42,-7.367,-4.627,30,0.433,0.4,-0.0252,0.2852,False,False,1.2144,0.2585,2.0567
5,IWM,low,-2.4516,9983.5,-0.17,3.5,-3.67,-2.8,-1.869,18,0.389,0.42,-0.0365,0.2852,False,False,1.2144,0.2585,2.0567
5,KRE,low,0.8201,9967.64,-0.32,-5.07,4.75,-5.881,-1.228,5,0.4,0.41,0.0705,0.2852,False,False,1.2144,0.2585,2.0567
5,NFLX,low,5.5078,10219.49,2.19,19.28,-17.09,7.233,8.157,41,0.585,1.2,0.0066,0.2852,False,False,1.2144,0.2585,2.0567
5,NVDA,low,0.0008,9969.29,-0.31,5.49,-5.8,-3.956,-1.398,5,0.2,0.37,0.0181,0.2852,False,False,1.2144,0.2585,2.0567
5,PYPL,low,-2.9178,9997.44,-0.03,14.79,-14.81,-0.555,-0.25,5,0.4,0.25,-0.0083,0.2852,False,False,1.2144,0.2585,2.0567
5,QQQ,low,-1.7939,9992.95,-0.07,5.13,-5.2,-2.047,-1.011,5,0.4,0.25,0.0716,0.2852,False,False,1.2144,0.2585,2.0567
5,SPY,low,-1.2555,9974.78,-0.25,2.02,-2.27,-8.719,-2.41,5,0.2,0.27,0.0132,0.2852,False,False,1.2144,0.2585,2.0567
5,UNG,low,2.3638,9998.44,-0.02,-13.11,13.09,-0.105,-0.044,5,0.4,0.59,-0.0218,0.2852,False,False,1.2144,0.2585,2.0567
5,USO,low,-1.7581,9963.41,-0.37,-6.0,5.63,-6.057,-1.498,5,0.4,0.51,0.0749,0.2852,False,False,1.2144,0.2585,2.0567
5,XBI,low,0.7148,9942.05,-0.58,9.46,-10.04,-9.321,-3.194,5,0.0,0.73,-0.0216,0.2852,False,False,1.2144,0.2585,2.0567
5,XLE,low,-0.0259,9988.95,-0.11,-5.56,5.45,-1.808,-1.431,19,0.579,0.3,-0.0396,0.2852,False,False,1.2144,0.2585,2.0567
6,AAPL,low,0.6945,9995.68,-0.04,-7.36,7.32,-0.788,-0.676,15,0.4,0.26,-0.0393,0.2846,False,False,0.4255,0.0741,0.6987
6,ARKK,low,1.3962,9979.96,-0.2,-8.81,8.61,-2.099,-0.689,6,0.5,0.47,-0.0223,0.2846,False,False,0.4255,0.0741,0.6987
6,GLD,low,-0.453,9993.35,-0.07,-1.3,1.23,-3.03,-1.179,5,0.4,0.14,-0.0191,0.2846,False,False,0.4255,0.0741,0.6987
6,IWM,low,0.4936,9999.37,-0.01,-2.97,2.97,-0.209,-0.088,5,0.4,0.07,-0.0453,0.2846,False,False,0.4255,0.0741,0.6987
6,KRE,low,-3.7294,9963.08,-0.37,13.62,-13.99,-10.031,-3.243,5,0.2,0.43,-0.0158,0.2846,False,False,0.4255,0.0741,0.6987
6,NFLX,low,-2.9331,9970.89,-0.29,11.54,-11.83,-4.924,-2.212,5,0.2,0.39,-0.0199,0.2846,False,False,0.4255,0.0741,0.6987
6,NVDA,low,1.0437,9959.75,-0.4,-10.8,10.4,-9.194,-3.819,5,0.2,0.45,-0.0284,0.2846,False,False,0.4255,0.0741,0.6987
6,PYPL,low,1.1116,9987.61,-0.12,-8.12,7.99,-1.857,-0.627,5,0.4,0.22,-0.0242,0.2846,False,False,0.4255,0.0741,0.6987
6,QQQ,low,-0.8379,9996.49,-0.04,3.92,-3.95,-2.019,-0.842,5,0.6,0.08,-0.0608,0.2846,False,False,0.4255,0.0741,0.6987
6,SPY,low,-0.9979,9995.69,-0.04,-2.62,2.58,-5.297,-1.906,5,0.2,0.05,-0.0325,0.2846,False,False,0.4255,0.0741,0.6987
6,UNG,low,-2.8881,9970.52,-0.29,7.49,-7.79,-2.974,-1.046,6,0.5,0.48,-0.0221,0.2846,False,False,0.4255,0.0741,0.6987
6,USO,low,-1.8621,9866.54,-1.33,1.76,-3.1,-4.995,-1.651,13,0.385,1.65,-0.0226,0.2846,False,False,0.4255,0.0741,0.6987
6,XBI,low,-2.5448,9989.28,-0.11,-5.61,5.5,-0.973,-0.561,17,0.471,0.51,-0.0144,0.2846,False,False,0.4255,0.0741,0.6987
6,XLE,low,-1.676,9995.68,-0.04,5.69,-5.73,-1.0,-0.637,9,0.333,0.14,-0.0274,0.2846,False,False,0.4255,0.0741,0.6987
7,AAPL,low,-1.4071,9991.25,-0.09,2.0,-2.09,-1.984,-1.022,12,0.417,0.37,-0.0384,0.2841,False,False,0.6556,0.0899,1.6966
7,ARKK,low,0.9437,9997.31,-0.03,-3.82,3.79,-0.582,-0.276,5,0.6,0.3,0.0692,0.2841,False,False,0.6556,0.0899,1.6966
7,GLD,low,-1.36,9967.31,-0.33,-2.41,2.08,-5.441,-1.202,5,0.4,0.34,-0.0324,0.2841,False,False,0.6556,0.0899,1.6966
7,IWM,low,-0.6923,9990.38,-0.1,-1.39,1.3,-3.502,-1.178,5,0.6,0.22,0.0516,0.2841,False,False,0.6556,0.0899,1.6966
7,KRE,low,-1.1594,9990.66,-0.09,0.1,-0.2,-0.768,-0.559,27,0.481,0.51,-0.0276,0.2841,False,False,0.6556,0.0899,1.6966
7,NFLX,low,0.2454,9984.21,-0.16,5.58,-5.74,-5.898,-1.874,5,0.2,0.2,-0.0138,0.2841,False,False,0.6556,0.0899,1.6966
7,NVDA,low,0.3179,9963.86,-0.36,-6.54,6.18,-7.243,-2.092,5,0.0,0.45,-0.0101,0.2841,False,False,0.6556,0.0899,1.6966
7,PYPL,low,0.2262,9999.43,-0.01,0.55,-0.56,-0.21,-0.076,5,0.4,0.15,-0.0315,0.2841,False,False,0.6556,0.0899,1.6966
7,QQQ,low,-0.364,9996.15,-0.04,-0.3,0.27,-2.771,-0.953,5,0.0,0.05,-0.0343,0.2841,False,False,0.6556,0.0899,1.6966
7,SPY,low,-1.6679,9982.22,-0.18,2.86,-3.04,-1.668,-0.72,13,0.538,0.64,-0.0466,0.2841,False,False,0.6556,0.0899,1.6966
7,UNG,low,-4.5899,9906.39,-0.94,19.8,-20.74,-7.585,-1.529,5,0.4,1.17,0.0727,0.2841,False,False,0.6556,0.0899,1.6966
7,USO,low,-1.0651,9965.95,-0.34,2.11,-2.45,-7.172,-2.802,5,0.0,0.36,0.068,0.2841,False,False,0.6556,0.0899,1.6966
7,XBI,low,-0.6818,9998.22,-0.02,-0.56,0.54,-0.362,-0.161,5,0.4,0.29,0.0712,0.2841,False,False,0.6556,0.0899,1.6966
7,XLE,low,-3.3156,9942.28,-0.58,9.49,-10.07,-10.422,-2.859,5,0.0,0.6,0.0241,0.2841,False,False,0.6556,0.0899,1.6966
8,AAPL,low,-2.886,9968.27,-0.32,10.55,-10.87,-6.421,-1.991,5,0.0,0.41,-0.0208,0.2835,False,False,0.5324,0.0579,1.4697
8,ARKK,low,-2.7027,9987.57,-0.12,-5.16,5.04,-2.168,-1.516,14,0.429,0.45,-0.0285,0.2835,False,False,0.5324,0.0579,1.4697
8,GLD,low,0.3468,9979.2,-0.21,-2.22,2.01,-3.37,-0.912,8,0.5,0.34,-0.0521,0.2835,False,False,0.5324,0.0579,1.4697
8,IWM,low,-0.8094,9988.26,-0.12,1.17,-1.29,-2.212,-0.653,5,0.6,0.35,0.0742,0.2835,False,False,0.5324,0.0579,1.4697
8,KRE,low,2.7087,9998.73,-0.01,16.56,-16.57,-0.321,-0.123,5,0.6,0.16,-0.0183,0.2835,False,False,0.5324,0.0579,1.4697
8,NFLX,low,-1.1569,9994.5,-0.05,3.1,-3.15,-0.668,-0.781,34,0.441,0.36,-0.0274,0.2835,False,False,0.5324,0.0579,1.4697
8,NVDA,low,1.7064,9996.85,-0.03,11.65,-11.68,-0.992,-0.572,5,0.4,0.12,-0.029,0.2835,False,False,0.5324,0.0579,1.4697
8,PYPL,low,-1.0194,9987.78,-0.12,2.02,-2.14,-4.924,-2.559,5,0.4,0.19,0.0019,0.2835,False,False,0.5324,0.0579,1.4697
8,QQQ,low,-2.2341,9975.24,-0.25,6.38,-6.63,-7.599,-1.971,5,0.2,0.26,-0.0537,0.2835,False,False,0.5324,0.0579,1.4697
8,SPY,low,-1.3116,9991.76,-0.08,-1.91,1.82,-5.752,-2.68,5,0.2,0.13,-0.0287,0.2835,False,False,0.5324,0.0579,1.4697
8,UNG,low,2.1952,10006.92,0.07,-14.92,14.98,0.308,0.254,17,0.353,1.18,-0.0251,0.2835,False,False,0.5324,0.0579,1.4697
8,USO,low,1.1888,9987.07,-0.13,6.99,-7.12,-3.819,-1.222,5,0.4,0.25,0.0317,0.2835,False,False,0.5324,0.0579,1.4697
8,XBI,low,-2.7268,9986.57,-0.13,8.04,-8.18,-1.481,-0.73,8,0.5,0.63,-0.0361,0.2835,False,False,0.5324,0.0579,1.4697
8,XLE,low,2.4659,9998.74,-0.01,-13.2,13.18,-0.318,-0.12,5,0.6,0.24,-0.0033,0.2835,False,False,0.5324,0.0579,1.4697
9,AAPL,low,0.4302,9996.93,-0.03,3.49,-3.52,-1.272,-0.734,5,0.4,0.12,-0.0286,0.2829,False,False,0.7953,0.1436,1.689
9,ARKK,low,1.2333,9954.21,-0.46,11.05,-11.51,-4.976,-1.86,11,0.545,0.75,-0.0146,0.2829,False,False,0.7953,0.1436,1.689
9,GLD,low,0.2422,9995.85,-0.04,3.3,-3.34,-3.075,-1.44,5,0.2,0.09,-0.0138,0.2829,False,False,0.7953,0.1436,1.689
9,IWM,low,-0.3038,9995.35,-0.05,-0.0,-0.04,-2.84,-1.508,5,0.4,0.11,-0.0578,0.2829,False,False,0.7953,0.1436,1.689
9,KRE,low,-0.084,9976.74,-0.23,-3.24,3.01,-6.806,-2.476,5,0.0,0.3,-0.0435,0.2829,False,False,0.7953,0.1436,1.689
9,NFLX,low,-2.7867,9984.59,-0.15,12.08,-12.23,-0.605,-0.245,12,0.417,1.84,-0.0297,0.2829,False,False,0.7953,0.1436,1.689
9,NVDA,low,1.8678,9938.7,-0.61,16.19,-16.8,-9.411,-2.971,5,0.2,0.87,0.062,0.2829,False,False,0.7953,0.1436,1.689
9,PYPL,low,-0.4136,10046.29,0.46,1.53,-1.06,3.779,4.365,40,0.5,0.41,-0.0213,0.2829,False,False,0.7953,0.1436,1.689
9,QQQ,low,-0.7291,9994.12,-0.06,-0.63,0.58,-4.388,-1.857,5,0.2,0.1,-0.031,0.2829,False,False,0.7953,0.1436,1.689
9,SPY,low,-0.6174,9999.41,-0.01,1.43,-1.44,-0.598,-0.292,5,0.2,0.06,-0.0261,0.2829,False,False,0.7953,0.1436,1.689
9,UNG,low,3.0548,9979.73,-0.2,-17.14,16.94,-3.787,-1.348,5,0.2,0.32,0.0243,0.2829,False,False,0.7953,0.1436,1.689
9,USO,low,2.4508,9993.19,-0.07,-10.43,10.36,-0.952,-0.256,5,0.4,0.4,-0.0111,0.2829,False,False,0.7953,0.1436,1.689
9,XBI,low,-0.7541,9995.37,-0.05,2.26,-2.31,-1.191,-0.506,5,0.6,0.18,-0.0219,0.2829,False,False,0.7953,0.1436,1.689
9,XLE,low,-2.2624,9992.02,-0.08,3.08,-3.16,-0.591,-0.429,10,0.3,0.64,-0.0422,0.2829,False,False,0.7953,0.1436,1.689
10,AAPL,low,-1.3593,9976.64,-0.23,0.29,-0.52,-7.036,-2.177,6,0.5,0.35,-0.032,0.2823,False,False,1.7842,0.2247,2.3775
10,ARKK,low,0.6563,9928.24,-0.72,12.72,-13.43,-9.494,-2.258,5,0.2,0.72,-0.0151,0.2823,False,False,1.7842,0.2247,2.3775
10,GLD,low,0.967,9994.23,-0.06,-4.71,4.66,-1.773,-0.692,6,0.333,0.17,-0.0507,0.2823,False,False,1.7842,0.2247,2.3775
10,IWM,low,-0.9591,9965.82,-0.34,1.88,-2.22,-7.982,-2.88,5,0.4,0.42,-0.0278,0.2823,False,False,1.7842,0.2247,2.3775
10,KRE,low,-2.5428,9977.07,-0.23,-5.01,4.78,-1.773,-1.554,40,0.45,0.89,-0.021,0.2823,False,False,1.7842,0.2247,2.3775
10,NFLX,low,-3.1923,9981.73,-0.18,12.36,-12.54,-2.139,-1.044,10,0.5,0.64,-0.0369,0.2823,False,False,1.7842,0.2247,2.3775
10,NVDA,low,-4.4221,9987.55,-0.12,-16.28,16.15,-1.362,-0.489,5,0.8,0.45,0.0183,0.2823,False,False,1.7842,0.2247,2.3775
10,PYPL,low,1.6028,9999.48,-0.01,-7.39,7.38,-0.063,-0.02,5,0.8,0.42,0.0451,0.2823,False,False,1.7842,0.2247,2.3775
10,QQQ,low,-0.7541,9995.04,-0.05,-0.79,0.74,-3.834,-2.009,5,0.2,0.1,-0.0382,0.2823,False,False,1.7842,0.2247,2.3775
10,SPY,low,2.2006,10074.6,0.75,4.48,-3.73,5.213,5.167,40,0.65,0.56,-0.0234,0.2823,False,False,1.7842,0.2247,2.3775
10,UNG,low,-4.7695,9954.1,-0.46,-17.95,17.49,-3.96,-0.85,5,0.4,0.98,0.0695,0.2823,False,False,1.7842,0.2247,2.3775
10,USO,low,1.377,9837.84,-1.62,17.56,-19.18,-5.068,-1.414,9,0.444,1.85,-0.0197,0.2823,False,False,1.7842,0.2247,2.3775
10,XBI,low,-1.2544,9963.84,-0.36,0.72,-1.08,-9.341,-2.928,5,0.2,0.4,-0.0223,0.2823,False,False,1.7842,0.2247,2.3775
10,XLE,low,3.288,9962.12,-0.38,-21.48,21.1,-6.928,-1.786,5,0.0,0.47,-0.0373,0.2823,False,False,1.7842,0.2247,2.3775
11,AAPL,low,-1.2087,9983.61,-0.16,2.2,-2.36,-8.324,-3.827,5,0.0,0.18,-0.0191,0.2818,False,False,0.7237,2.2344,2.8614
11,ARKK,low,1.7795,9991.2,-0.09,-11.1,11.01,-1.619,-0.697,5,0.4,0.3,0.0605,0.2818,False,False,0.7237,2.2344,2.8614
11,GLD,low,-2.1498,9985.04,-0.15,8.54,-8.69,-4.905,-1.161,5,0.4,0.2,-0.0542,0.2818,False,False,0.7237,2.2344,2.8614
11,IWM,low,-0.9323,9984.37,-0.16,-0.99,0.83,-10.508,-4.735,5,0.2,0.17,-0.051,0.2818,False,False,0.7237,2.2344,2.8614
11,KRE,low,-1.5957,9999.75,-0.0,7.27,-7.27,-0.048,-0.017,5,0.6,0.27,-0.0493,0.2818,False,False,0.7237,2.2344,2.8614
11,NFLX,low,0.5928,9979.07,-0.21,8.53,-8.74,-5.858,-2.604,5,0.2,0.23,-0.0377,0.2818,False,False,0.7237,2.2344,2.8614
11,NVDA,low,-3.01,9967.01,-0.33,13.36,-13.69,-5.791,-2.257,5,0.4,0.47,-0.0438,0.2818,False,False,0.7237,2.2344,2.8614
11,PYPL,low,-2.8192,9979.15,-0.21,13.68,-13.89,-3.034,-1.166,5,0.4,0.66,0.0477,0.2818,False,False,0.7237,2.2344,2.8614
11,QQQ,low,-0.8447,9991.3,-0.09,0.16,-0.25,-6.569,-3.048,5,0.0,0.09,-0.0141,0.2818,False,False,0.7237,2.2344,2.8614
11,SPY,low,-2.1385,9970.7,-0.29,1.52,-1.82,-11.855,-3.552,5,0.0,0.31,-0.0286,0.2818,False,False,0.7237,2.2344,2.8614
11,UNG,low,1.4398,9953.21,-0.47,-10.55,10.08,-3.074,-1.353,12,0.583,1.49,-0.0312,0.2818,False,False,0.7237,2.2344,2.8614
11,USO,low,0.055,9914.72,-0.85,6.29,-7.15,-5.533,-1.068,5,0.2,1.02,-0.0197,0.2818,False,False,0.7237,2.2344,2.8614
11,XBI,low,-0.8631,9990.38,-0.1,-0.5,0.4,-2.482,-1.16,7,0.429,0.21,-0.0321,0.2818,False,False,0.7237,2.2344,2.8614
11,XLE,low,-1.2292,9990.39,-0.1,2.54,-2.63,-4.365,-1.913,5,0.4,0.15,0.0119,0.2818,False,False,0.7237,2.2344,2.8614
12,AAPL,low,-40.4747,9995.42,-0.05,-71.81,71.76,-1.244,-0.443,5,0.6,0.15,-0.0361,0.2812,False,False,1.2663,0.1762,3.3249
12,ARKK,low,-2.267,9973.39,-0.27,6.75,-7.02,-5.146,-2.09,5,0.4,0.32,-0.0403,0.2812,False,False,1.2663,0.1762,3.3249
12,GLD,low,-0.6533,10005.14,0.05,1.02,-0.97,1.974,1.803,12,0.167,0.21,-0.0469,0.2812,False,False,1.2663,0.1762,3.3249
12,IWM,low,-1.2472,9957.64,-0.42,-0.92,0.5,-7.662,-1.762,5,0.4,0.52,0.059,0.2812,False,False,1.2663,0.1762,3.3249
12,KRE,low,-0.7058,9979.33,-0.21,-0.31,0.11,-2.39,-1.434,8,0.375,0.7,-0.0418,0.2812,False,False,1.2663,0.1762,3.3249
12,NFLX,low,-0.204,9933.97,-0.66,-4.32,3.65,-6.966,-1.571,5,0.0,0.72,0.0628,0.2812,False,False,1.2663,0.1762,3.3249
12,NVDA,low,0.878,9985.02,-0.15,-1.5,1.35,-2.447,-0.55,5,0.6,0.42,0.0694,0.2812,False,False,1.2663,0.1762,3.3249
12,PYPL,low,-1.3045,9996.75,-0.03,4.33,-4.36,-0.881,-0.464,5,0.4,0.15,0.0319,0.2812,False,False,1.2663,0.1762,3.3249
12,QQQ,low,1.5294,10014.38,0.14,7.28,-7.13,1.583,1.085,20,0.55,0.71,-0.0352,0.2812,False,False,1.2663,0.1762,3.3249
12,SPY,low,0.13,10006.67,0.07,-0.56,0.63,1.694,1.418,18,0.5,0.18,-0.0333,0.2812,False,False,1.2663,0.1762,3.3249
12,UNG,low,4.4454,9991.57,-0.08,-23.56,23.47,-0.711,-0.455,5,0.4,0.35,-0.0313,0.2812,False,False,1.2663,0.1762,3.3249
12,USO,low,-2.2119,9980.59,-0.19,6.26,-6.45,-4.263,-1.883,5,0.4,0.26,0.0072,0.2812,False,False,1.2663,0.1762,3.3249
12,XBI,low,-0.8553,9996.2,-0.04,6.42,-6.46,-0.292,-0.31,40,0.5,0.62,-0.0213,0.2812,False,False,1.2663,0.1762,3.3249
12,XLE,low,-1.3202,9996.12,-0.04,-4.61,4.57,-1.023,-0.402,5,0.4,0.17,-0.0343,0.2812,False,False,1.2663,0.1762,3.3249
13,AAPL,low,-4.1963,9984.78,-0.15,10.86,-11.01,-1.022,-1.02,34,0.5,0.71,-0.0308,0.2807,False,False,0.7039,0.1154,0.9645
13,ARKK,low,0.1207,9980.56,-0.19,-2.14,1.94,-1.233,-0.715,17,0.588,1.06,-0.0328,0.2807,False,False,0.7039,0.1154,0.9645
13,GLD,low,0.1658,9998.57,-0.01,1.78,-1.8,-1.958,-0.86,5,0.2,0.03,-0.0363,0.2807,False,False,0.7039,0.1154,0.9645
13,IWM,low,-1.0022,9981.73,-0.18,-1.97,1.78,-7.433,-2.223,5,0.2,0.21,-0.0429,0.2807,False,False,0.7039,0.1154,0.9645
13,KRE,low,-1.4325,9978.5,-0.22,-3.78,3.57,-3.418,-1.359,7,0.571,0.46,-0.0355,0.2807,False,False,0.7039,0.1154,0.9645
13,NFLX,low,6.4156,10193.99,1.94,-12.7,14.64,9.755,11.616,41,0.683,0.62,-0.0221,0.2807,False,False,0.7039,0.1154,0.9645
13,NVDA,low,7.3511,10218.11,2.18,32.25,-30.07,8.81,8.911,40,0.6,0.66,-0.0101,0.2807,False,False,0.7039,0.1154,0.9645
13,PYPL,low,1.593,9991.51,-0.08,10.37,-10.45,-2.04,-0.612,5,0.8,0.21,-0.0249,0.2807,False,False,0.7039,0.1154,0.9645
13,QQQ,low,0.8362,9968.56,-0.31,-7.65,7.33,-6.501,-1.798,5,0.0,0.39,0.0391,0.2807,False,False,0.7039,0.1154,0.9645
13,SPY,low,-0.8585,9988.43,-0.12,-1.6,1.48,-4.415,-2.001,7,0.429,0.22,-0.0406,0.2807,False,False,0.7039,0.1154,0.9645
13,UNG,low,0.1293,10052.22,0.52,1.7,-1.18,1.284,1.221,21,0.476,1.61,-0.0142,0.2807,False,False,0.7039,0.1154,0.9645
13,USO,low,-1.8669,9968.27,-0.32,8.37,-8.69,-2.876,-0.708,5,0.4,0.83,0.0597,0.2807,False,False,0.7039,0.1154,0.9645
13,XBI,low,-0.5618,9993.45,-0.07,-6.33,6.26,-0.368,-0.392,41,0.585,1.29,-0.0156,0.2807,False,False,0.7039,0.1154,0.9645
13,XLE,low,-2.2104,10000.36,0.0,7.84,-7.84,0.048,0.034,7,0.286,0.36,-0.041,0.2807,False,False,0.7039,0.1154,0.9645
14,AAPL,low,-0.7776,9984.74,-0.15,-1.49,1.33,-4.916,-2.059,5,0.4,0.26,0.0527,0.2801,False,False,0.461,0.164,1.1191
14,ARKK,low,-3.5563,9977.69,-0.22,-12.83,12.6,-3.039,-1.212,5,0.6,0.29,0.0397,0.2801,False,False,0.461,0.164,1.1191
14,GLD,low,0.1148,9995.41,-0.05,-4.43,4.39,-4.792,-2.207,5,0.4,0.06,-0.0426,0.2801,False,False,0.461,0.164,1.1191
14,IWM,low,-0.9945,9984.53,-0.15,0.65,-0.81,-5.725,-3.153,8,0.625,0.18,-0.0443,0.2801,False,False,0.461,0.164,1.1191
14,KRE,low,-1.7819,10011.51,0.12,-0.44,0.55,0.758,0.804,40,0.45,0.56,-0.0263,0.2801,False,False,0.461,0.164,1.1191
14,NFLX,low,-0.4192,9994.99,-0.05,-0.27,0.22,-1.367,-0.614,5,0.2,0.23,-0.0461,0.2801,False,False,0.461,0.164,1.1191
14,NVDA,low,8.9217,9954.29,-0.46,-73.29,72.84,-11.393,-3.856,5,0.0,0.52,0.0548,0.2801,False,False,0.461,0.164,1.1191
14,PYPL,low,0.6112,9990.35,-0.1,3.75,-3.85,-1.604,-0.764,5,0.4,0.43,0.0509,0.2801,False,False,0.461,0.164,1.1191
14,QQQ,low,-2.5164,9989.4,-0.11,-7.43,7.32,-8.5,-2.892,5,0.2,0.11,-0.0424,0.2801,False,False,0.461,0.164,1.1191
14,SPY,low,-1.8055,9988.88,-0.11,2.76,-2.87,-8.568,-3.973,5,0.2,0.14,-0.0301,0.2801,False,False,0.461,0.164,1.1191
14,UNG,low,-1.4294,9936.1,-0.64,-1.25,0.62,-3.052,-1.389,14,0.5,1.55,-0.0342,0.2801,False,False,0.461,0.164,1.1191
14,USO,low,-2.1761,9996.11,-0.04,11.73,-11.77,-0.817,-0.33,6,0.5,0.18,-0.0466,0.2801,False,False,0.461,0.164,1.1191
14,XBI,low,2.4462,10147.45,1.47,-3.16,4.63,7.147,8.919,40,0.55,0.73,-0.0277,0.2801,False,False,0.461,0.164,1.1191
14,XLE,low,-1.1776,9972.77,-0.27,0.73,-1.0,-9.22,-4.145,5,0.0,0.28,-0.0196,0.2801,False,False,0.461,0.164,1.1191
15,AAPL,low,-0.6369,9994.73,-0.05,0.24,-0.29,-1.863,-0.902,5,0.4,0.18,0.0404,0.2795,False,False,0.7448,0.0708,1.2602
15,ARKK,low,2.173,9969.29,-0.31,-10.88,10.58,-4.367,-1.4,5,0.6,0.44,-0.0389,0.2795,False,False,0.7448,0.0708,1.2602
15,GLD,low,-1.7011,9989.13,-0.11,-3.95,3.84,-5.705,-2.79,5,0.2,0.13,-0.0475,0.2795,False,False,0.7448,0.0708,1.2602
15,IWM,low,-1.5405,9990.29,-0.1,6.47,-6.57,-4.206,-1.197,5,0.2,0.2,-0.0188,0.2795,False,False,0.7448,0.0708,1.2602
15,KRE,low,0.2508,9990.46,-0.1,4.17,-4.26,-4.614,-1.822,5,0.4,0.11,-0.0384,0.2795,False,False,0.7448,0.0708,1.2602
15,NFLX,low,8.0645,9996.71,-0.03,-42.79,42.76,-0.55,-0.17,5,0.4,0.22,-0.0367,0.2795,False,False,0.7448,0.0708,1.2602
15,NVDA,low,-1.2438,9939.8,-0.6,1.45,-2.05,-9.448,-3.588,5,0.0,0.6,0.0506,0.2795,False,False,0.7448,0.0708,1.2602
15,PYPL,low,-2.146,9981.85,-0.18,-8.05,7.87,-3.003,-1.184,5,0.2,0.45,-0.0375,0.2795,False,False,0.7448,0.0708,1.2602
15,QQQ,low,0.2195,9989.55,-0.1,-3.5,3.39,-3.559,-1.14,5,0.4,0.17,-0.0599,0.2795,False,False,0.7448,0.0708,1.2602
15,SPY,low,-2.4037,9981.95,-0.18,5.93,-6.11,-9.426,-4.027,5,0.2,0.21,-0.0625,0.2795,False,False,0.7448,0.0708,1.2602
15,UNG,low,-1.9334,9990.74,-0.09,8.57,-8.67,-0.753,-0.178,5,0.4,0.59,-0.0373,0.2795,False,False,0.7448,0.0708,1.2602
15,USO,low,-1.4925,9982.19,-0.18,5.56,-5.74,-2.008,-0.554,5,0.4,0.62,-0.0491,0.2795,False,False,0.7448,0.0708,1.2602
15,XBI,low,0.6751,9986.47,-0.14,-5.3,5.16,-3.2,-1.159,5,0.4,0.14,-0.0483,0.2795,False,False,0.7448,0.0708,1.2602
15,XLE,low,0.6424,9975.48,-0.25,7.75,-8.0,-4.959,-1.95,7,0.429,0.38,-0.0416,0.2795,False,False,0.7448,0.0708,1.2602
16,AAPL,low,-0.3764,10000.36,0.0,-0.33,0.34,0.148,0.064,5,0.6,0.07,-0.0506,0.279,False,False,1.0589,0.2658,3.263
16,ARKK,low,-1.2822,10006.7,0.07,-6.01,6.08,1.936,1.036,8,0.625,0.15,-0.0454,0.279,False,False,1.0589,0.2658,3.263
16,GLD,low,-1.7921,9997.37,-0.03,2.2,-2.23,-0.686,-0.664,39,0.462,0.13,-0.0346,0.279,False,False,1.0589,0.2658,3.263
16,IWM,low,-1.2996,9999.69,-0.0,-5.8,5.79,-0.089,-0.047,6,0.5,0.15,-0.0446,0.279,False,False,1.0589,0.2658,3.263
16,KRE,low,0.8391,9980.07,-0.2,-6.6,6.4,-4.806,-1.43,5,0.6,0.38,0.0105,0.279,False,False,1.0589,0.2658,3.263
16,NFLX,low,-0.3819,9994.63,-0.05,-0.71,0.66,-0.663,-0.328,9,0.556,0.35,-0.0428,0.279,False,False,1.0589,0.2658,3.263
16,NVDA,low,-8.5449,9970.85,-0.29,34.22,-34.51,-2.955,-2.427,26,0.462,0.62,-0.0337,0.279,False,False,1.0589,0.2658,3.263
16,PYPL,low,-1.3354,9981.66,-0.18,2.19,-2.37,-7.035,-3.34,5,0.2,0.26,-0.0145,0.279,False,False,1.0589,0.2658,3.263
16,QQQ,low,-1.0851,9993.04,-0.07,0.45,-0.52,-1.248,-0.99,18,0.389,0.28,-0.0556,0.279,False,False,1.0589,0.2658,3.263
16,SPY,low,0.0977,9999.1,-0.01,-2.23,2.22,-0.552,-0.276,5,0.4,0.06,-0.0001,0.279,False,False,1.0589,0.2658,3.263
16,UNG,low,-6.8387,9945.78,-0.54,-23.07,22.53,-7.194,-2.312,5,0.2,0.57,-0.024,0.279,False,False,1.0589,0.2658,3.263
16,USO,low,-1.2532,9989.94,-0.1,-1.64,1.54,-2.347,-1.379,8,0.5,0.22,-0.0329,0.279,False,False,1.0589,0.2658,3.263
16,XBI,low,1.4119,10001.45,0.01,1.43,-1.42,0.381,0.183,9,0.556,0.18,-0.0532,0.279,False,False,1.0589,0.2658,3.263
16,XLE,low,-1.8162,9989.53,-0.1,-5.51,5.4,-4.484,-1.854,5,0.4,0.14,-0.032,0.279,False,False,1.0589,0.2658,3.263
17,AAPL,low,-0.7396,9977.78,-0.22,5.66,-5.89,-2.504,-2.279,30,0.4,0.48,-0.0323,0.2784,False,False,0.4537,0.3031,0.9306
17,ARKK,low,-1.5282,9987.67,-0.12,3.85,-3.98,-3.412,-1.484,5,0.4,0.27,-0.0034,0.2784,False,False,0.4537,0.3031,0.9306
17,GLD,low,0.1036,9993.73,-0.06,2.4,-2.46,-2.732,-0.557,5,0.8,0.13,-0.0269,0.2784,False,False,0.4537,0.3031,0.9306
17,IWM,low,-1.0139,10010.3,0.1,-0.7,0.8,1.017,0.955,39,0.615,0.63,-0.0325,0.2784,False,False,0.4537,0.3031,0.9306
17,KRE,low,-0.9864,9963.06,-0.37,0.4,-0.77,-5.812,-1.906,8,0.5,0.53,-0.0514,0.2784,False,False,0.4537,0.3031,0.9306
17,NFLX,low,-1.6048,9995.98,-0.04,-4.44,4.4,-0.696,-0.434,14,0.5,0.32,-0.0366,0.2784,False,False,0.4537,0.3031,0.9306
17,NVDA,low,1.6639,9994.5,-0.06,-11.55,11.49,-0.827,-0.231,5,0.4,0.41,0.0423,0.2784,False,False,0.4537,0.3031,0.9306
17,PYPL,low,-1.7023,9985.08,-0.15,2.93,-3.08,-1.89,-1.341,17,0.353,0.45,-0.0405,0.2784,False,False,0.4537,0.3031,0.9306
17,QQQ,low,-0.5613,9987.79,-0.12,-1.14,1.02,-3.095,-1.361,5,0.6,0.24,0.0266,0.2784,False,False,0.4537,0.3031,0.9306
17,SPY,low,-2.0698,9994.33,-0.06,5.88,-5.93,-2.379,-1.507,8,0.5,0.14,-0.0555,0.2784,False,False,0.4537,0.3031,0.9306
17,UNG,low,-1.7114,9991.18,-0.09,5.86,-5.95,-0.127,-0.111,41,0.61,2.78,-0.0186,0.2784,False,False,0.4537,0.3031,0.9306
17,USO,low,1.6433,9994.6,-0.05,11.11,-11.16,-2.222,-0.962,7,0.429,0.11,-0.0412,0.2784,False,False,0.4537,0.3031,0.9306
17,XBI,low,-3.4643,9983.98,-0.16,6.44,-6.6,-1.248,-0.957,22,0.455,0.67,-0.0434,0.2784,False,False,0.4537,0.3031,0.9306
17,XLE,low,-0.6304,10036.81,0.37,4.34,-3.98,1.537,1.679,40,0.475,1.14,-0.0245,0.2784,False,False,0.4537,0.3031,0.9306
18,AAPL,low,-2.0424,9983.0,-0.17,-3.86,3.69,-1.133,-0.995,36,0.444,0.59,-0.032,0.2779,False,False,0.8395,0.3645,2.3699
18,ARKK,low,-4.9277,9991.1,-0.09,-15.9,15.81,-0.961,-0.474,6,0.667,0.35,-0.0273,0.2779,False,False,0.8395,0.3645,2.3699
18,GLD,low,-1.1033,9992.49,-0.08,2.65,-2.73,-4.026,-1.447,5,0.2,0.12,-0.0558,0.2779,False,False,0.8395,0.3645,2.3699
18,IWM,low,-1.4721,9994.31,-0.06,3.28,-3.34,-2.019,-0.804,5,0.4,0.15,-0.0268,0.2779,False,False,0.8395,0.3645,2.3699
18,KRE,low,0.6155,9969.73,-0.3,12.14,-12.44,-9.043,-3.745,5,0.0,0.33,-0.0337,0.2779,False,False,0.8395,0.3645,2.3699
18,NFLX,low,-1.3198,9978.35,-0.22,-4.51,4.29,-3.415,-1.371,5,0.4,0.46,0.0498,0.2779,False,False,0.8395,0.3645,2.3699
18,NVDA,low,-1.4396,9966.63,-0.33,1.46,-1.79,-7.823,-3.377,5,0.2,0.4,-0.0404,0.2779,False,False,0.8395,0.3645,2.3699
18,PYPL,low,1.1142,9989.51,-0.1,-7.87,7.76,-2.184,-0.82,5,0.6,0.42,0.0462,0.2779,False,False,0.8395,0.3645,2.3699
18,QQQ,low,-0.3979,9990.29,-0.1,-2.03,1.94,-6.091,-2.768,5,0.2,0.14,-0.0586,0.2779,False,False,0.8395,0.3645,2.3699
18,SPY,low,-0.1379,9985.86,-0.14,5.73,-5.87,-3.682,-1.487,8,0.375,0.29,-0.0398,0.2779,False,False,0.8395,0.3645,2.3699
18,UNG,low,4.4566,9978.59,-0.21,-24.37,24.15,-3.086,-1.063,5,0.4,0.7,0.0348,0.2779,False,False,0.8395,0.3645,2.3699
18,USO,low,-3.9838,9986.31,-0.14,16.26,-16.4,-2.363,-0.842,5,0.2,0.34,-0.0374,0.2779,False,False,0.8395,0.3645,2.3699
18,XBI,low,1.1927,9995.61,-0.04,6.94,-6.99,-1.093,-0.444,5,0.4,0.3,0.0466,0.2779,False,False,0.8395,0.3645,2.3699
18,XLE,low,-1.0181,9946.45,-0.54,-1.7,1.16,-9.395,-2.338,5,0.2,0.7,0.0479,0.2779,False,False,0.8395,0.3645,2.3699
19,AAPL,low,-3.0823,10000.44,0.0,-8.95,8.96,0.056,0.051,29,0.552,0.41,-0.0304,0.2773,False,False,0.805,0.2177,1.6548
19,ARKK,low,0.169,9986.72,-0.13,-6.02,5.89,-2.381,-1.374,8,0.375,0.33,-0.0378,0.2773,False,False,0.805,0.2177,1.6548
19,GLD,low,-1.9001,9979.03,-0.21,0.56,-0.77,-12.688,-4.543,5,0.0,0.23,-0.0262,0.2773,False,False,0.805,0.2177,1.6548
19,IWM,low,-0.7696,9971.21,-0.29,2.69,-2.98,-6.051,-1.951,9,0.444,0.39,-0.0362,0.2773,False,False,0.805,0.2177,1.6548
19,KRE,low,1.4282,10007.66,0.08,3.71,-3.63,1.97,0.648,5,0.6,0.15,-0.0331,0.2773,False,False,0.805,0.2177,1.6548
19,NFLX,low,0.1289,9996.67,-0.03,-3.78,3.75,-0.587,-0.456,11,0.545,0.28,-0.0419,0.2773,False,False,0.805,0.2177,1.6548
19,NVDA,low,-1.6328,9997.4,-0.03,8.99,-9.02,-0.527,-0.209,5,0.6,0.31,0.0056,0.2773,False,False,0.805,0.2177,1.6548
19,PYPL,low,-2.1465,9976.62,-0.23,-6.44,6.2,-5.634,-2.014,5,0.2,0.29,-0.0261,0.2773,False,False,0.805,0.2177,1.6548
19,QQQ,low,-0.6193,9989.65,-0.1,-0.65,0.55,-8.197,-3.079,5,0.2,0.13,-0.0211,0.2773,False,False,0.805,0.2177,1.6548
19,SPY,low,-0.5354,9978.6,-0.21,-2.59,2.37,-3.602,-1.63,8,0.5,0.44,-0.0483,0.2773,False,False,0.805,0.2177,1.6548
19,UNG,low,3.6609,9892.23,-1.08,-22.22,21.14,-5.012,-1.007,5,0.4,1.24,0.0405,0.2773,False,False,0.805,0.2177,1.6548
19,USO,low,-0.8119,9955.77,-0.44,2.55,-2.99,-1.877,-1.433,39,0.513,1.78,-0.0152,0.2773,False,False,0.805,0.2177,1.6548
19,XBI,low,-1.0247,9976.94,-0.23,0.61,-0.84,-3.494,-1.48,8,0.5,0.4,-0.0408,0.2773,False,False,0.805,0.2177,1.6548
19,XLE,low,-0.1904,9966.24,-0.34,3.95,-4.29,-5.238,-1.17,5,0.4,0.34,-0.0364,0.2773,False,False,0.805,0.2177,1.6548
20,AAPL,low,-1.5553,9988.74,-0.11,5.6,-5.72,-3.55,-1.33,5,0.2,0.18,-0.0385,0.2768,False,False,0.4734,0.0709,1.2721
20,ARKK,low,0.3809,9982.82,-0.17,-2.96,2.79,-1.653,-1.08,18,0.5,0.64,-0.0407,0.2768,False,False,0.4734,0.0709,1.2721
20,GLD,low,1.1786,9991.95,-0.08,-6.8,6.72,-3.248,-0.896,5,0.4,0.15,-0.0506,0.2768,False,False,0.4734,0.0709,1.2721
20,IWM,low,2.089,10106.16,1.06,5.7,-4.64,8.409,9.961,40,0.6,0.4,-0.027,0.2768,False,False,0.4734,0.0709,1.2721
20,KRE,low,-2.3133,9973.8,-0.26,5.12,-5.38,-2.143,-1.816,21,0.476,0.74,-0.0341,0.2768,False,False,0.4734,0.0709,1.2721
20,NFLX,low,-1.2524,10023.04,0.23,-3.26,3.49,2.051,2.316,39,0.436,0.66,-0.0277,0.2768,False,False,0.4734,0.0709,1.2721
20,NVDA,low,1.6389,9983.79,-0.16,10.84,-11.0,-1.867,-0.662,5,0.6,0.47,0.0556,0.2768,False,False,0.4734,0.0709,1.2721
20,PYPL,low,-0.8978,9992.41,-0.08,-1.74,1.67,-2.452,-1.194,5,0.2,0.13,-0.0344,0.2768,False,False,0.4734,0.0709,1.2721
20,QQQ,low,-0.3103,9984.53,-0.15,-3.43,3.27,-5.284,-1.273,5,0.2,0.17,-0.0485,0.2768,False,False,0.4734,0.0709,1.2721
20,SPY,low,-0.2691,9991.24,-0.09,1.5,-1.59,-6.086,-1.748,5,0.0,0.12,-0.0329,0.2768,False,False,0.4734,0.0709,1.2721
20,UNG,low,3.3604,9925.19,-0.75,-20.12,19.38,-4.202,-0.872,6,0.5,0.89,-0.034,0.2768,False,False,0.4734,0.0709,1.2721
20,USO,low,-0.994,9949.84,-0.5,-0.41,-0.09,-2.26,-0.899,16,0.375,1.45,-0.0146,0.2768,False,False,0.4734,0.0709,1.2721
20,XBI,low,-1.497,9980.32,-0.2,-3.9,3.7,-8.368,-3.518,5,0.2,0.27,-0.0371,0.2768,False,False,0.4734,0.0709,1.2721
20,XLE,low,-0.0588,9991.99,-0.08,-2.87,2.79,-2.285,-0.816,6,0.5,0.27,-0.0531,0.2768,False,False,0.4734,0.0709,1.2721
21,AAPL,low,3.3708,9936.01,-0.64,-20.67,20.03,-1.338,-0.536,10,0.6,2.19,-0.0421,0.2762,False,False,0.8091,0.0636,1.9525
21,ARKK,low,7.0336,10294.43,2.94,-24.33,27.28,7.246,8.677,42,0.548,1.55,-0.0261,0.2762,False,False,0.8091,0.0636,1.9525
21,GLD,low,-0.8868,10003.5,0.03,2.6,-2.56,0.608,0.642,39,0.462,0.26,-0.0363,0.2762,False,False,0.8091,0.0636,1.9525
21,IWM,low,-1.4604,10000.41,0.0,6.38,-6.38,0.131,0.044,6,0.333,0.12,-0.0537,0.2762,False,False,0.8091,0.0636,1.9525
21,KRE,low,-0.9147,9977.01,-0.23,1.72,-1.95,-7.957,-2.731,5,0.2,0.25,-0.0323,0.2762,False,False,0.8091,0.0636,1.9525
21,NFLX,low,-1.6646,9967.83,-0.32,-9.26,8.94,-1.365,-0.575,16,0.562,1.03,-0.021,0.2762,False,False,0.8091,0.0636,1.9525
21,NVDA,low,1.4257,10056.5,0.57,-4.81,5.37,1.512,1.51,43,0.465,2.16,-0.0167,0.2762,False,False,0.8091,0.0636,1.9525
21,PYPL,low,-1.1958,9943.22,-0.57,1.51,-2.08,-6.499,-1.497,5,0.4,0.57,-0.0341,0.2762,False,False,0.8091,0.0636,1.9525
21,QQQ,low,-0.8991,10002.25,0.02,-3.94,3.96,0.927,0.442,5,0.6,0.08,0.0372,0.2762,False,False,0.8091,0.0636,1.9525
21,SPY,low,-1.236,9996.82,-0.03,3.58,-3.61,-1.476,-0.642,8,0.5,0.1,-0.0535,0.2762,False,False,0.8091,0.0636,1.9525
21,UNG,low,-3.1252,9996.89,-0.03,-12.12,12.09,-0.323,-0.182,6,0.333,0.63,-0.0151,0.2762,False,False,0.8091,0.0636,1.9525
21,USO,low,-0.6763,9999.44,-0.01,-1.38,1.37,-0.111,-0.037,6,0.5,0.3,-0.0312,0.2762,False,False,0.8091,0.0636,1.9525
21,XBI,low,0.3201,9969.85,-0.3,-6.79,6.49,-4.683,-1.307,6,0.5,0.5,-0.0542,0.2762,False,False,0.8091,0.0636,1.9525
21,XLE,low,0.5061,9985.88,-0.14,-5.55,5.41,-1.552,-0.444,7,0.286,0.53,-0.0444,0.2762,False,False,0.8091,0.0636,1.9525
22,AAPL,low,-1.7609,9992.13,-0.08,7.16,-7.23,-2.439,-0.825,5,0.6,0.13,-0.0207,0.2756,False,False,1.1838,0.721,4.871
22,ARKK,low,-3.2501,9953.83,-0.46,-10.45,9.99,-1.94,-1.288,17,0.529,1.55,-0.0245,0.2756,False,False,1.1838,0.721,4.871
22,GLD,low,0.097,9980.21,-0.2,6.36,-6.56,-5.855,-1.524,7,0.429,0.25,-0.0398,0.2756,False,False,1.1838,0.721,4.871
22,IWM,low,-1.1202,9995.41,-0.05,-4.04,4.0,-2.395,-1.064,7,0.571,0.12,-0.0461,0.2756,False,False,1.1838,0.721,4.871
22,KRE,low,-1.4702,10056.78,0.57,2.16,-1.59,3.077,3.578,41,0.512,0.93,-0.0343,0.2756,False,False,1.1838,0.721,4.871
22,NFLX,low,1.7814,9963.41,-0.37,13.85,-14.22,-2.224,-1.289,25,0.44,1.37,-0.0237,0.2756,False,False,1.1838,0.721,4.871
22,NVDA,low,2.002,9981.3,-0.19,15.72,-15.9,-5.293,-1.846,5,0.4,0.28,0.0456,0.2756,False,False,1.1838,0.721,4.871
22,PYPL,low,-0.9233,9950.71,-0.49,-0.53,0.03,-7.462,-2.39,5,0.2,0.51,0.0202,0.2756,False,False,1.1838,0.721,4.871
22,QQQ,low,-1.0159,9980.26,-0.2,-0.12,-0.07,-8.024,-2.854,5,0.2,0.21,-0.0422,0.2756,False,False,1.1838,0.721,4.871
22,SPY,low,-0.3697,9985.43,-0.15,4.65,-4.8,-10.825,-4.968,5,0.2,0.15,-0.0475,0.2756,False,False,1.1838,0.721,4.871
22,UNG,low,-0.9518,9952.75,-0.47,0.86,-1.34,-4.126,-1.624,9,0.667,0.89,-0.0408,0.2756,False,False,1.1838,0.721,4.871
22,USO,low,-1.3638,9964.43,-0.36,-4.46,4.11,-5.41,-1.785,7,0.429,0.56,-0.0276,0.2756,False,False,1.1838,0.721,4.871
22,XBI,low,-1.1417,9975.12,-0.25,3.16,-3.41,-3.91,-1.09,5,0.6,0.45,0.026,0.2756,False,False,1.1838,0.721,4.871
22,XLE,low,-1.5401,9987.43,-0.13,-3.97,3.84,-6.209,-2.656,5,0.2,0.14,-0.0452,0.2756,False,False,1.1838,0.721,4.871
23,AAPL,low,-2.1123,9975.28,-0.25,6.81,-7.06,-5.055,-1.655,5,0.2,0.33,0.006,0.2751,False,False,0.75,0.0999,2.0364
23,ARKK,low,2.4489,9966.72,-0.33,-16.98,16.65,-5.638,-2.145,5,0.0,0.36,-0.0025,0.2751,False,False,0.75,0.0999,2.0364
23,GLD,low,-1.5122,9974.12,-0.26,-2.16,1.9,-8.746,-2.804,7,0.714,0.27,-0.0394,0.2751,False,False,0.75,0.0999,2.0364
23,IWM,low,1.317,10053.88,0.54,8.02,-7.48,3.431,3.864,40,0.5,0.73,-0.0255,0.2751,False,False,0.75,0.0999,2.0364
23,KRE,low,-2.0203,9982.02,-0.18,-7.57,7.39,-3.227,-0.755,5,0.4,0.33,-0.0423,0.2751,False,False,0.75,0.0999,2.0364
23,NFLX,low,0.4533,9990.62,-0.09,2.68,-2.78,-2.093,-0.718,5,0.4,0.17,-0.0389,0.2751,False,False,0.75,0.0999,2.0364
23,NVDA,low,-1.0967,9953.05,-0.47,2.91,-3.37,-2.821,-1.598,15,0.467,1.52,-0.0298,0.2751,False,False,0.75,0.0999,2.0364
23,PYPL,low,8.9885,10411.53,4.12,-33.79,37.9,5.832,14.997,41,0.463,1.79,-0.0311,0.2751,False,False,0.75,0.0999,2.0364
23,QQQ,low,-1.0181,10038.61,0.39,-5.85,6.23,5.044,6.27,40,0.525,0.31,-0.0341,0.2751,False,False,0.75,0.0999,2.0364
23,SPY,low,-1.4363,9998.06,-0.02,2.38,-2.4,-0.295,-0.333,25,0.56,0.3,-0.0395,0.2751,False,False,0.75,0.0999,2.0364
23,UNG,low,1.4742,10036.16,0.36,-12.19,12.55,0.773,0.841,41,0.537,1.74,-0.0159,0.2751,False,False,0.75,0.0999,2.0364
23,USO,low,-0.9944,9946.37,-0.54,0.89,-1.43,-6.578,-1.502,5,0.2,0.7,0.0292,0.2751,False,False,0.75,0.0999,2.0364
23,XBI,low,-2.3042,9971.82,-0.28,-4.0,3.71,-5.758,-2.091,7,0.714,0.45,-0.0402,0.2751,False,False,0.75,0.0999,2.0364
23,XLE,low,1.0857,9983.88,-0.16,-8.57,8.41,-2.792,-1.431,10,0.5,0.28,-0.0394,0.2751,False,False,0.75,0.0999,2.0364
24,AAPL,low,1.6028,10004.88,0.05,13.84,-13.79,0.33,0.358,41,0.439,0.57,-0.0277,0.2745,False,False,0.6568,0.1407,1.3375
24,ARKK,low,0.406,9997.14,-0.03,4.34,-4.36,-0.727,-0.294,5,0.4,0.3,-0.0353,0.2745,False,False,0.6568,0.1407,1.3375
24,GLD,low,-1.1794,9998.76,-0.01,-3.03,3.02,-1.174,-0.58,8,0.375,0.05,-0.0379,0.2745,False,False,0.6568,0.1407,1.3375
24,IWM,low,-0.8802,9993.75,-0.06,-1.31,1.25,-1.933,-1.473,5,0.2,0.15,-0.0417,0.2745,False,False,0.6568,0.1407,1.3375
24,KRE,low,1.4053,9991.7,-0.08,9.68,-9.76,-3.073,-0.878,5,0.6,0.12,-0.038,0.2745,False,False,0.6568,0.1407,1.3375
24,NFLX,low,-0.4572,9994.73,-0.05,-1.01,0.96,-0.762,-0.49,5,0.4,0.29,-0.0311,0.2745,False,False,0.6568,0.1407,1.3375
24,NVDA,low,-1.3798,9995.81,-0.04,0.06,-0.1,-0.135,-0.11,41,0.512,1.35,-0.0239,0.2745,False,False,0.6568,0.1407,1.3375
24,PYPL,low,-2.4341,10004.33,0.04,1.97,-1.93,0.254,0.247,42,0.524,0.79,-0.0264,0.2745,False,False,0.6568,0.1407,1.3375
24,QQQ,low,-1.7631,9995.21,-0.05,3.53,-3.58,-5.441,-3.14,5,0.2,0.07,-0.0322,0.2745,False,False,0.6568,0.1407,1.3375
24,SPY,low,0.5607,10005.85,0.06,3.45,-3.4,2.124,1.279,5,0.4,0.08,-0.0422,0.2745,False,False,0.6568,0.1407,1.3375
24,UNG,low,-0.0627,9956.72,-0.43,12.27,-12.71,-1.326,-1.389,38,0.395,1.77,-0.0157,0.2745,False,False,0.6568,0.1407,1.3375
24,USO,low,-1.3075,9953.87,-0.46,-3.81,3.35,-2.99,-0.702,6,0.667,0.78,-0.0267,0.2745,False,False,0.6568,0.1407,1.3375
24,XBI,low,-1.3629,9966.14,-0.34,1.5,-1.84,-6.701,-1.843,5,0.2,0.42,-0.0483,0.2745,False,False,0.6568,0.1407,1.3375
24,XLE,low,0.8622,9989.71,-0.1,4.4,-4.51,-1.454,-0.285,5,0.6,0.38,0.0332,0.2745,False,False,0.6568,0.1407,1.3375
25,AAPL,low,-0.6684,9991.3,-0.09,-0.27,0.19,-3.06,-1.371,5,0.6,0.15,-0.035,0.274,False,False,0.7814,0.1529,4.1472
25,ARKK,low,-1.6162,9991.36,-0.09,5.78,-5.87,-0.567,-0.624,33,0.515,0.87,-0.0307,0.274,False,False,0.7814,0.1529,4.1472
25,GLD,low,0.3661,9995.09,-0.05,2.97,-3.02,-4.842,-1.582,5,0.4,0.08,-0.0395,0.274,False,False,0.7814,0.1529,4.1472
25,IWM,low,-0.7686,10000.52,0.01,-5.56,5.56,0.094,0.031,5,0.6,0.49,0.0512,0.274,False,False,0.7814,0.1529,4.1472
25,KRE,low,-0.6495,10125.35,1.25,4.23,-2.98,5.19,6.876,41,0.512,0.83,-0.0227,0.274,False,False,0.7814,0.1529,4.1472
25,NFLX,low,-0.0327,9991.58,-0.08,-0.35,0.26,-1.459,-0.588,10,0.6,0.28,-0.0417,0.274,False,False,0.7814,0.1529,4.1472
25,NVDA,low,1.2011,10000.7,0.01,10.24,-10.24,0.088,0.06,6,0.333,0.63,-0.0312,0.274,False,False,0.7814,0.1529,4.1472
25,PYPL,low,-0.8303,9979.8,-0.2,0.59,-0.79,-2.65,-1.648,13,0.462,0.39,-0.0383,0.274,False,False,0.7814,0.1529,4.1472
25,QQQ,low,1.2778,9993.3,-0.07,7.7,-7.77,-1.472,-0.457,5,0.4,0.19,-0.0237,0.274,False,False,0.7814,0.1529,4.1472
25,SPY,low,-1.2646,9986.99,-0.13,-0.45,0.32,-2.484,-1.159,13,0.462,0.3,-0.0497,0.274,False,False,0.7814,0.1529,4.1472
25,UNG,low,-0.2314,9980.09,-0.2,5.28,-5.48,-0.551,-0.219,15,0.667,2.06,-0.0348,0.274,False,False,0.7814,0.1529,4.1472
25,USO,low,0.0895,9977.21,-0.23,-4.36,4.13,-2.819,-0.973,7,0.429,0.57,-0.0425,0.274,False,False,0.7814,0.1529,4.1472
25,XBI,low,-0.4744,10102.08,1.02,5.41,-4.39,4.84,5.63,41,0.512,0.82,-0.0303,0.274,False,False,0.7814,0.1529,4.1472
25,XLE,low,-0.7396,9975.87,-0.24,5.82,-6.06,-3.414,-0.726,5,0.6,0.34,0.0075,0.274,False,False,0.7814,0.1529,4.1472
